logged_at,note,symbols_checked,signals_found,status
2026-08-28 15:10:50.499016+00:00,"Scheduled scan 2026-08-28: XAUUSD + XAGUSD scannet, 0 nye signaler. Ordre-eksekvering sprunget over -- MT5-konto identificeret som REAL, ikke DEMO (get_account_info returnerede account_type=real).","XAUUSD, XAGUSD",0,ok
2026-08-28 17:32:29.646070+00:00,Scan XAUUSD+XAGUSD M15: ingen nye signaler.,"XAUUSD,XAGUSD",0,ok
2026-08-28 17:39:14.026833+00:00,"Scan af XAUUSD og XAGUSD (M15, 1000 candles) -- ingen nye signaler fundet.","XAUUSD, XAGUSD",0,ok
2026-08-28 19:19:57.974464+00:00,"Scheduled scan: hentede 5000 M15 candles for XAUUSD og XAGUSD, ingen nye signaler fundet.","XAUUSD,XAGUSD",0,ok
2026-08-28 19:27:01.879774+00:00,"Scan: 11 nye Powell_KeyOpen signaler fundet (XAUUSD x6, XAGUSD x5), ingen eksekveret - lot size 0 (under broker-minimum ved 0.06% risk).","XAUUSD,XAGUSD",11,ok
2026-08-28 19:36:10.442858+00:00,"Scheduled scan (hent-priser): XAUUSD + XAGUSD M15, 5000 candles. Ingen nye signaler.","XAUUSD, XAGUSD",0,ok
2026-08-28 19:57:26.649408+00:00,"Scan 2026-08-28 (5000 M15 candles): XAUUSD + XAGUSD, 0 nye signaler. Ingen ordrer placeret. get_account_info() returnerede account_type=real (som ved forrige scan) -- bruger har bekraeftet at konto 40000231321 er en FundingPips demo/evalueringskonto, men MT5-vaerktoejet eksponerer intet login/server-felt til uafhaengig verifikation.","XAUUSD, XAGUSD",0,ok
2026-08-28 20:01:38.595171+00:00,"Scan 2026-08-28 (kveld): XAUUSD + XAGUSD M15, 5000 candles hentet. Ingen nye signaler. Konto-status logget (balance=\,000, 0 aabne positioner).","XAUUSD, XAGUSD",0,ok
2026-08-28 20:16:58.330064+00:00,"Scan 2026-08-28 (nat/tidlig morgen): XAUUSD+XAGUSD M15, 0 nye signaler, konto-status logget","XAUUSD,XAGUSD",0,ok
2026-08-28 20:27:55.203242+00:00,"Scan 2026-08-28 (aften/sen): XAUUSD+XAGUSD M15, 5000 candles, 0 nye signaler, konto-status logget","XAUUSD, XAGUSD",0,ok
2026-08-28 20:31:24.070212+00:00,"Scan 2026-08-28: XAUUSD+XAGUSD M15 5000 candles, 0 nye signaler, konto-status logget","XAUUSD,XAGUSD",0,ok
2026-08-28 20:46:11.566592+00:00,"Scan: XAUUSD+XAGUSD M15 5000 candles, 0 nye signaler, konto-status logget","XAUUSD,XAGUSD",0,ok
2026-08-28 21:01:58.494093+00:00,"Scan 2026-08-28 (sen aften 3): XAUUSD+XAGUSD M15 5000 candles, 0 nye signaler, konto-status logget","XAUUSD,XAGUSD",0,ok
2026-08-28 21:16:25.039262+00:00,"Scan 2026-08-28 (sen aften 4): XAUUSD+XAGUSD M15 5000 candles, 0 nye signaler, konto-status logget","XAUUSD,XAGUSD",0,ok
2026-08-28 21:46:23.960098+00:00,"Scan: XAUUSD+XAGUSD M15 5000 candles, 0 nye signaler, konto-status logget","XAUUSD, XAGUSD",0,ok
2026-08-28 22:01:27.369331+00:00,"Scan 2026-08-29: XAUUSD+XAGUSD M15 5000 candles, 0 nye signaler, konto-status logget","XAUUSD, XAGUSD",0,ok
2026-08-28 22:16:27.110605+00:00,"Scan 2026-08-29: XAUUSD+XAGUSD M15 5000 candles, 0 nye signaler, konto-status logget","XAUUSD,XAGUSD",0,ok
2026-08-28 22:31:21.432663+00:00,"Scan XAUUSD+XAGUSD M15 5000 candles: 0 nye signaler. Konto-status logget (balance/equity 25000 USD, 0 aabne positioner).","XAUUSD, XAGUSD",0,ok
2026-08-28 22:46:43.540940+00:00,"Scan koert: XAUUSD+XAGUSD M15 5000 candles, 0 nye signaler. Konto-status logget (balance/equity uaendret 25000).","XAUUSD,XAGUSD",0,ok
2026-08-28 23:01:43.553113+00:00,"Scan 2026-08-29: XAUUSD+XAGUSD M15 5000 candles, 0 nye signaler, konto-status logget (balance/equity 25000, 0 aabne positioner).","XAUUSD,XAGUSD",0,ok
2026-08-28 23:16:26.862057+00:00,"Scan 2026-08-29: XAUUSD+XAGUSD M15 5000 candles, 0 nye signaler, konto-status logget","XAUUSD, XAGUSD",0,ok
2026-08-28 23:31:42.877002+00:00,"Scan XAUUSD+XAGUSD M15 5000 candles: 0 nye signaler, konto-status logget","XAUUSD,XAGUSD",0,ok
2026-08-28 23:46:25.809208+00:00,"Scan 2026-08-29: XAUUSD+XAGUSD M15 5000 candles, 0 nye signaler, konto-status logget","XAUUSD, XAGUSD",0,ok
2026-08-29 00:01:29.518626+00:00,"Scan: XAUUSD+XAGUSD M15 5000 candles, 0 nye signaler, konto-status logget","XAUUSD,XAGUSD",0,ok
2026-08-29 00:16:22.722046+00:00,"Scan 2026-08-29: XAUUSD+XAGUSD M15 5000 candles, 0 nye signaler, konto-status logget","XAUUSD, XAGUSD",0,ok
2026-08-29 00:31:37.138216+00:00,"Scan 2026-08-29: XAUUSD+XAGUSD M15 5000 candles, 0 nye signaler, konto-status logget (balance/equity uaendret 25000)","XAUUSD, XAGUSD",0,ok
2026-08-29 00:46:27.392631+00:00,"Scan: XAUUSD + XAGUSD M15, 5000 candles. Ingen nye signaler. Konto-status logget.","XAUUSD, XAGUSD",0,ok
2026-08-29 01:31:27.890183+00:00,"Scan 2026-08-29: XAUUSD+XAGUSD M15 5000 candles, 0 nye signaler, konto-status logget","XAUUSD,XAGUSD",0,ok
2026-08-31 18:26:24.631284+00:00,Scan 2026-08-31: XAUUSD+XAGUSD M15 5000 candles. 3 nye Powell_KeyOpen signaler fundet men IKKE eksekveret (Powell midlertidigt deaktiveret pga. lot-size problem). 0 signaler fra CRT_TBS/Trend_OB/ORB. Konto-status logget.,"XAUUSD, XAGUSD",3,ok
2026-08-31 18:31:58.626848+00:00,"Scan 2026-08-31: XAUUSD+XAGUSD M15 5000 candles, 0 nye signaler (inkl. Powell), konto-status opdateret","XAUUSD,XAGUSD",0,ok
2026-08-31 18:49:29.146111+00:00,"Scan XAUUSD+XAGUSD M15 5000 candles. 0 nye signaler (CRT_TBS/Trend_OB/ORB). Powell_KeyOpen sprunget over: strat7_powell_capped.py mangler paa disk (kun strat7_powell.py findes, og dets indhold er selv-importerende capped-wrapper -- base-modulet er tabt). live_scan.py patchet til at faile graceful i stedet for at crashe hele scannet.","XAUUSD,XAGUSD",0,ok
2026-08-31 19:02:27.574829+00:00,"Scan 2026-08-31 (sen): XAUUSD+XAGUSD M15 5000 candles. 0 nye signaler (CRT_TBS, Trend_OB, ORB). Powell_KeyOpen sprunget over -- strat7_powell_capped.py modul mangler stadig paa disk (samme gab som tidligere scans), saa ingen Powell-signaler kunne evalueres. Ingen ordrer eksekveret. Konto-status opdateret: balance/equity $25,000, 0 aabne positioner.","XAUUSD, XAGUSD",0,ok
2026-08-31 19:18:07.573922+00:00,"Scan 2026-08-31: XAUUSD+XAGUSD M15 5000 candles, 0 nye signaler. Powell_KeyOpen sprunget over -- strat7_powell_capped.py mangler stadig paa disk (strat7_powell.py indeholder ved en fejl capped-variantens kode og importerer sig selv).","XAUUSD, XAGUSD",0,ok
2026-08-31 19:32:19.336840+00:00,"Scan 2026-08-31 (nat): XAUUSD+XAGUSD M15 5000 candles, 0 nye signaler. Powell_KeyOpen sprunget over -- strat7_powell_capped.py mangler stadig paa disk.","XAUUSD,XAGUSD",0,ok
2026-08-31 19:47:14.233529+00:00,"Scan 2026-08-31 (nat 2): XAUUSD+XAGUSD M15 5000 candles, 0 nye signaler, Powell_KeyOpen sprunget over (strat7_powell_capped.py mangler stadig), konto-status opdateret","XAUUSD,XAGUSD",0,ok
2026-08-31 19:53:16.786962+00:00,"Scan: XAUUSD+XAGUSD M15 5000 candles, alle 4 strategier aktive (Powell_KeyOpen med strat7_powell_capped). 1 nyt signal fundet (XAUUSD Powell_KeyOpen short) og eksekveret paa demo-konto.","XAUUSD, XAGUSD",1,ok
2026-08-31 20:01:56.853929+00:00,"Scan 2026-08-31 (nat 4): XAUUSD+XAGUSD M15 5000 candles, alle 4 strategier aktive (Powell_KeyOpen via strat7_powell_capped), 0 nye signaler.","XAUUSD, XAGUSD",0,ok
2026-08-31 20:16:59.300579+00:00,"Scan 2026-08-31 (nat 5): XAUUSD+XAGUSD M15 5000 candles, alle 4 strategier aktive (Powell_KeyOpen via strat7_powell_capped), 0 nye signaler, konto-status opdateret.","XAUUSD,XAGUSD",0,ok
2026-08-31 20:31:29.638303+00:00,"Scan 2026-08-31 (nat 6): XAUUSD+XAGUSD M15 5000 candles, alle 4 strategier aktive (Powell_KeyOpen via strat7_powell_capped), 0 nye signaler, konto-status opdateret","XAUUSD, XAGUSD",0,ok
2026-08-31 20:46:47.255081+00:00,"Scan 2026-08-31 (nat 7): XAUUSD+XAGUSD M15 5000 candles, alle 4 strategier aktive (Powell_KeyOpen via strat7_powell_capped), 0 nye signaler, konto-status opdateret.","XAUUSD,XAGUSD",0,ok
2026-08-31 21:01:26.007470+00:00,"Scan 2026-08-31 (nat 8): XAUUSD+XAGUSD M15 5000 candles, alle 4 strategier aktive (CRT_TBS, Trend_OB, ORB, Powell_KeyOpen via strat7_powell_capped), 0 nye signaler, konto-status opdateret.","XAUUSD, XAGUSD",0,ok
2026-08-31 21:16:14.951079+00:00,"Scan (nat 9): XAUUSD+XAGUSD M15 5000 candles, alle 4 strategier aktive (Powell_KeyOpen via strat7_powell_capped), 0 nye signaler.","XAUUSD, XAGUSD",0,ok
2026-08-31 21:31:21.997907+00:00,"Scan 2026-08-31 (nat 10): XAUUSD+XAGUSD M15 5000 candles, alle 4 strategier aktive (CRT_TBS, Trend_OB, ORB, Powell_KeyOpen via strat7_powell_capped), 0 nye signaler, konto-status opdateret.","XAUUSD, XAGUSD",0,ok
2026-08-31 21:46:29.017890+00:00,"Scan: XAUUSD+XAGUSD M15 5000 candles, alle 4 strategier aktive (Powell_KeyOpen via strat7_powell_capped), 0 nye signaler.","XAUUSD,XAGUSD",0,ok
2026-08-31 22:01:41.571339+00:00,"Scan 2026-08-31 (nat 12): XAUUSD+XAGUSD M15 5000 candles, alle 4 strategier aktive (Powell_KeyOpen via strat7_powell_capped), 0 nye signaler, konto-status opdateret","XAUUSD, XAGUSD",0,ok
2026-08-31 22:16:22.858617+00:00,"Scan 2026-08-31 (nat 13): XAUUSD+XAGUSD M15 5000 candles, alle 4 strategier aktive (Powell_KeyOpen via strat7_powell_capped), 0 nye signaler, konto-status opdateret","XAUUSD, XAGUSD",0,ok
2026-08-31 22:31:28.844358+00:00,"Scan (nat 14): XAUUSD+XAGUSD M15 5000 candles, alle 4 strategier aktive (Powell_KeyOpen via strat7_powell_capped), 0 nye signaler.","XAUUSD, XAGUSD",0,ok
2026-08-31 22:46:38.672054+00:00,"Scan 2026-09-01 (nat 15): XAUUSD+XAGUSD M15 5000 candles, alle 4 strategier aktive (Powell_KeyOpen via strat7_powell_capped), 0 nye signaler.","XAUUSD, XAGUSD",0,ok
2026-08-31 23:01:23.043424+00:00,"Scan (nat 16): XAUUSD+XAGUSD M15 5000 candles, alle 4 strategier aktive (Powell_KeyOpen via strat7_powell_capped), 0 nye signaler.","XAUUSD,XAGUSD",0,ok
2026-08-31 23:16:25.181993+00:00,"Scan 2026-09-01 (nat 17): XAUUSD+XAGUSD M15 5000 candles, alle 4 strategier aktive (Powell_KeyOpen via strat7_powell_capped), 0 nye signaler, konto-status opdateret","XAUUSD, XAGUSD",0,ok
2026-08-31 23:31:10.445829+00:00,"Scan (nat 18): XAUUSD+XAGUSD M15 5000 candles, alle 4 strategier aktive (Powell_KeyOpen via strat7_powell_capped), 0 nye signaler.","XAUUSD,XAGUSD",0,ok
2026-08-31 23:46:45.107816+00:00,"Scan 2026-09-01: XAUUSD+XAGUSD M15 5000 candles, alle 4 strategier aktive (Powell_KeyOpen via strat7_powell_capped), 0 nye signaler.","XAUUSD, XAGUSD",0,ok
2026-09-01 00:01:25.787331+00:00,"Scan 2026-09-01 (nat 20): XAUUSD+XAGUSD M15 5000 candles, alle 4 strategier aktive (CRT_TBS, Trend_OB, ORB, Powell_KeyOpen via strat7_powell_capped), 0 nye signaler, konto-status opdateret.","XAUUSD, XAGUSD",0,ok
2026-09-01 00:16:53.242411+00:00,"Scan 2026-09-01 (nat 21): XAUUSD+XAGUSD M15 5000 candles, alle 4 strategier aktive (Powell_KeyOpen via strat7_powell_capped), 0 nye signaler, konto-status opdateret","XAUUSD, XAGUSD",0,ok
2026-09-01 00:31:22.015789+00:00,"Scan 2026-09-01 (nat 22): XAUUSD+XAGUSD M15 5000 candles, alle 4 strategier aktive (Powell_KeyOpen via strat7_powell_capped), 0 nye signaler, konto-status opdateret","XAUUSD, XAGUSD",0,ok
2026-09-01 00:46:07.399193+00:00,"Scan (nat 23): XAUUSD+XAGUSD M15 5000 candles, alle 4 strategier aktive (Powell_KeyOpen via strat7_powell_capped), 0 nye signaler, konto-status opdateret","XAUUSD, XAGUSD",0,ok
2026-09-01 01:01:37.656764+00:00,"Scan: XAUUSD+XAGUSD M15 5000 candles, alle 4 strategier aktive (Powell_KeyOpen via strat7_powell_capped), 0 nye signaler.","XAUUSD,XAGUSD",0,ok
2026-09-01 01:16:15.153661+00:00,"Scan 2026-09-01 (nat 25): XAUUSD+XAGUSD M15 5000 candles, alle 4 strategier aktive (Powell_KeyOpen via strat7_powell_capped), 0 nye signaler.","XAUUSD, XAGUSD",0,ok
2026-09-01 01:31:04.655414+00:00,"Scan 2026-09-01 (nat 26): XAUUSD+XAGUSD M15 5000 candles, alle 4 strategier aktive (Powell_KeyOpen via strat7_powell_capped), 0 nye signaler, konto-status opdateret","XAUUSD,XAGUSD",0,ok
2026-09-01 01:47:04.783339+00:00,"Scan 2026-09-01 (nat 27): XAUUSD+XAGUSD M15 5000 candles, alle 4 strategier aktive (Powell_KeyOpen via strat7_powell_capped). 1 nyt signal (XAUUSD CRT_TBS long), ordreplacering fejlede - AutoTrading disabled by server.","XAUUSD,XAGUSD",1,ok
2026-09-01 02:01:16.127023+00:00,"Scan 2026-09-01 (nat 28): XAUUSD+XAGUSD M15 5000 candles, alle 4 strategier aktive (CRT_TBS, Trend_OB, ORB, Powell_KeyOpen via strat7_powell_capped), 0 nye signaler, konto-status opdateret.","XAUUSD, XAGUSD",0,ok
2026-09-01 02:17:50.093672+00:00,"Scan 2026-09-01 (nat 29): XAUUSD+XAGUSD M15 5000 candles, alle 4 strategier aktive (CRT_TBS, Trend_OB, ORB, Powell_KeyOpen via strat7_powell_capped), 0 nye signaler, konto-status opdateret.","XAUUSD, XAGUSD",0,ok
2026-09-01 02:31:27.038604+00:00,"Scan 2026-09-01: XAUUSD+XAGUSD M15 5000 candles, alle 4 strategier aktive (Powell_KeyOpen via strat7_powell_capped), 0 nye signaler, konto-status opdateret.","XAUUSD,XAGUSD",0,ok
2026-09-01 02:46:19.803518+00:00,"Scan 2026-09-01: XAUUSD+XAGUSD M15 5000 candles, alle 4 strategier aktive (Powell_KeyOpen via strat7_powell_capped), 0 nye signaler, konto-status opdateret","XAUUSD,XAGUSD",0,ok
2026-09-01 03:01:24.564859+00:00,"Scan 2026-09-01: XAUUSD+XAGUSD M15 5000 candles, alle 4 strategier aktive (Powell_KeyOpen via strat7_powell_capped), 0 nye signaler.","XAUUSD, XAGUSD",0,ok
2026-09-01 03:16:15.807490+00:00,"Scan 2026-09-01: XAUUSD+XAGUSD M15 5000 candles, alle 4 strategier aktive (Powell_KeyOpen via strat7_powell_capped). 0 nye signaler.","XAUUSD,XAGUSD",0,ok
2026-09-01 03:31:18.256436+00:00,"Scan 2026-09-01: XAUUSD+XAGUSD M15 5000 candles, alle 4 strategier aktive (Powell_KeyOpen via strat7_powell_capped), 0 nye signaler, konto-status opdateret.","XAUUSD,XAGUSD",0,ok
2026-09-01 03:46:16.132611+00:00,"Scan 2026-09-01: XAUUSD+XAGUSD M15 5000 candles, alle 4 strategier aktive (Powell_KeyOpen via strat7_powell_capped), 0 nye signaler, konto-status opdateret","XAUUSD, XAGUSD",0,ok
2026-09-01 04:01:13.923408+00:00,"Scan 2026-09-01: XAUUSD+XAGUSD M15 5000 candles, alle 4 strategier aktive (Powell_KeyOpen via strat7_powell_capped), 0 nye signaler, konto-status opdateret","XAUUSD, XAGUSD",0,ok
2026-09-01 04:16:04.035116+00:00,"Scan 2026-09-01: XAUUSD+XAGUSD M15 5000 candles, alle 4 strategier aktive (Powell_KeyOpen via strat7_powell_capped), 0 nye signaler, konto-status opdateret (balance/equity \,993.90, 0 aabne positioner).","XAUUSD, XAGUSD",0,ok
2026-09-01 04:31:12.102219+00:00,"Scan 2026-09-01: XAUUSD+XAGUSD M15 5000 candles, alle 4 strategier aktive (Powell_KeyOpen via strat7_powell_capped), 0 nye signaler.","XAUUSD,XAGUSD",0,ok
2026-09-01 04:46:34.260765+00:00,"Scan 2026-09-01: XAUUSD+XAGUSD M15 5000 candles, alle 4 strategier aktive (CRT_TBS, Trend_OB, ORB, Powell_KeyOpen via strat7_powell_capped), 0 nye signaler, konto-status opdateret.","XAUUSD, XAGUSD",0,ok
2026-09-01 05:02:01.448638+00:00,"Scan 2026-09-01: XAUUSD+XAGUSD M15 5000 candles, alle 4 strategier aktive (Powell_KeyOpen via strat7_powell_capped), 0 nye signaler.","XAUUSD, XAGUSD",0,ok
2026-09-01 05:16:08.618742+00:00,"Scan 2026-09-01: XAUUSD+XAGUSD M15 5000 candles, alle 4 strategier aktive (Powell_KeyOpen via strat7_powell_capped), 0 nye signaler.","XAUUSD, XAGUSD",0,ok
2026-09-01 05:31:16.727662+00:00,"Scan 2026-09-01: XAUUSD+XAGUSD M15 5000 candles, alle 4 strategier aktive (Powell_KeyOpen via strat7_powell_capped), 0 nye signaler, konto-status opdateret","XAUUSD, XAGUSD",0,ok
2026-09-01 05:46:19.248749+00:00,"Scan 2026-09-01: XAUUSD+XAGUSD M15 5000 candles, alle 4 strategier aktive (CRT_TBS, Trend_OB, ORB, Powell_KeyOpen via strat7_powell_capped). 0 nye signaler. Konto-status opdateret.","XAUUSD, XAGUSD",0,ok
2026-09-01 06:01:11.299806+00:00,"Scan 2026-09-01: XAUUSD+XAGUSD M15 5000 candles, alle 4 strategier aktive (Powell_KeyOpen via strat7_powell_capped), 0 nye signaler.","XAUUSD,XAGUSD",0,ok
2026-09-01 06:17:09.360066+00:00,"Scan 2026-09-01: XAUUSD+XAGUSD M15 5000 candles, alle 4 strategier aktive (Powell_KeyOpen via strat7_powell_capped), 0 nye signaler.","XAUUSD, XAGUSD",0,ok
2026-09-01 06:31:12.154800+00:00,"Scan 2026-09-01: XAUUSD+XAGUSD M15 5000 candles, alle 4 strategier aktive (CRT_TBS, Trend_OB, ORB, Powell_KeyOpen via strat7_powell_capped). 0 nye signaler. Konto-status opdateret.","XAUUSD, XAGUSD",0,ok
2026-09-01 06:46:27.896023+00:00,"Scan 2026-09-01: XAUUSD+XAGUSD M15 5000 candles, alle 4 strategier aktive (Powell_KeyOpen via strat7_powell_capped), 0 nye signaler, konto-status opdateret","XAUUSD,XAGUSD",0,ok
2026-09-01 07:01:17.869529+00:00,"Scan 2026-09-01: XAUUSD+XAGUSD M15 5000 candles, alle 4 strategier aktive (Powell_KeyOpen via strat7_powell_capped), 0 nye signaler, konto-status opdateret","XAUUSD, XAGUSD",0,ok
2026-09-01 07:16:43.304900+00:00,"Scan 2026-09-01: XAUUSD+XAGUSD M15 5000 candles, alle 4 strategier aktive (Powell_KeyOpen via strat7_powell_capped), 0 nye signaler, konto-status opdateret","XAUUSD,XAGUSD",0,ok
2026-09-01 07:31:20.996208+00:00,"Scan 2026-09-01: XAUUSD+XAGUSD M15 5000 candles, alle 4 strategier aktive (CRT_TBS, Trend_OB, ORB, Powell_KeyOpen via strat7_powell_capped), 0 nye signaler, konto-status opdateret.","XAUUSD, XAGUSD",0,ok
2026-09-01 07:46:35.948454+00:00,"Scan 2026-09-01: XAUUSD+XAGUSD M15 5000 candles, alle 4 strategier aktive (CRT_TBS, Trend_OB, ORB, Powell_KeyOpen via strat7_powell_capped), 0 nye signaler, konto-status opdateret.","XAUUSD,XAGUSD",0,ok
2026-09-01 08:01:59.076607+00:00,"Scan 2026-09-01: XAUUSD+XAGUSD M15 5000 candles, alle 4 strategier aktive (CRT_TBS, Trend_OB, ORB, Powell_KeyOpen via strat7_powell_capped), 0 nye signaler, konto-status opdateret","XAUUSD,XAGUSD",0,ok
2026-09-01 08:16:31.230460+00:00,"Scan 2026-09-01: XAUUSD+XAGUSD M15 5000 candles, alle 4 strategier aktive (CRT_TBS, Trend_OB, ORB, Powell_KeyOpen via strat7_powell_capped), 0 nye signaler, konto-status opdateret.","XAUUSD,XAGUSD",0,ok
2026-09-01 08:31:37.536700+00:00,"Scan 2026-09-01: XAUUSD+XAGUSD M15 5000 candles, alle 4 strategier aktive (CRT_TBS, Trend_OB, ORB, Powell_KeyOpen via strat7_powell_capped), 0 nye signaler, konto-status opdateret.","XAUUSD, XAGUSD",0,ok
2026-09-01 08:46:21.227273+00:00,"Scan 2026-09-01: XAUUSD+XAGUSD M15 5000 candles, alle 4 strategier aktive (CRT_TBS, Trend_OB, ORB, Powell_KeyOpen via strat7_powell_capped). 1 nyt signal (XAUUSD Powell_KeyOpen short), ordreplacering fejlede - AutoTrading disabled by server (retcode 10026).","XAUUSD,XAGUSD",1,ok
2026-09-01 09:01:19.721215+00:00,"Scan 2026-09-01 (3): XAUUSD+XAGUSD M15 5000 candles, alle 4 strategier aktive (CRT_TBS, Trend_OB, ORB, Powell_KeyOpen via strat7_powell_capped), 0 nye signaler, konto-status opdateret.","XAUUSD, XAGUSD",0,ok
2026-09-01 09:16:27.965188+00:00,"Scan 2026-09-01 (4): XAUUSD+XAGUSD M15 5000 candles, alle 4 strategier aktive (CRT_TBS, Trend_OB, ORB, Powell_KeyOpen via strat7_powell_capped), 0 nye signaler, konto-status opdateret","XAUUSD, XAGUSD",0,ok
2026-09-01 09:31:24.485675+00:00,"Scan 2026-09-01 (5): XAUUSD+XAGUSD M15 5000 candles, alle 4 strategier aktive (CRT_TBS, Trend_OB, ORB, Powell_KeyOpen via strat7_powell_capped), 0 nye signaler, konto-status opdateret","XAUUSD,XAGUSD",0,ok
2026-09-01 09:46:25.568856+00:00,"Scan 2026-09-01 (6): XAUUSD+XAGUSD M15 5000 candles, alle 4 strategier aktive (CRT_TBS, Trend_OB, ORB, Powell_KeyOpen via strat7_powell_capped), 0 nye signaler, konto-status opdateret.","XAUUSD, XAGUSD",0,ok
2026-09-01 10:01:22.564880+00:00,"Scan 2026-09-01 (7): XAUUSD+XAGUSD M15 5000 candles, alle 4 strategier aktive (CRT_TBS, Trend_OB, ORB, Powell_KeyOpen via strat7_powell_capped), 0 nye signaler.","XAUUSD,XAGUSD",0,ok
2026-09-01 10:16:15.825228+00:00,"Scan (8): XAUUSD+XAGUSD M15 5000 candles, alle 4 strategier aktive (CRT_TBS, Trend_OB, ORB, Powell_KeyOpen via strat7_powell_capped). Ingen nye signaler.","XAUUSD, XAGUSD",0,ok
2026-09-01 10:31:46.471969+00:00,"Scan: XAUUSD+XAGUSD M15 5000 candles, alle 4 strategier aktive (CRT_TBS, Trend_OB, ORB, Powell_KeyOpen via strat7_powell_capped), 0 nye signaler.","XAUUSD,XAGUSD",0,ok
2026-09-01 10:46:25.375356+00:00,"Scan 2026-09-01 (10): XAUUSD+XAGUSD M15 5000 candles, alle 4 strategier aktive (CRT_TBS, Trend_OB, ORB, Powell_KeyOpen via strat7_powell_capped), 0 nye signaler, konto-status opdateret.","XAUUSD, XAGUSD",0,ok
2026-09-01 11:01:25.014235+00:00,"Scan (11): XAUUSD+XAGUSD M15 5000 candles, alle 4 strategier aktive (CRT_TBS, Trend_OB, ORB, Powell_KeyOpen via strat7_powell_capped), 0 nye signaler, konto-status opdateret.","XAUUSD,XAGUSD",0,ok
2026-09-01 11:15:39.876899+00:00,"Scan XAUUSD+XAGUSD M15 5000 candles (MetaQuotes-Demo 5055310793), alle 4 strategier aktive (CRT_TBS, Trend_OB, ORB, Powell_KeyOpen via strat7_powell_capped). 1 nyt signal (XAUUSD CRT_TBS long) fundet, ordreplacering FEJLEDE - AutoTrading disabled by client (retcode 10027) i MT5-terminalen.","XAUUSD, XAGUSD",1,ok
2026-09-01 11:25:17.622478+00:00,"Scan (MetaQuotes-Demo 5055310793): XAUUSD+XAGUSD M15 5000 candles, alle 4 strategier aktive (CRT_TBS, Trend_OB, ORB, Powell_KeyOpen via strat7_powell_capped), 0 nye signaler, konto-status opdateret","XAUUSD,XAGUSD",0,ok
2026-09-01 11:31:46.158113+00:00,"Scan 2026-09-01 (14): XAUUSD+XAGUSD M15 5000 candles (MetaQuotes-Demo 5055310793), alle 4 strategier aktive (CRT_TBS, Trend_OB, ORB, Powell_KeyOpen via strat7_powell_capped), 0 nye signaler, konto-status opdateret.","XAUUSD, XAGUSD",0,ok
2026-09-01 11:34:17.609808+00:00,"Scan 2026-09-01 (15): XAUUSD+XAGUSD M15 5000 candles (MetaQuotes-Demo 5055310793), alle 4 strategier aktive (CRT_TBS, Trend_OB, ORB, Powell_KeyOpen via strat7_powell_capped), 0 nye signaler, konto-status opdateret","XAUUSD, XAGUSD",0,ok
2026-09-01 11:46:48.009905+00:00,"Scan 2026-09-01 (16): XAUUSD+XAGUSD M15 5000 candles (MetaQuotes-Demo 5055310793), alle 4 strategier aktive (CRT_TBS, Trend_OB, ORB, Powell_KeyOpen via strat7_powell_capped), 0 nye signaler, konto-status opdateret.","XAUUSD, XAGUSD",0,ok
2026-09-01 12:02:31.403384+00:00,"Scan 2026-09-01: XAUUSD+XAGUSD M15 5000 candles (MetaQuotes-Demo 5055310793), alle 4 strategier aktive (CRT_TBS, Trend_OB, ORB, Powell_KeyOpen via strat7_powell_capped), 0 nye signaler, konto-status opdateret","XAUUSD,XAGUSD",0,ok
2026-09-01 12:16:38.994734+00:00,"Scan 2026-09-01: XAUUSD+XAGUSD M15 5000 candles (MetaQuotes-Demo 5055310793), alle 4 strategier aktive (CRT_TBS, Trend_OB, ORB, Powell_KeyOpen via strat7_powell_capped), 0 nye signaler, 0 lukkede deals sidste 7 dage (ingen afstemning noedvendig), konto-status opdateret","XAUUSD,XAGUSD",0,ok
2026-09-01 12:31:16.321516+00:00,"Scan 2026-09-01 (19): XAUUSD+XAGUSD M15 5000 candles (MetaQuotes-Demo 5055310793), alle 4 strategier aktive (CRT_TBS, Trend_OB, ORB, Powell_KeyOpen via strat7_powell_capped), 0 nye signaler, 0 lukkede deals sidste 7 dage, konto-status opdateret","XAUUSD, XAGUSD",0,ok
2026-09-01 12:46:21.208305+00:00,"Scan 2026-09-01 (20): XAUUSD+XAGUSD M15 5000 candles (MetaQuotes-Demo 5055310793), alle 4 strategier aktive (CRT_TBS, Trend_OB, ORB, Powell_KeyOpen via strat7_powell_capped), 0 nye signaler, 0 lukkede deals sidste 7 dage, konto-status opdateret","XAUUSD,XAGUSD",0,ok
2026-09-01 13:01:28.856874+00:00,"Scan 2026-09-01 (21): XAUUSD+XAGUSD M15 5000 candles (MetaQuotes-Demo 5055310793), alle 4 strategier aktive (CRT_TBS, Trend_OB, ORB, Powell_KeyOpen via strat7_powell_capped), 0 nye signaler, 0 lukkede deals sidste 7 dage, konto-status opdateret","XAUUSD, XAGUSD",0,ok
2026-09-01 13:16:24.920763+00:00,"Scan 2026-09-01 (22): XAUUSD+XAGUSD M15 5000 candles (MetaQuotes-Demo 5055310793), alle 4 strategier aktive (CRT_TBS, Trend_OB, ORB, Powell_KeyOpen via strat7_powell_capped), 0 nye signaler, 0 lukkede deals sidste 7 dage, konto-status opdateret","XAUUSD, XAGUSD",0,ok
2026-09-01 13:31:48.100170+00:00,"Scan 2026-09-01 (23): XAUUSD+XAGUSD M15 5000 candles (MetaQuotes-Demo 5055310793), alle 4 strategier aktive (CRT_TBS, Trend_OB, ORB, Powell_KeyOpen via strat7_powell_capped), 0 nye signaler, 0 lukkede deals sidste 7 dage, konto-status opdateret.","XAUUSD, XAGUSD",0,ok
2026-09-01 13:46:56.510056+00:00,"Scan (24): XAUUSD+XAGUSD M15 5000 candles (MetaQuotes-Demo 5055310793), alle 4 strategier aktive (CRT_TBS, Trend_OB, ORB, Powell_KeyOpen via strat7_powell_capped), 0 nye signaler, 0 lukkede deals sidste 7 dage, konto-status opdateret","XAUUSD,XAGUSD",0,ok
2026-09-01 14:01:11.565735+00:00,"Scan 2026-09-01 (25): XAUUSD+XAGUSD M15 5000 candles (MetaQuotes-Demo 5055310793), alle 4 strategier aktive (CRT_TBS, Trend_OB, ORB, Powell_KeyOpen via strat7_powell_capped). Ingen lukkede deals sidste 7 dage -- reconcile koert med 0 opdateringer.","XAUUSD, XAGUSD",0,ok
2026-09-01 14:16:45.514383+00:00,"Scan 2026-09-01 (26): XAUUSD+XAGUSD M15 5000 candles (MetaQuotes-Demo 5055310793), alle 4 strategier aktive (CRT_TBS, Trend_OB, ORB, Powell_KeyOpen via strat7_powell_capped), 0 nye signaler, 0 lukkede deals sidste 7 dage, konto-status opdateret.","XAUUSD, XAGUSD",0,ok
2026-09-01 14:32:01.975528+00:00,"Scan 2026-09-01 (27): XAUUSD+XAGUSD M15 5000 candles (MetaQuotes-Demo 5055310793), alle 4 strategier aktive (CRT_TBS, Trend_OB, ORB, Powell_KeyOpen via strat7_powell_capped), 0 nye signaler, 0 lukkede deals sidste 7 dage (kun balance-indbetaling i historik), konto-status opdateret.","XAUUSD, XAGUSD",0,ok
2026-09-01 14:46:15.216350+00:00,"Scan 2026-09-01 (28): XAUUSD+XAGUSD M15 5000 candles (MetaQuotes-Demo 5055310793), alle 4 strategier aktive (CRT_TBS, Trend_OB, ORB, Powell_KeyOpen via strat7_powell_capped), 0 nye signaler, 0 lukkede deals sidste 7 dage, konto-status opdateret.","XAUUSD, XAGUSD",0,ok
2026-09-01 15:02:05.528864+00:00,"Scan 2026-09-01 (29): XAUUSD+XAGUSD M15 5000 candles (MetaQuotes-Demo 5055310793), alle 4 strategier aktive (CRT_TBS, Trend_OB, ORB, Powell_KeyOpen via strat7_powell_capped), 0 nye signaler, 0 lukkede deals sidste 7 dage, konto-status opdateret","XAUUSD, XAGUSD",0,ok
2026-09-01 15:16:40.824698+00:00,"Scan 2026-09-01 (30): XAUUSD+XAGUSD M15 5000 candles (MetaQuotes-Demo 5055310793), alle 4 strategier aktive (CRT_TBS, Trend_OB, ORB, Powell_KeyOpen via strat7_powell_capped), 0 nye signaler, 0 lukkede deals sidste 7 dage, konto-status opdateret","XAUUSD,XAGUSD",0,ok
2026-09-01 15:31:07.806832+00:00,"Scan 2026-09-01 (31): XAUUSD+XAGUSD M15 5000 candles (MetaQuotes-Demo 5055310793), alle 4 strategier aktive (CRT_TBS, Trend_OB, ORB, Powell_KeyOpen via strat7_powell_capped), 0 nye signaler, 0 lukkede deals sidste 7 dage, konto-status opdateret","XAUUSD,XAGUSD",0,ok
2026-09-01 15:46:39.995993+00:00,"Scan 2026-09-01 (32): XAUUSD+XAGUSD M15 5000 candles (MetaQuotes-Demo 5055310793), alle 4 strategier aktive (CRT_TBS, Trend_OB, ORB, Powell_KeyOpen via strat7_powell_capped), 0 nye signaler, 0 lukkede deals sidste 7 dage, konto-status opdateret","XAUUSD,XAGUSD",0,ok
2026-09-01 16:01:28.476598+00:00,"Scan 2026-09-01 (33): XAUUSD+XAGUSD M15 5000 candles (MetaQuotes-Demo 5055310793), alle 4 strategier aktive (CRT_TBS, Trend_OB, ORB, Powell_KeyOpen via strat7_powell_capped), 0 nye signaler, 0 lukkede deals sidste 7 dage, konto-status opdateret","XAUUSD, XAGUSD",0,ok
2026-09-01 16:16:36.486087+00:00,"Scan XAUUSD+XAGUSD M15 5000 candles (MetaQuotes-Demo 5055310793), alle 4 strategier aktive (CRT_TBS, Trend_OB, ORB, Powell_KeyOpen via strat7_powell_capped), 0 nye signaler, 0 lukkede deals sidste 7 dage, konto-status opdateret","XAUUSD,XAGUSD",0,ok
2026-09-01 16:32:02.765518+00:00,"Scan 2026-09-01: XAUUSD+XAGUSD M15 5000 candles (MetaQuotes-Demo 5055310793), alle 4 strategier aktive (CRT_TBS, Trend_OB, ORB, Powell_KeyOpen via strat7_powell_capped), 0 nye signaler, 0 lukkede deals sidste 7 dage, konto-status opdateret","XAUUSD,XAGUSD",0,ok
2026-09-01 16:46:22.318049+00:00,"Scan 2026-09-01 (36): XAUUSD+XAGUSD M15 5000 candles (MetaQuotes-Demo 5055310793), alle 4 strategier aktive (CRT_TBS, Trend_OB, ORB, Powell_KeyOpen via strat7_powell_capped), 0 nye signaler, 0 lukkede deals sidste 7 dage, konto-status opdateret","XAUUSD, XAGUSD",0,ok
2026-09-01 17:01:45.866888+00:00,"Scan 2026-09-01 (37): XAUUSD+XAGUSD M15 5000 candles (MetaQuotes-Demo 5055310793), alle 4 strategier aktive (CRT_TBS, Trend_OB, ORB, Powell_KeyOpen via strat7_powell_capped), 0 nye signaler, 0 lukkede deals sidste 7 dage, konto-status opdateret.","XAUUSD, XAGUSD",0,ok
2026-09-01 17:16:22.163349+00:00,"Scan (38): XAUUSD+XAGUSD M15 5000 candles (MetaQuotes-Demo 5055310793), alle 4 strategier aktive (CRT_TBS, Trend_OB, ORB, Powell_KeyOpen via strat7_powell_capped), 0 nye signaler, 0 lukkede deals sidste 7 dage, konto-status opdateret","XAUUSD, XAGUSD",0,ok
2026-09-01 17:31:16.049652+00:00,"Scan 2026-09-01 (39): XAUUSD+XAGUSD M15 5000 candles (MetaQuotes-Demo 5055310793), alle 4 strategier aktive (CRT_TBS, Trend_OB, ORB, Powell_KeyOpen via strat7_powell_capped), 0 nye signaler, 0 lukkede deals sidste 7 dage, konto-status opdateret.","XAUUSD, XAGUSD",0,ok
2026-09-01 17:39:54.253155+00:00,"Scan 2026-09-01 (40): XAUUSD+XAGUSD M15 5000 candles (MetaQuotes-Demo 5055310793), alle 4 strategier aktive (CRT_TBS, Trend_OB, ORB, Powell_KeyOpen via strat7_powell_capped), 0 nye signaler, 0 lukkede deals sidste 7 dage, konto-status opdateret","XAUUSD,XAGUSD",0,ok
2026-09-01 17:46:46.666218+00:00,"Scan 2026-09-01 (41): XAUUSD+XAGUSD M15 5000 candles (MetaQuotes-Demo 5055310793), alle 4 strategier aktive (CRT_TBS, Trend_OB, ORB, Powell_KeyOpen via strat7_powell_capped), 0 nye signaler, 0 lukkede deals sidste 7 dage, konto-status opdateret","XAUUSD,XAGUSD",0,ok
2026-09-01 17:53:59.969041+00:00,"Scan udfoert: XAUUSD+XAGUSD M15 5000 candles (MetaQuotes-Demo 5055310793), alle 4 strategier aktive (CRT_TBS, Trend_OB, ORB, Powell_KeyOpen via strat7_powell_capped), 0 nye signaler, 0 lukkede deals sidste 7 dage, konto-status opdateret","XAUUSD,XAGUSD",0,ok
2026-09-01 18:01:39.674875+00:00,"Scan 2026-09-01 (43): XAUUSD+XAGUSD M15 5000 candles (MetaQuotes-Demo 5055310793), alle 4 strategier aktive (CRT_TBS, Trend_OB, ORB, Powell_KeyOpen via strat7_powell_capped), 0 nye signaler, 0 lukkede deals sidste 7 dage, konto-status opdateret","XAUUSD, XAGUSD",0,ok
2026-09-01 18:07:18.140314+00:00,"Scan 2026-09-01: XAUUSD+XAGUSD M15 5000 candles (MetaQuotes-Demo 5055310793), alle 4 strategier aktive (CRT_TBS, Trend_OB, ORB, Powell_KeyOpen via strat7_powell_capped), 0 nye signaler, 0 lukkede deals sidste 7 dage, konto-status opdateret","XAUUSD,XAGUSD",0,ok
2026-09-01 18:16:27.951988+00:00,"Scan 2026-09-01 (45): XAUUSD+XAGUSD M15 5000 candles (MetaQuotes-Demo 5055310793), alle 4 strategier aktive (CRT_TBS, Trend_OB, ORB, Powell_KeyOpen via strat7_powell_capped), 0 nye signaler, 0 lukkede deals sidste 7 dage, konto-status opdateret","XAUUSD,XAGUSD",0,ok
2026-09-01 18:22:52.488683+00:00,"Scan 2026-09-01 (46): XAUUSD+XAGUSD M15 5000 candles (MetaQuotes-Demo 5055310793), alle 4 strategier aktive (CRT_TBS, Trend_OB, ORB, Powell_KeyOpen via strat7_powell_capped), 0 nye signaler, 0 lukkede deals sidste 7 dage, konto-status opdateret","XAUUSD, XAGUSD",0,ok
2026-09-01 18:32:37.780142+00:00,"Scan 2026-09-01 (47): XAUUSD+XAGUSD M15 5000 candles (MetaQuotes-Demo 5055310793), alle 4 strategier aktive (CRT_TBS, Trend_OB, ORB, Powell_KeyOpen via strat7_powell_capped), 0 nye signaler, 0 lukkede deals sidste 7 dage, konto-status opdateret","XAUUSD,XAGUSD",0,ok
2026-09-01 18:47:19.517958+00:00,"Scan: XAUUSD+XAGUSD M15 5000 candles (MetaQuotes-Demo 5055310793), alle 4 strategier aktive (CRT_TBS, Trend_OB, ORB, Powell_KeyOpen via strat7_powell_capped), 0 nye signaler, 0 lukkede deals sidste 7 dage, konto-status opdateret.","XAUUSD,XAGUSD",0,ok
2026-09-01 19:01:58.607327+00:00,"Scan (49): XAUUSD+XAGUSD M15 5000 candles, alle 4 strategier aktive, 0 nye signaler, 0 lukkede deals sidste 7 dage","XAUUSD,XAGUSD",0,ok
2026-09-01 19:10:16.082802+00:00,"Scan 2026-09-01 (50): XAUUSD+XAGUSD M15 5000 candles (MetaQuotes-Demo 5055310793), alle 4 strategier aktive (CRT_TBS, Trend_OB, ORB, Powell_KeyOpen via strat7_powell_capped), 0 nye signaler, 0 lukkede deals sidste 7 dage, konto-status opdateret.","XAUUSD, XAGUSD",0,ok
2026-09-01 19:17:13.657854+00:00,"Scan (51): XAUUSD+XAGUSD M15 5000 candles (MetaQuotes-Demo 5055310793), alle 4 strategier aktive (CRT_TBS, Trend_OB, ORB, Powell_KeyOpen via strat7_powell_capped), 0 nye signaler, 0 lukkede deals sidste 7 dage, konto-status opdateret","XAUUSD,XAGUSD",0,ok
2026-09-01 19:22:10.486030+00:00,"Scan (52): XAUUSD+XAGUSD M15 5000 candles (MetaQuotes-Demo 5055310793), alle 4 strategier aktive (CRT_TBS, Trend_OB, ORB, Powell_KeyOpen via strat7_powell_capped), 0 nye signaler, 0 lukkede deals sidste 7 dage. Ny konto-anmodning (Rune Copy) fejlede pga laaste filer i kildemappen - efterladt til naeste forsoeg.","XAUUSD,XAGUSD",0,ok
2026-09-01 19:34:37.742108+00:00,"Scan 2026-09-01 (53): XAUUSD+XAGUSD M15 5000 candles (MetaQuotes-Demo 5055310793), alle 4 strategier aktive (CRT_TBS, Trend_OB, ORB, Powell_KeyOpen via strat7_powell_capped), 0 nye signaler, 0 lukkede deals sidste 7 dage, ny foelger-konto 'Rune Copy#!' (metatrader_2) oprettet og MCP-forbindelse registreret, konto-status opdateret",,0,ok
2026-09-01 19:44:09.682517+00:00,"Scan 2026-09-01 (54): XAUUSD+XAGUSD M15 5000 candles, alle 4 strategier aktive, 0 nye signaler, 0 lukkede deals sidste 7 dage","XAUUSD,XAGUSD",0,ok
2026-09-01 19:48:59.127421+00:00,"Scan 2026-09-01 (55): XAUUSD+XAGUSD M15 5000 candles (MetaQuotes-Demo 5055310793), alle 4 strategier aktive (CRT_TBS, Trend_OB, ORB, Powell_KeyOpen via strat7_powell_capped), 0 nye signaler, 0 lukkede deals sidste 7 dage, ingen konto-anmodning, handel ikke pauset (control.json findes ikke), konto-status opdateret","XAUUSD,XAGUSD",0,ok
2026-09-01 19:52:31.206256+00:00,"Scan 2026-09-01 (56): XAUUSD+XAGUSD M15 5000 candles (MetaQuotes-Demo 5055310793), alle 4 strategier aktive (CRT_TBS, Trend_OB, ORB, Powell_KeyOpen via strat7_powell_capped), 0 nye signaler, 0 lukkede deals sidste 7 dage, ingen konto-anmodning, handel ikke pauset (control.json findes ikke), metatrader_2 (Rune Copy#!) MCP-forbindelse timeout denne koersel, konto-status opdateret","XAUUSD,XAGUSD",0,ok
2026-09-01 20:02:07.535615+00:00,"Scan koersel: metatrader_2 (Rune Copy#!) MCP-forbindelse timeout, ingen konto-anmodning at behandle, control.json findes ikke saa handel ikke pauset, 0 lukkede deals seneste 7 dage, 0 nye signaler paa tvaers af alle 4 strategier.","XAUUSD, XAGUSD (M15, 5000 candles)",0,ok
2026-09-01 20:17:40.917368+00:00,"Scan 2026-09-01 (58): 0 nye signaler, 0 lukkede deals sidste 7 dage, ingen konto-anmodning, handel ikke pauset, metatrader_2 (Rune Copy#!) MCP timeout","XAUUSD,XAGUSD",0,ok
2026-09-01 20:24:48.452465+00:00,"Scan 59: XAUUSD+XAGUSD M15 4000 candles (MetaQuotes-Demo 5055310793), alle 4 strategier aktive (CRT_TBS, Trend_OB, ORB, Powell_KeyOpen via strat7_powell_capped), 0 nye signaler, 0 lukkede deals sidste 7 dage, ingen konto-anmodning, handel ikke pauset (control.json findes ikke), metatrader_2 (Rune Copy#!) MCP-forbindelse timeout denne koersel, konto-status opdateret","XAUUSD,XAGUSD",0,ok
2026-09-01 20:46:24.278896+00:00,"Scan XAUUSD+XAGUSD M15 4000 candles (MetaQuotes-Demo 5055310793), alle 4 strategier aktive (CRT_TBS, Trend_OB, ORB, Powell_KeyOpen via strat7_powell_capped), 0 nye signaler, 0 lukkede deals sidste 7 dage, ingen konto-anmodning, handel ikke pauset (control.json findes ikke i repo), metatrader_2 (Rune Copy#!) MCP-forbindelse timeout denne koersel, konto-status opdateret","XAUUSD,XAGUSD",0,ok
2026-09-01 21:02:00.700055+00:00,"Scan 2026-09-01 (62): XAUUSD+XAGUSD M15 4000 candles (MetaQuotes-Demo 5055310793; 5000 fejlede, broker history-graense), alle 4 strategier aktive (CRT_TBS, Trend_OB, ORB, Powell_KeyOpen via strat7_powell_capped), 0 nye signaler, 0 lukkede deals sidste 7 dage, ingen konto-anmodning, handel ikke pauset (control.json findes ikke), metatrader_2 (Rune Copy#!) MCP-forbindelse timeout denne koersel, konto-status opdateret","XAUUSD,XAGUSD",0,ok
2026-09-01 21:16:08.471388+00:00,"Scan 2026-09-01 (63): XAUUSD+XAGUSD M15 4000 candles (MetaQuotes-Demo 5055310793), alle 4 strategier aktive (CRT_TBS, Trend_OB, ORB, Powell_KeyOpen via strat7_powell_capped), 0 nye signaler, 0 lukkede deals sidste 7 dage, ingen konto-anmodning, handel ikke pauset (control.json findes ikke), metatrader_2 (Rune Copy#!) MCP-forbindelse timeout denne koersel, konto-status opdateret","XAUUSD,XAGUSD",0,ok
2026-09-01 21:31:54.828341+00:00,"Scan 2026-09-01 (64): XAUUSD+XAGUSD M15 4000 candles (MetaQuotes-Demo 5055310793), alle 4 strategier aktive (CRT_TBS, Trend_OB, ORB, Powell_KeyOpen via strat7_powell_capped), 0 nye signaler, 0 lukkede deals sidste 7 dage, ingen konto-anmodning, handel ikke pauset (control.json findes ikke), metatrader_2 (Rune Copy#!) MCP-forbindelse timeout denne koersel, konto-status opdateret","XAUUSD,XAGUSD",0,ok
2026-09-01 21:46:07.526647+00:00,"Scan 2026-09-01 (65): XAUUSD+XAGUSD M15 4000 candles (MetaQuotes-Demo 5055310793), alle 4 strategier aktive (CRT_TBS, Trend_OB, ORB, Powell_KeyOpen via strat7_powell_capped), 0 nye signaler, 0 lukkede deals sidste 7 dage (reconcile koert), ingen konto-anmodning, handel ikke pauset (control.json findes ikke), metatrader_2 (Rune Copy#!) MCP-forbindelse timeout denne koersel, konto-status opdateret","XAUUSD,XAGUSD",0,ok
2026-09-01 22:01:06.906552+00:00,"Scan 2026-09-02: XAUUSD+XAGUSD M15 4000 candles (MetaQuotes-Demo 5055310793), alle 4 strategier aktive (CRT_TBS, Trend_OB, ORB, Powell_KeyOpen via strat7_powell_capped), 0 nye signaler, 0 lukkede deals sidste 7 dage, ingen konto-anmodning, handel ikke pauset (control.json findes ikke), metatrader_2 (Rune Copy#!) MCP-forbindelse timeout denne koersel, konto-status opdateret","XAUUSD,XAGUSD",0,ok
2026-09-01 22:16:43.984324+00:00,"Scan 2026-09-02: XAUUSD+XAGUSD M15 4000 candles (MetaQuotes-Demo 5055310793), alle 4 strategier aktive, 0 nye signaler, 0 lukkede deals sidste 7 dage, ingen konto-anmodning, handel ikke pauset, metatrader_2 (Rune Copy#!) MCP-forbindelse timeout denne koersel","XAUUSD,XAGUSD",0,ok
2026-09-01 22:31:36.583432+00:00,"Scan 2026-09-02 (68): XAUUSD+XAGUSD M15 4000 candles (MetaQuotes-Demo 5055310793), alle 4 strategier aktive (CRT_TBS, Trend_OB, ORB, Powell_KeyOpen via strat7_powell_capped), 0 nye signaler, 0 lukkede deals sidste 7 dage (kun en balance-postering paa 25000 fundet, ikke en trade), ingen konto-anmodning, handel ikke pauset (control.json findes ikke), metatrader_2 (Rune Copy#!) MCP-forbindelse timeout denne koersel igen, konto-status opdateret.","XAUUSD, XAGUSD",0,ok
2026-09-01 22:47:46.472214+00:00,"XAUUSD+XAGUSD M15 4000 candles (MetaQuotes-Demo 5055310793), alle 4 strategier aktive (CRT_TBS, Trend_OB, ORB, Powell_KeyOpen via strat7_powell_capped), 0 nye signaler, 0 lukkede deals sidste 7 dage, ingen konto-anmodning, handel ikke pauset (control.json findes ikke), metatrader_2 (Rune Copy#!) MCP-forbindelse timeout denne koersel, konto-status opdateret","XAUUSD,XAGUSD",0,ok
2026-09-01 23:02:01.193008+00:00,"Scan: XAUUSD+XAGUSD M15 4000 candles (MetaQuotes-Demo 5055310793), alle 4 strategier aktive (CRT_TBS, Trend_OB, ORB, Powell_KeyOpen via strat7_powell_capped), 0 nye signaler, 0 lukkede deals sidste 7 dage, ingen konto-anmodning, handel ikke pauset, metatrader_2 (Rune Copy#!) MCP-forbindelse timeout denne koersel","XAUUSD,XAGUSD",0,ok
2026-09-01 23:17:26.542437+00:00,"XAUUSD+XAGUSD M15 4000 candles (MetaQuotes-Demo 5055310793), alle 4 strategier aktive (CRT_TBS, Trend_OB, ORB, Powell_KeyOpen via strat7_powell_capped), 0 nye signaler, 0 lukkede deals sidste 7 dage, ingen konto-anmodning, handel ikke pauset (control.json findes ikke), metatrader_2 (Rune Copy#!) MCP-forbindelse timeout denne koersel, konto-status opdateret","XAUUSD,XAGUSD",0,ok
2026-09-01 23:32:19.747290+00:00,"Scan 2026-09-02 (72): XAUUSD+XAGUSD M15 4000 candles (MetaQuotes-Demo 5055310793), alle 4 strategier aktive (CRT_TBS, Trend_OB, ORB, Powell_KeyOpen via strat7_powell_capped), 0 nye signaler, 0 lukkede deals sidste 7 dage, ingen konto-anmodning, handel ikke pauset (control.json findes ikke), metatrader_2 (Rune Copy#!) MCP-forbindelse timeout denne koersel, konto-status opdateret","XAUUSD,XAGUSD",0,ok
2026-09-01 23:46:59.564272+00:00,"Scan 2026-09-02: XAUUSD+XAGUSD M15 4000 candles (MetaQuotes-Demo 5055310793), alle 4 strategier aktive, 0 nye signaler, 0 lukkede deals sidste 7 dage, ingen konto-anmodning, handel ikke pauset.","XAUUSD,XAGUSD",0,ok
2026-09-02 00:02:39.913476+00:00,"Scan 2026-09-02 (74): XAUUSD+XAGUSD M15 4000 candles (MetaQuotes-Demo 5055310793), alle 4 strategier aktive (CRT_TBS, Trend_OB, ORB, Powell_KeyOpen via strat7_powell_capped), 0 nye signaler, 0 lukkede deals sidste 7 dage (kun en balance-deposit uden symbol), ingen konto-anmodning, handel ikke pauset (control.json findes ikke), metatrader_2 (Rune Copy#!) MCP-forbindelse timeout denne koersel, konto-status opdateret","XAUUSD,XAGUSD",0,ok
2026-09-02 00:15:58.325352+00:00,"Scan 2026-09-02 (75): XAUUSD+XAGUSD M15 4000 candles (MetaQuotes-Demo 5055310793), alle 4 strategier aktive (CRT_TBS, Trend_OB, ORB, Powell_KeyOpen via strat7_powell_capped), 0 nye signaler, 0 lukkede deals sidste 7 dage (kun en balance-deposit uden symbol), ingen konto-anmodning, handel ikke pauset (control.json findes ikke), metatrader_2 (Rune Copy#!) MCP-forbindelse timeout denne koersel, konto-status opdateret","XAUUSD,XAGUSD",0,ok
2026-09-02 00:31:11.926105+00:00,"Scan 2026-09-02 (76): XAUUSD+XAGUSD M15 4000 candles (MetaQuotes-Demo 5055310793), alle 4 strategier aktive (CRT_TBS, Trend_OB, ORB, Powell_KeyOpen via strat7_powell_capped), 0 nye signaler, 0 lukkede deals sidste 7 dage (kun en balance-deposit uden symbol), ingen konto-anmodning, handel ikke pauset (control.json findes ikke), metatrader_2 (Rune Copy#!) MCP-forbindelse timeout denne koersel, konto-status opdateret","XAUUSD,XAGUSD",0,ok
2026-09-02 00:46:26.711885+00:00,"Scan 2026-09-02 (77): XAUUSD+XAGUSD M15 4000 candles (MetaQuotes-Demo 5055310793), alle 4 strategier aktive (CRT_TBS, Trend_OB, ORB, Powell_KeyOpen via strat7_powell_capped), 0 nye signaler, 0 lukkede deals sidste 7 dage, ingen konto-anmodning, handel ikke pauset (control.json findes ikke), konto-status opdateret","XAUUSD,XAGUSD",0,ok
2026-09-02 01:32:09.432305+00:00,"XAUUSD+XAGUSD M15 4000 candles, alle 4 strategier aktive (CRT_TBS, Trend_OB, ORB, Powell_KeyOpen via strat7_powell_capped), 0 nye signaler, 0 lukkede deals sidste 7 dage (kun en balance-deposit uden symbol), ingen konto-anmodning, handel ikke pauset (control.json findes ikke), metatrader_2 (Rune Copy#!) MCP-forbindelse timeout denne koersel, konto-status opdateret","XAUUSD,XAGUSD",0,ok
2026-09-02 01:47:35.691366+00:00,"Scan koersel: ingen konto-anmodning, control.json findes ikke (handel ikke pauset), 1 balance-deposit uden symbol seneste 7 dage (0 rigtige lukkede deals, 0 afstemt), 0 nye signaler paa tvaers af CRT_TBS/Trend_OB/ORB/Powell_KeyOpen, 0 ordrer placeret, metatrader_2 (Rune Copy) MCP timeout denne koersel.","XAUUSD,XAGUSD",0,ok
2026-09-02 02:01:55.606071+00:00,"Scan 2026-09-02 (82): XAUUSD+XAGUSD M15 4000 candles (MetaQuotes-Demo 5055310793), alle 4 strategier aktive (CRT_TBS, Trend_OB, ORB, Powell_KeyOpen via strat7_powell_capped), 0 nye signaler, 0 lukkede symbol-deals sidste 7 dage (kun en balance-deposit uden symbol), ingen konto-anmodning, handel ikke pauset (control.json findes ikke), konto-status opdateret","XAUUSD,XAGUSD",0,ok
2026-09-02 02:17:36.966621+00:00,"Scan 2026-09-02 (83): XAUUSD+XAGUSD M15 4000 candles (MetaQuotes-Demo 5055310793), alle 4 strategier aktive (CRT_TBS, Trend_OB, ORB, Powell_KeyOpen via strat7_powell_capped), 0 nye signaler, 0 lukkede deals sidste 7 dage (kun en balance-deposit uden symbol), ingen konto-anmodning, handel ikke pauset (control.json findes ikke), metatrader_2 (Rune Copy) MCP-forbindelse timeout denne koersel, konto-status opdateret.","XAUUSD,XAGUSD",0,ok
2026-09-02 02:32:42.897264+00:00,"XAUUSD+XAGUSD M15 4000 candles (MetaQuotes-Demo 5055310793), alle 4 strategier aktive (CRT_TBS, Trend_OB, ORB, Powell_KeyOpen via strat7_powell_capped), 0 nye signaler, 0 lukkede deals sidste 7 dage (kun en balance-deposit uden symbol), ingen konto-anmodning, handel ikke pauset (control.json findes ikke), metatrader_2 (Rune Copy) MCP-forbindelse timeout denne koersel, konto-status opdateret","XAUUSD,XAGUSD",0,ok
2026-09-02 02:47:19.883630+00:00,"Scan 2026-09-02 (85): XAUUSD+XAGUSD M15 4000 candles (MetaQuotes-Demo 5055310793), alle 4 strategier aktive (CRT_TBS, Trend_OB, ORB, Powell_KeyOpen via strat7_powell_capped), 0 nye signaler, 0 lukkede deals sidste 7 dage (kun en balance-deposit uden symbol), ingen konto-anmodning, handel ikke pauset (control.json findes ikke)","XAUUSD,XAGUSD",0,ok
2026-09-02 03:01:54.637137+00:00,"Scan 2026-09-02 (86): XAUUSD+XAGUSD M15 4000 candles (MetaQuotes-Demo 5055310793), alle 4 strategier aktive (CRT_TBS, Trend_OB, ORB, Powell_KeyOpen via strat7_powell_capped), 0 nye signaler, 0 lukkede deals sidste 7 dage (kun en balance-deposit uden symbol), ingen konto-anmodning, handel ikke pauset (control.json findes ikke), metatrader_2 (Rune Copy) MCP-forbindelse timeout denne koersel, konto-status opdateret","XAUUSD,XAGUSD",0,ok
2026-09-02 03:17:09.262949+00:00,"Scan 2026-09-02 (87): XAUUSD+XAGUSD M15 4000 candles (MetaQuotes-Demo 5055310793), alle 4 strategier aktive (CRT_TBS, Trend_OB, ORB, Powell_KeyOpen via strat7_powell_capped), 0 nye signaler, 0 lukkede deals sidste 7 dage (kun en balance-deposit uden symbol), ingen konto-anmodning, handel ikke pauset (control.json findes ikke), metatrader_2 (Rune Copy) MCP-forbindelse timeout denne koersel, konto-status opdateret","XAUUSD,XAGUSD",0,ok
2026-09-02 03:31:53.663164+00:00,"Scan 2026-09-02: XAUUSD+XAGUSD M15 4000 candles, 0 nye signaler, 0 lukkede deals afstemt","XAUUSD,XAGUSD",0,ok
2026-09-02 03:47:32.499373+00:00,"Scan 2026-09-02 (89): XAUUSD+XAGUSD M15 4000 candles (MetaQuotes-Demo 5055310793), alle 4 strategier aktive (CRT_TBS, Trend_OB, ORB, Powell_KeyOpen via strat7_powell_capped), 0 nye signaler, 0 lukkede deals sidste 7 dage (kun en balance-deposit uden symbol), ingen konto-anmodning, handel ikke pauset (control.json findes ikke), metatrader_2 (Rune Copy) MCP-forbindelse timeout denne koersel, konto-status opdateret","XAUUSD,XAGUSD",0,ok
2026-09-02 04:17:27.856465+00:00,"Scan 2026-09-02: XAUUSD+XAGUSD M15 4000 candles (MetaQuotes-Demo 5055310793), alle 4 strategier aktive (CRT_TBS, Trend_OB, ORB, Powell_KeyOpen via strat7_powell_capped), 0 nye signaler, 0 lukkede deals sidste 7 dage (kun en balance-deposit uden symbol), ingen konto-anmodning, handel ikke pauset (control.json findes ikke), metatrader_2 (Rune Copy) MCP-forbindelse timeout denne koersel, konto-status opdateret","XAUUSD,XAGUSD",0,ok
2026-09-02 04:31:55.472475+00:00,"Scan XAUUSD+XAGUSD M15 4000 candles (MetaQuotes-Demo 5055310793), alle 4 strategier aktive, ingen nye signaler, ingen lukkede deals sidste 7 dage (kun balance-deposit), ingen konto-anmodning, handel ikke pauset, metatrader_2 forbindelse timeout.","XAUUSD,XAGUSD",0,ok
2026-09-02 04:46:40.656401+00:00,"Scan 2026-09-02 (93): XAUUSD+XAGUSD M15 4000 candles (MetaQuotes-Demo 5055310793), alle 4 strategier aktive (CRT_TBS, Trend_OB, ORB, Powell_KeyOpen via strat7_powell_capped), 0 nye signaler, 0 lukkede deals sidste 7 dage (kun en balance-deposit uden symbol), ingen konto-anmodning, handel ikke pauset (control.json findes ikke), metatrader_2 (Rune Copy) MCP-forbindelse timeout denne koersel, konto-status opdateret","XAUUSD,XAGUSD",0,ok
2026-09-02 05:01:13.863121+00:00,"Scan 2026-09-02 (94): XAUUSD+XAGUSD M15 4000 candles (MetaQuotes-Demo 5055310793), alle 4 strategier aktive (CRT_TBS, Trend_OB, ORB, Powell_KeyOpen via strat7_powell_capped), 0 nye signaler, 0 lukkede deals sidste 7 dage (kun en balance-deposit uden symbol), ingen konto-anmodning, handel ikke pauset (control.json findes ikke), metatrader_2 (Rune Copy) MCP-forbindelse timeout denne koersel, konto-status opdateret","XAUUSD, XAGUSD",0,ok
2026-09-02 05:16:58.918920+00:00,"Scan 2026-09-02 (95): XAUUSD+XAGUSD M15 4000 candles (MetaQuotes-Demo 5055310793), alle 4 strategier aktive (CRT_TBS, Trend_OB, ORB, Powell_KeyOpen via strat7_powell_capped), 0 nye signaler, 0 lukkede deals sidste 7 dage (kun en balance-deposit uden symbol), ingen konto-anmodning, handel ikke pauset (control.json findes ikke), metatrader_2 (Rune Copy) MCP-forbindelse timeout denne koersel, konto-status opdateret","XAUUSD, XAGUSD",0,ok
2026-09-02 05:31:47.231322+00:00,"Scan 2026-09-02 (96): XAUUSD+XAGUSD M15 4000 candles, alle 4 strategier aktive, 0 nye signaler, 0 lukkede deals sidste 7 dage (kun balance-deposit), ingen konto-anmodning, handel ikke pauset.","XAUUSD,XAGUSD",0,ok
2026-09-02 05:46:38.265850+00:00,"Scan 2026-09-02 (97): XAUUSD+XAGUSD M15 4000 candles (MetaQuotes-Demo 5055310793), alle 4 strategier aktive (CRT_TBS, Trend_OB, ORB, Powell_KeyOpen via strat7_powell_capped), 0 nye signaler, 0 lukkede deals sidste 7 dage (kun en balance-deposit uden symbol), ingen konto-anmodning, handel ikke pauset (control.json findes ikke paa GitHub), metatrader_2 (Rune Copy) MCP-forbindelse timeout denne koersel, konto-status opdateret","XAUUSD,XAGUSD",0,ok
2026-09-02 06:02:02.453555+00:00,"Scan XAUUSD+XAGUSD M15 4000 candles, alle 4 strategier aktive, 0 nye signaler, 0 lukkede deals sidste 7 dage, ingen konto-anmodning, handel ikke pauset","XAUUSD,XAGUSD",0,ok
2026-09-02 06:17:11.752180+00:00,"Scan 2026-09-02 (99): XAUUSD+XAGUSD M15 4000 candles (MetaQuotes-Demo 5055310793), alle 4 strategier aktive (CRT_TBS, Trend_OB, ORB, Powell_KeyOpen via strat7_powell_capped), 0 nye signaler, 0 lukkede deals sidste 7 dage (kun en balance-deposit uden symbol), ingen konto-anmodning, handel ikke pauset (control.json findes ikke), metatrader_2 (Rune Copy) MCP-forbindelse timeout denne koersel, konto-status opdateret","XAUUSD,XAGUSD",0,ok
2026-09-02 06:32:02.745619+00:00,"Scan (100): XAUUSD+XAGUSD M15 4000 candles (MetaQuotes-Demo 5055310793), alle 4 strategier aktive (CRT_TBS, Trend_OB, ORB, Powell_KeyOpen via strat7_powell_capped), 0 nye signaler, 0 lukkede deals sidste 7 dage (kun en balance-deposit uden symbol), ingen konto-anmodning, handel ikke pauset (control.json findes ikke), metatrader_2 (Rune Copy) MCP-forbindelse timeout denne koersel.","XAUUSD,XAGUSD",0,ok
2026-09-02 06:46:48.269482+00:00,"Scan (101): XAUUSD+XAGUSD M15 4000 candles (MetaQuotes-Demo 5055310793), alle 4 strategier aktive (CRT_TBS, Trend_OB, ORB, Powell_KeyOpen via strat7_powell_capped), 0 nye signaler, ingen lukkede deals sidste 7 dage (kun balance-deposit uden symbol), ingen konto-anmodning, handel ikke pauset (control.json findes ikke paa GitHub), konto-status opdateret","XAUUSD,XAGUSD",0,ok
2026-09-02 07:02:07.325235+00:00,"Scan 2026-09-02 (102): XAUUSD+XAGUSD M15 4000 candles (MetaQuotes-Demo 5055310793), alle 4 strategier aktive (CRT_TBS, Trend_OB, ORB, Powell_KeyOpen via strat7_powell_capped), 0 nye signaler, 0 lukkede deals sidste 7 dage (kun en balance-deposit uden symbol), ingen konto-anmodning, handel ikke pauset (control.json findes ikke), metatrader_2 (Rune Copy) MCP-forbindelse timeout denne koersel, konto-status opdateret","XAUUSD,XAGUSD",0,ok
2026-09-02 07:32:03.074715+00:00,"Scan 2026-09-02 (104): XAUUSD+XAGUSD M15 4000 candles (MetaQuotes-Demo 5055310793), alle 4 strategier aktive (CRT_TBS, Trend_OB, ORB, Powell_KeyOpen via strat7_powell_capped), 0 nye signaler, 0 lukkede deals sidste 7 dage (kun en balance-deposit uden symbol), ingen konto-anmodning, handel ikke pauset (control.json findes ikke), metatrader_2 (Rune Copy) MCP-forbindelse timeout denne koersel, konto-status opdateret","XAUUSD,XAGUSD",0,ok
2026-09-02 07:46:01.486214+00:00,"Scan 2026-09-02 (105): XAUUSD+XAGUSD M15 4000 candles (MetaQuotes-Demo 5055310793), alle 4 strategier aktive (CRT_TBS, Trend_OB, ORB, Powell_KeyOpen via strat7_powell_capped), 0 nye signaler, 0 lukkede deals sidste 7 dage, ingen konto-anmodning, handel ikke pauset (control.json findes ikke), metatrader_2 (Rune Copy) MCP-forbindelse timeout denne koersel, konto-status opdateret","XAUUSD,XAGUSD",0,ok
2026-09-02 08:02:00.774093+00:00,"Scan 2026-09-02 (106): XAUUSD+XAGUSD M15 4000 candles (MetaQuotes-Demo 5055310793), alle 4 strategier aktive (CRT_TBS, Trend_OB, ORB, Powell_KeyOpen via strat7_powell_capped), 0 nye signaler, 0 lukkede deals sidste 7 dage, ingen konto-anmodning, handel ikke pauset (control.json findes ikke paa GitHub)","XAUUSD, XAGUSD",0,ok
2026-09-02 08:17:27.336118+00:00,"Scan 2026-09-02 (107): XAUUSD+XAGUSD M15 4000 candles (MetaQuotes-Demo 5055310793), alle 4 strategier aktive, 0 nye signaler, 0 lukkede deals sidste 7 dage (kun en balance-deposit uden symbol), ingen konto-anmodning, handel ikke pauset (control.json findes ikke), konto-status opdateret","XAUUSD,XAGUSD",0,ok
2026-09-02 08:31:37.444505+00:00,"Scan 2026-09-02 (108): XAUUSD+XAGUSD M15 4000 candles (MetaQuotes-Demo 5055310793), alle 4 strategier aktive (CRT_TBS, Trend_OB, ORB, Powell_KeyOpen via strat7_powell_capped), 0 nye signaler, 0 lukkede deals sidste 7 dage (kun en balance-deposit uden symbol), ingen konto-anmodning, handel ikke pauset (control.json findes ikke paa GitHub), metatrader_2 (Rune Copy) MCP-forbindelse timeout denne koersel, konto-status opdateret","XAUUSD,XAGUSD",0,ok
2026-09-02 08:47:04.942235+00:00,"Scan 2026-09-02 (109): XAUUSD+XAGUSD M15 4000 candles (MetaQuotes-Demo 5055310793), alle 4 strategier aktive (CRT_TBS, Trend_OB, ORB, Powell_KeyOpen via strat7_powell_capped), 0 nye signaler, 0 lukkede deals sidste 7 dage (kun en balance-deposit uden symbol), ingen konto-anmodning, handel ikke pauset (control.json findes ikke paa GitHub), metatrader_2 (Rune Copy) MCP-forbindelse timeout denne koersel, konto-status opdateret","XAUUSD,XAGUSD",0,ok
2026-09-02 09:01:59.397130+00:00,"Scan 2026-09-02 (110): XAUUSD+XAGUSD M15 4000 candles (MetaQuotes-Demo 5055310793), alle 4 strategier aktive (CRT_TBS, Trend_OB, ORB, Powell_KeyOpen via strat7_powell_capped), 0 nye signaler, 0 lukkede deals sidste 7 dage (kun en balance-deposit uden symbol), ingen konto-anmodning, handel ikke pauset (control.json findes ikke paa GitHub), konto-status opdateret","XAUUSD,XAGUSD",0,ok
2026-09-02 09:16:05.994343+00:00,"Scan 111: XAUUSD+XAGUSD M15 4000 candles, alle 4 strategier aktive, 0 nye signaler, 0 lukkede deals sidste 7 dage (kun balance-deposit), ingen konto-anmodning, ikke pauset, metatrader_2 timeout","XAUUSD,XAGUSD",0,ok
2026-09-02 09:31:06.467039+00:00,"Scan 112: alle 4 strategier aktive (CRT_TBS, Trend_OB, ORB, Powell_KeyOpen), 0 nye signaler, 0 lukkede deals sidste 7 dage, ingen konto-anmodning, handel ikke pauset, metatrader_2 timeout","XAUUSD,XAGUSD",0,ok
2026-09-02 09:46:43.385424+00:00,"Scan (113): XAUUSD+XAGUSD M15 4000 candles (MetaQuotes-Demo 5055310793), alle 4 strategier aktive (CRT_TBS, Trend_OB, ORB, Powell_KeyOpen via strat7_powell_capped), 0 nye signaler, 0 lukkede deals sidste 7 dage (kun balance-deposit uden symbol), ingen konto-anmodning, handel ikke pauset (control.json findes ikke), metatrader_2 (Rune Copy) MCP timeout denne koersel.","XAUUSD,XAGUSD",0,ok
2026-09-02 10:01:35.415304+00:00,"Scan 2026-09-02 (114): XAUUSD+XAGUSD M15 4000 candles (MetaQuotes-Demo 5055310793), alle 4 strategier aktive (CRT_TBS, Trend_OB, ORB, Powell_KeyOpen via strat7_powell_capped), 0 nye signaler, 0 lukkede deals sidste 7 dage (kun en balance-deposit uden symbol), ingen konto-anmodning, handel ikke pauset (control.json findes ikke paa GitHub), metatrader_2 (Rune Copy) MCP-forbindelse timeout denne koersel, konto-status opdateret","XAUUSD,XAGUSD",0,ok
2026-09-02 10:17:02.438141+00:00,"Scan 2026-09-02 (115): XAUUSD+XAGUSD M15 4000 candles (MetaQuotes-Demo 5055310793), alle 4 strategier aktive (CRT_TBS, Trend_OB, ORB, Powell_KeyOpen via strat7_powell_capped), 0 nye signaler, 0 lukkede deals sidste 7 dage (kun en balance-deposit uden symbol), ingen konto-anmodning, handel ikke pauset (control.json findes ikke paa GitHub), metatrader_2 (Rune Copy) MCP-forbindelse timeout denne koersel, konto-status opdateret","XAUUSD,XAGUSD",0,ok
2026-09-02 10:31:30.735162+00:00,"Scan 116: XAUUSD+XAGUSD M15 4000 candles, alle 4 strategier aktive, 0 nye signaler, 0 lukkede deals sidste 7 dage (kun balance-deposit), ingen konto-anmodning, handel ikke pauset, metatrader_2 (Rune Copy) timeout","XAUUSD,XAGUSD",0,ok
2026-09-02 11:01:42.982086+00:00,"Scan 2026-09-02 (118): XAUUSD+XAGUSD M15 4000 candles (MetaQuotes-Demo 5055310793), alle 4 strategier aktive (CRT_TBS, Trend_OB, ORB, Powell_KeyOpen via strat7_powell_capped), 0 nye signaler, 0 lukkede deals sidste 7 dage (kun en balance-deposit uden symbol), ingen konto-anmodning, handel ikke pauset (control.json findes ikke paa GitHub), metatrader_2 (Rune Copy) MCP-forbindelse timeout denne koersel, konto-status opdateret","XAUUSD,XAGUSD",0,ok
2026-09-02 11:17:10.469930+00:00,"Scan 2026-09-02 (119): XAUUSD+XAGUSD M15 4000 candles (MetaQuotes-Demo 5055310793), alle 4 strategier aktive (CRT_TBS, Trend_OB, ORB, Powell_KeyOpen via strat7_powell_capped), 0 nye signaler, 0 lukkede deals sidste 7 dage (kun en balance-deposit uden symbol), ingen konto-anmodning, handel ikke pauset (control.json findes ikke paa GitHub), 0 aabne positioner, konto-status opdateret","XAUUSD,XAGUSD",0,ok
2026-09-02 11:31:42.724558+00:00,"Scan 2026-09-02 (120): XAUUSD+XAGUSD M15 4000 candles (MetaQuotes-Demo 5055310793), alle 4 strategier aktive (CRT_TBS, Trend_OB, ORB, Powell_KeyOpen via strat7_powell_capped), 0 nye signaler, 0 lukkede deals sidste 7 dage (kun en balance-deposit uden symbol), ingen konto-anmodning, handel ikke pauset (control.json findes ikke paa GitHub), 0 aabne positioner, konto-status opdateret","XAUUSD,XAGUSD",0,ok
2026-09-02 11:48:50.523952+00:00,"Scan (121): XAUUSD+XAGUSD M15 4000 candles (MetaQuotes-Demo 5055310793), alle 4 strategier aktive. 1 nyt signal: XAGUSD Powell_KeyOpen short, eksekveret paa demo men SL/TP kunne ikke saettes (modify_position fejlede retcode 10013 - broker/serverside issue, ikke parameterfejl). 0 lukkede deals sidste 7 dage (kun balance-deposit). Ingen konto-anmodning. control.json findes ikke paa GitHub - handel ikke pauset.","XAUUSD,XAGUSD",1,ok
2026-09-02 12:02:48.810480+00:00,"Scan 2026-09-02 (122): ingen nye signaler, alle 4 strategier aktive, 0 lukkede deals sidste 7 dage (kun balance-deposit), ingen konto-anmodning, handel ikke pauset, 1 aaben position (XAGUSD Powell short uden SL/TP)","XAUUSD,XAGUSD",0,ok
2026-09-02 12:18:01.567860+00:00,"Scan 2026-09-02 (123): XAUUSD+XAGUSD M15 5000 candles (MetaQuotes-Demo 5055310793), alle 4 strategier aktive (CRT_TBS, Trend_OB, ORB, Powell_KeyOpen via strat7_powell_capped), 0 nye signaler, 0 lukkede deals sidste 7 dage (kun en balance-deposit uden symbol), ingen konto-anmodning, handel ikke pauset (control.json findes ikke paa GitHub), 1 aaben position (XAGUSD Powell short, uden SL/TP), konto-status opdateret","XAUUSD,XAGUSD",0,ok
2026-09-02 12:32:08.238804+00:00,"Scan 2026-09-02: XAUUSD+XAGUSD M15 5000 candles, alle 4 strategier aktive, 0 nye signaler, ingen lukkede deals sidste 7 dage, ingen konto-anmodning, handel ikke pauset, 1 aaben position (XAGUSD Powell short)","XAUUSD,XAGUSD",0,ok
2026-09-02 12:58:31.435729+00:00,"Scan 126: XAUUSD+XAGUSD M15 5000 candles (leder + rune_copy foelger), 0 nye signaler, 1 lukket trade afstemt (XAGUSD Powell short, SL ramt, -6.45 USD), ingen konto-anmodning, ikke pauset, 0 aabne positioner, konto-status opdateret for begge konti","XAUUSD,XAGUSD",0,ok
2026-09-02 13:02:37.035485+00:00,"Scan 2026-09-02 (127): XAUUSD+XAGUSD M15 5000 candles (MetaQuotes-Demo 5055310793 leder + Rune Copy#! foelger), 0 nye signaler, 0 lukkede deals med symbol sidste 7 dage (kun balance-deposit), ingen konto-anmodning, handel ikke pauset, 0 aabne positioner (leder tidligere XAGUSD Powell short er nu lukket), konto-status opdateret for leder og rune_copy foelger","XAUUSD,XAGUSD",0,ok
2026-09-02 13:08:18.286091+00:00,"Scan 2026-09-02 (128): XAUUSD+XAGUSD M15 5000 candles (MetaQuotes-Demo 5055310793 leder + Rune Copy#! foelger), 0 nye signaler, 0 lukkede deals med symbol sidste 7 dage (kun balance-deposit), ingen konto-anmodning, handel ikke pauset, 0 aabne positioner, konto-status opdateret for leder og rune_copy foelger","XAUUSD,XAGUSD",0,ok
2026-09-02 13:23:34.931322+00:00,"Scan 2026-09-02: XAUUSD+XAGUSD M15 5000 candles (leder+foelger), 0 nye signaler, 0 lukkede deals sidste 7 dage (kun balance-deposit), ingen konto-anmodning, ikke pauset, 0 aabne positioner begge konti, konto-status opdateret for leder+rune_copy.","XAUUSD,XAGUSD",0,ok
2026-09-02 13:33:33.228661+00:00,"Scan (leder MetaQuotes-Demo 5055310793 + Rune Copy#! foelger): 0 nye signaler, 0 lukkede deals med symbol sidste 7 dage (kun balance-deposit), ingen konto-anmodning, handel ikke pauset, 0 aabne positioner (leder+foelger), konto-status opdateret for begge.","XAUUSD,XAGUSD",0,ok
2026-09-02 13:46:56.602439+00:00,"Scan 2026-09-02 (132): XAUUSD+XAGUSD M15 5000 candles (MetaQuotes-Demo 5055310793 leder + Rune Copy#! foelger), 0 nye signaler, 0 lukkede deals med symbol sidste 7 dage (kun balance-deposit), ingen konto-anmodning, handel ikke pauset, 0 aabne positioner (leder+foelger), konto-status opdateret for leder og rune_copy foelger","XAUUSD,XAGUSD",0,ok
2026-09-02 14:17:48.932788+00:00,"Scan 2026-09-02 (135): XAUUSD+XAGUSD M15 5000 candles (leder+foelger), 0 nye signaler, 0 lukkede deals med symbol sidste 7 dage (kun balance-deposit), ingen konto-anmodning, handel ikke pauset, 0 aabne positioner (leder+foelger), konto-status opdateret for leder og rune_copy foelger","XAUUSD, XAGUSD",0,ok
2026-09-02 14:32:45.350064+00:00,"Scan 2026-09-02 (136): XAUUSD+XAGUSD M15 5000 candles (MetaQuotes-Demo 5055310793 leder + Rune Copy#! foelger), 0 nye signaler, 0 lukkede deals med symbol sidste 7 dage (kun balance-deposit), ingen konto-anmodning (account_request.json findes ikke), handel ikke pauset (control.json findes ikke), 0 aabne positioner (leder+foelger), konto-status opdateret for leder og rune_copy foelger","XAUUSD,XAGUSD",0,ok
2026-09-02 14:36:32.027621+00:00,"Scan 137: XAUUSD+XAGUSD M15 5000 candles (MetaQuotes-Demo 5055310793 leder + Rune Copy foelger), 0 nye signaler, 0 lukkede deals med symbol sidste 7 dage (kun balance-deposit), ingen konto-anmodning, ingen omdoeb-anmodning, handel ikke pauset, 0 aabne positioner leder+foelger, konto-status opdateret for begge konti","XAUUSD,XAGUSD",0,ok
2026-09-02 14:46:24.250930+00:00,"0 nye signaler, 0 lukkede deals med symbol sidste 7 dage (kun balance-deposit), ingen konto-anmodning, omdoeb-anmodning behandlet (rune_copy: Rune Copy#! -> Rune Copy#1), ingen byt-leder-anmodning, handel ikke pauset (control.json findes ikke), 0 aabne positioner (leder+foelger)","XAUUSD,XAGUSD",0,ok
2026-09-02 14:52:21.813674+00:00,"Scan 2026-09-02 (139): XAUUSD+XAGUSD M15 5000 candles (rune_copy leder [efter leder-byt] + leader foelger), 0 nye signaler, 0 lukkede deals sidste 7 dage, ingen konto-anmodning, ingen omdoeb-anmodning, byt-leder-anmodning behandlet (rune_copy er nu leder, leader er nu foelger), handel ikke pauset (control.json findes ikke), 0 aabne positioner (leder+foelger), konto-status opdateret for begge konti","XAUUSD,XAGUSD",0,ok
2026-09-02 14:55:40.572357+00:00,"Scan 2026-09-02 (140): XAUUSD+XAGUSD M15 5000 candles (leader foelger efter leder-byt tilbage til Rune Main), 0 nye signaler, 0 lukkede deals sidste 7 dage (kun balance-deposit), byt-leder-anmodning behandlet (rune_copy -> leader), 0 aabne positioner, konto-status opdateret for begge konti","XAUUSD,XAGUSD",0,ok
2026-09-02 15:02:24.837924+00:00,"Scan 2026-09-02 (141): XAUUSD+XAGUSD M15 5000 candles (leader Rune Main), 0 nye signaler, 0 lukkede deals sidste 7 dage (kun balance-deposit), 0 aabne positioner, konto-status opdateret for begge konti","XAUUSD,XAGUSD",0,ok
2026-09-02 15:15:18.256988+00:00,"Scan 2026-09-02 (142): XAUUSD+XAGUSD M15 5000 candles (leader Rune Main), 0 nye signaler, 0 lukkede deals sidste 7 dage (kun balance-deposit), 0 aabne positioner, konto-status opdateret for begge konti","XAUUSD,XAGUSD",0,ok
2026-09-02 15:32:47.403040+00:00,"Scan 2026-09-02 (143): XAUUSD+XAGUSD M15 5000 candles (leder Rune Main), 0 nye signaler, 0 lukkede deals sidste 7 dage (kun balance-deposit), 0 aabne positioner, konto-status opdateret for begge konti. control.json ikke fundet i repo -- behandlet som ikke-pauset (default).","XAUUSD,XAGUSD",0,ok
2026-09-02 15:47:43.685772+00:00,"Scan: XAUUSD+XAGUSD M15 5000 candles (leader Rune Main), 0 nye signaler, 0 lukkede deals sidste 7 dage (kun balance-deposit), 0 aabne positioner, konto-status opdateret for begge konti (leader + rune_copy), control.json findes ikke i repo (ingen pause)","XAUUSD,XAGUSD",0,ok
2026-09-02 16:01:52.207724+00:00,"Scan 2026-09-02 (145): XAUUSD+XAGUSD M15 5000 candles (leader Rune Main), 0 nye signaler, 0 lukkede deals sidste 7 dage (kun balance-deposit), 0 aabne positioner, konto-status opdateret for begge konti","XAUUSD,XAGUSD",0,ok
2026-09-02 16:16:55.752921+00:00,"Scan 2026-09-02: XAUUSD+XAGUSD M15 5000 candles (leader Rune Main), 0 nye signaler, 0 lukkede deals sidste 7 dage (kun balance-deposit), 0 aabne positioner, konto-status opdateret for begge konti","XAUUSD,XAGUSD",0,ok
2026-09-02 16:32:46.258301+00:00,"Scan XAUUSD+XAGUSD M15 5000 candles (leader Rune Main), 0 nye signaler, 0 lukkede deals sidste 7 dage (kun balance-deposit), 0 aabne positioner, konto-status opdateret for begge konti","XAUUSD,XAGUSD",0,ok
2026-09-02 16:47:25.755995+00:00,"Scan 2026-09-02: XAUUSD+XAGUSD M15 5000 candles (leader Rune Main), 0 nye signaler, 0 lukkede deals sidste 7 dage (kun balance-deposit), 0 aabne positioner, konto-status opdateret for begge konti","XAUUSD,XAGUSD",0,ok
2026-09-02 17:03:15.363486+00:00,"Scan 2026-09-02: XAUUSD+XAGUSD M15 5000 candles (leader Rune Main), 0 nye signaler, 0 lukkede deals sidste 7 dage (kun balance-deposit), 0 aabne positioner, konto-status opdateret for leder+foelger","XAUUSD,XAGUSD",0,ok
2026-09-02 17:18:05.219044+00:00,"Scan (leder Rune Main): XAUUSD+XAGUSD M15 5000 candles, 0 nye signaler, 0 lukkede deals sidste 7 dage (kun balance-deposit), 0 aabne positioner, konto-status opdateret for begge konti","XAUUSD,XAGUSD",0,ok
2026-09-02 17:33:12.817739+00:00,"Scan 151: XAUUSD+XAGUSD M15 5000 candles (leader Rune Main), 0 nye signaler, 0 lukkede deals sidste 7 dage (kun balance-deposit), 0 aabne positioner, konto-status opdateret for begge konti","XAUUSD,XAGUSD",0,ok
2026-09-02 17:47:16.931927+00:00,"Scan 2026-09-02 (152): XAUUSD+XAGUSD M15 5000 candles (leader Rune Main), 0 nye signaler, 0 lukkede deals sidste 7 dage (kun balance-deposit), 0 aabne positioner, konto-status opdateret for begge konti","XAUUSD,XAGUSD",0,ok
2026-09-02 18:02:31.573083+00:00,"XAUUSD+XAGUSD M15 5000 candles (leader Rune Main), 0 nye signaler, 0 lukkede deals sidste 7 dage (kun balance-deposit), 0 aabne positioner, konto-status opdateret for begge konti","XAUUSD,XAGUSD",0,ok
2026-09-02 18:31:51.813294+00:00,"Scan 2026-09-02: XAUUSD+XAGUSD M15 5000 candles (leder Rune Main), 0 nye signaler, 0 lukkede deals sidste 7 dage (kun balance-deposit), 0 aabne positioner, konto-status opdateret for leder og rune_copy, control.json findes ikke i repo (behandlet som ikke-pauseret)","XAUUSD,XAGUSD",0,ok
2026-09-02 18:40:58.787975+00:00,"Scan 2026-09-02 (156): XAUUSD+XAGUSD M15 5000 candles (leader Rune Main), 0 nye signaler, 0 lukkede deals sidste 7 dage (kun balance-deposit), 0 aabne positioner, konto-status opdateret for begge konti (leader + rune_copy). control.json findes fortsat ikke, behandlet som ikke-pauset. Ingen konto/omdoeb/leder-skift-anmodninger.","XAUUSD,XAGUSD",0,ok
2026-09-02 18:51:59.317088+00:00,"Scan 2026-09-02: XAUUSD+XAGUSD M15 5000 candles (leder Rune Main). 0 lukkede deals sidste 7 dage (kun balance-deposit). Fandt 1 signal (XAGUSD Powell_KeyOpen short, tidligere logget 18:47 som AFVENTER EKSEKVERING, nu eksekveret): pending SELL_STOP @ 64.314 SL 64.640 TP 63.662 lot 0.01 placeret paa leder (ticket 58281230576). Foelger Rune Copy#1 (metatrader_2) FEJLEDE: AutoTrading disabled by client (retcode 10027) - foelgeren fik ingen ordre. 0 aabne positioner paa nogen konto. Konto-status opdateret for begge konti.","XAUUSD,XAGUSD",1,warning
2026-09-02 19:02:42.591268+00:00,"Scan 158: XAUUSD+XAGUSD M15 5000 candles (leader Rune Main), 0 nye signaler, 0 lukkede deals sidste 7 dage (kun balance-deposit), 0 aabne positioner paa leder og foelger, konto-status opdateret for begge konti. control.json findes ikke i repoet, behandlet som ikke-pauset.","XAUUSD,XAGUSD",0,ok
2026-09-02 19:17:48.191027+00:00,"Scan 2026-09-02 (159): XAUUSD+XAGUSD M15 5000 candles (leader Rune Main), 0 nye signaler, 0 lukkede deals sidste 7 dage (kun balance-deposit), 0 aabne positioner, konto-status opdateret for begge konti (Rune Main + Rune Copy#1)","XAUUSD,XAGUSD",0,ok
2026-09-02 19:33:13.087369+00:00,"Scan (leder Rune Main): XAUUSD+XAGUSD M15 5000 candles, 0 nye signaler, 0 lukkede deals sidste 7 dage (kun balance-deposit), 0 aabne positioner (leder+foelger), konto-status opdateret for begge konti (leader, rune_copy).","XAUUSD,XAGUSD",0,ok
2026-09-02 19:47:09.852976+00:00,"Scan 2026-09-02 (161): XAUUSD+XAGUSD M15 5000 candles (leader Rune Main), 0 nye signaler, 0 lukkede deals sidste 7 dage (kun balance-deposit), 0 aabne positioner, konto-status opdateret for begge konti","XAUUSD,XAGUSD",0,ok
2026-09-02 20:03:35.635136+00:00,"Scan 2026-09-02 (162): XAUUSD+XAGUSD M15 5000 candles (leader Rune Main), 0 nye signaler, 0 lukkede deals sidste 7 dage (allerede afstemt), 0 aabne positioner (leder+foelger), konto-status opdateret for begge konti","XAUUSD,XAGUSD",0,ok
2026-09-02 20:17:45.318701+00:00,"Scan 2026-09-02 (163): XAUUSD+XAGUSD M15 5000 candles (leader Rune Main), 0 nye signaler, 0 lukkede deals sidste 7 dage (kun balance-deposit), 0 aabne positioner (leder+foelger), konto-status opdateret for begge konti. Ingen control.json fundet i repo (antaget ikke pauset).","XAUUSD,XAGUSD",0,ok
2026-09-02 20:33:09.185477+00:00,"Scan 2026-09-02: XAUUSD+XAGUSD M15 5000 candles (leder Rune Main), 0 nye signaler, 0 lukkede deals sidste 7 dage (kun balance-deposit), 0 aabne positioner (leder+foelger), konto-status opdateret for begge konti, ingen anmodningsfiler, control.json findes ikke -> ikke pauset","XAUUSD,XAGUSD",0,ok
2026-09-02 20:47:18.090268+00:00,"Scan 2026-09-02 (165): XAUUSD+XAGUSD M15 5000 candles (leader Rune Main), 0 nye signaler, 0 lukkede deals sidste 7 dage (kun balance-deposit), 0 aabne positioner (leder+foelger), konto-status opdateret for begge konti. control.json findes ikke -- behandlet som ikke-pauset.","XAUUSD,XAGUSD",0,ok
2026-09-02 21:01:37.267414+00:00,"Scan 166: XAUUSD+XAGUSD M15 5000 candles (leader Rune Main), 0 nye signaler, 0 lukkede deals sidste 7 dage (kun balance-deposit), 0 aabne positioner (leder+foelger), konto-status opdateret for begge konti (leder+rune_copy), ingen account_request/rename_request/swap_leader_request, control.json findes ikke (behandlet som ikke-pauset)","XAUUSD,XAGUSD",0,ok
2026-09-02 21:17:09.761511+00:00,"Scan 2026-09-02 (167): XAUUSD+XAGUSD M15 5000 candles (leader Rune Main), 0 nye signaler, 0 lukkede deals sidste 7 dage (kun balance-deposit), 0 aabne positioner (leder+foelger), konto-status opdateret for begge konti","XAUUSD,XAGUSD",0,ok
2026-09-02 21:32:04.751762+00:00,"Scan 168: XAUUSD+XAGUSD M15 5000 candles (leader Rune Main), 0 nye signaler, 0 lukkede deals sidste 7 dage (kun balance-deposit), 0 aabne positioner (leder+foelger), konto-status opdateret for begge konti (leader, rune_copy). control.json findes ikke i repo -> behandlet som ikke pauset.","XAUUSD,XAGUSD",0,ok
2026-09-02 21:47:36.129069+00:00,"Scan 2026-09-02 (169): XAUUSD+XAGUSD M15 5000 candles (leader Rune Main), 0 nye signaler, 0 lukkede deals sidste 7 dage (kun balance-deposit), 0 aabne positioner (leder+foelger), konto-status opdateret for begge konti (leder+rune_copy). control.json findes ikke i repo -- behandlet som ikke-pauset, ingen anmodningsfiler fundet.","XAUUSD,XAGUSD",0,ok
2026-09-02 22:02:55.987605+00:00,"Scan 2026-09-03: XAUUSD+XAGUSD M15 5000 candles (leader Rune Main), 0 nye signaler, 1 lukket deal sidste 7 dage (XAGUSD Powell_KeyOpen SL, -6.45 USD, allerede afstemt fra tidligere koersel), 0 aabne positioner (leder+foelger), control.json ikke fundet i repo -> behandlet som ikke pauset, konto-status opdateret for begge konti.","XAUUSD,XAGUSD",0,ok
2026-09-02 22:17:45.102951+00:00,"Scan 2026-09-03: XAUUSD+XAGUSD M15 5000 candles (leder Rune Main), 0 nye signaler, 1 lukket deal sidste 7 dage (allerede afstemt fra tidligere koersel), 0 aabne positioner (leder+foelger), konto-status opdateret for begge konti (leader + rune_copy). control.json findes ikke i repoet -- behandlet som ikke pauset.","XAUUSD,XAGUSD",0,ok
2026-09-02 22:32:17.082352+00:00,"Scan 2026-09-03: XAUUSD+XAGUSD M15 5000 candles (leder Rune Main), 0 nye signaler, 0 lukkede deals sidste 7 dage (kun tidligere afstemt XAGUSD-tab, ingen nye), 0 aabne positioner (leder+foelger), konto-status opdateret for begge konti, control.json findes ikke i repo (behandlet som ikke-pauset)","XAUUSD,XAGUSD",0,ok
2026-09-02 22:47:11.985316+00:00,"Scan 2026-09-03: XAUUSD+XAGUSD M15 5000 candles (leader Rune Main), 0 nye signaler, 0 nye lukkede deals sidste 7 dage (tidligere afstemt XAGUSD-tab, ingen nye), 0 aabne positioner (leder+foelger), konto-status opdateret for begge konti (leder+rune_copy). control.json findes ikke i repoet - behandlet som ikke pauset.","XAUUSD,XAGUSD",0,ok
2026-09-02 23:02:57.360742+00:00,"Scan 2026-09-03: XAUUSD+XAGUSD M15 5000 candles (leader Rune Main), 0 nye signaler, 0 nye lukkede deals sidste 7 dage (XAGUSD-tab allerede afstemt), 0 aabne positioner (leder+foelger), control.json findes ikke i repo (ikke pauset), konto-status opdateret for begge konti","XAUUSD,XAGUSD",0,ok
2026-09-02 23:17:26.892862+00:00,"Scan 2026-09-03: XAUUSD+XAGUSD M15 5000 candles (leader Rune Main), 0 nye signaler, 0 nye lukkede deals sidste 7 dage (XAGUSD-tab allerede afstemt), 0 aabne positioner (leder+foelger), konto-status opdateret for begge konti","XAUUSD,XAGUSD",0,ok
2026-09-02 23:32:49.768809+00:00,"Scan 2026-09-03: XAUUSD+XAGUSD M15 5000 candles (leader Rune Main), 0 nye signaler, 0 nye lukkede deals sidste 7 dage (XAGUSD-tab allerede afstemt), 0 aabne positioner (leder+foelger), konto-status opdateret for begge konti (leader, rune_copy). control.json findes ikke i repo -> behandlet som ikke-pauseret.","XAUUSD,XAGUSD",0,ok
2026-09-02 23:49:08.481020+00:00,"Scan 2026-09-03: ingen konto/omdoeb/leder-anmodninger. control.json findes ikke i repoet (behandlet som ikke pauset, normal koersel fortsatte). XAUUSD+XAGUSD M15 5000 candles fra leder (Rune Main), 0 nye signaler alle 4 strategier. Afstemning: 1 lukket XAGUSD-deal fundet (ticket 58272161854, -6.45 USD) men allerede afstemt tidligere, 0 nye opdateringer. 0 aabne positioner paa leder og foelger (Rune Copy#1). Konto-status logget for begge konti.","XAUUSD,XAGUSD",0,ok
2026-09-03 00:02:44.788909+00:00,"Scan 2026-09-03: XAUUSD+XAGUSD M15 5000 candles (leader Rune Main), 0 nye signaler, 0 nye lukkede deals (XAGUSD-tab allerede afstemt tidligere), 0 aabne positioner (leder+foelger), konto-status opdateret for begge konti, control.json ikke fundet i repo (behandlet som ikke pauset)","XAUUSD,XAGUSD",0,ok
2026-09-03 00:17:57.770396+00:00,"Scan 2026-09-03: XAUUSD+XAGUSD M15 5000 candles (leder Rune Main), 0 nye signaler, 0 nye lukkede deals at afstemme (XAGUSD-tab allerede afstemt tidligere), 0 aabne positioner og 0 pending ordrer (leder+foelger), konto-status opdateret for begge konti (Rune Main + Rune Copy#1), control.json ikke fundet i repo (behandlet som ikke pauset), ingen account/rename/swap_leader-anmodninger fundet.","XAUUSD,XAGUSD",0,ok
2026-09-03 00:32:12.385871+00:00,"Scan 2026-09-03: XAUUSD+XAGUSD M15 5000 candles (leader Rune Main), 0 nye signaler, 0 nye lukkede deals (XAGUSD-tab allerede afstemt tidligere), 0 aabne positioner/pending ordrer (leder+foelger), konto-status opdateret for begge konti (leader + rune_copy), control.json ikke fundet i repo (behandlet som ikke pauset), ingen konto-/omdoeb-/leder-anmodninger fundet.","XAUUSD,XAGUSD",0,ok
2026-09-03 00:47:26.502353+00:00,"Scan 2026-09-03: XAUUSD+XAGUSD M15 5000 candles (leader Rune Main), 0 nye signaler, 0 nye lukkede deals (XAGUSD-tab allerede afstemt tidligere), 0 aabne positioner/pending ordrer (leder+foelger), konto-status opdateret for begge konti, control.json ikke fundet i repo (behandlet som ikke pauset)","XAUUSD,XAGUSD",0,ok
2026-09-03 01:02:24.801288+00:00,"Scan 2026-09-03: XAUUSD+XAGUSD M15 5000 candles (leder Rune Main), 0 nye signaler, 0 nye lukkede deals (XAGUSD-tab allerede afstemt tidligere), 0 aabne positioner/pending ordrer (leder+foelger), konto-status opdateret for begge konti, control.json ikke fundet i repo (behandlet som ikke pauset)","XAUUSD,XAGUSD",0,ok
2026-09-03 01:17:20.323695+00:00,"Scan 2026-09-03: XAUUSD+XAGUSD M15 5000 candles (leader Rune Main), 0 nye signaler, reconcile koert (0 nye afstemte - XAGUSD-tab allerede afstemt tidligere), 0 aabne positioner (leder+foelger), konto-status opdateret for begge konti, control.json ikke fundet i repo/GitHub (behandlet som ikke pauset)","XAUUSD,XAGUSD",0,ok
2026-09-03 01:32:00.554221+00:00,"Scan 2026-09-03: XAUUSD+XAGUSD M15 5000 candles (leader Rune Main), 0 nye signaler, 0 nye afstemte trades (XAGUSD-tab allerede afstemt tidligere), 0 aabne positioner (leder+foelger), konto-status opdateret for begge konti, control.json/account_request.json/rename_request.json/swap_leader_request.json ikke fundet i repo (behandlet som ikke pauset / intet at behandle)","XAUUSD,XAGUSD",0,ok
2026-09-03 01:47:30.103718+00:00,"Scan 2026-09-03: XAUUSD+XAGUSD M15 5000 candles (leader Rune Main), 0 nye signaler, 0 nye afstemte trades (XAGUSD-tab 58272161854 allerede afstemt tidligere), 0 aabne positioner/pending ordrer paa leder+foelger. Bemaerkning: leder-pending-ordre 58281230576 (SELL_STOP XAGUSD fra 2026-09-02) er ikke laengere i pending orders og har ingen lukket deal i perioden -- formentlig udloebet/annulleret, forbliver uafstemt i forward_test_log.csv. Konto-status opdateret for begge konti. control.json ikke fundet i repo/GitHub (behandlet som ikke pauset). Ingen account_request/rename_request/swap_leader_request fundet.","XAUUSD,XAGUSD",0,warning
2026-09-03 02:02:01.930137+00:00,"Scan 2026-09-03: XAUUSD+XAGUSD M15 5000 candles (leader Rune Main), 0 nye signaler, 0 nye afstemte trades (XAGUSD 58272161854 allerede afstemt), 0 aabne positioner/pending ordrer leder+foelger, konto-status opdateret for begge konti (leder+rune_copy), control.json ikke fundet i repo/GitHub (behandlet som ikke pauset)","XAUUSD,XAGUSD",0,ok
2026-09-03 02:17:47.803412+00:00,"Scan 2026-09-03: XAUUSD+XAGUSD M15 5000 candles (leader Rune Main), 0 nye signaler, 0 nye afstemte trades (XAGUSD 58272161854 allerede afstemt), 0 aabne positioner/pending ordrer leder+foelger, konto-status opdateret for begge konti, control.json ikke fundet i repo/GitHub (behandlet som ikke pauset)","XAUUSD,XAGUSD",0,ok
2026-09-03 02:31:21.046010+00:00,"Scan 2026-09-03: XAUUSD+XAGUSD M15 5000 candles (leader Rune Main), 0 nye signaler, 0 nye afstemte trades (XAGUSD 58272161854 allerede afstemt), 0 aabne positioner/pending ordrer leder+foelger, konto-status opdateret for begge konti (leder+rune_copy), control.json ikke fundet i repo/GitHub (behandlet som ikke pauset)","XAUUSD,XAGUSD",0,ok
2026-09-03 02:46:58.996932+00:00,"Scan 2026-09-03: XAUUSD+XAGUSD M15 5000 candles (leader Rune Main), 0 nye signaler, 0 nye afstemte trades (XAGUSD 58272161854 allerede afstemt), 0 aabne positioner/pending ordrer leder+foelger, konto-status opdateret for begge konti, control.json ikke fundet i repo/GitHub (behandlet som ikke pauset)","XAUUSD,XAGUSD",0,ok
2026-09-03 03:02:23.320923+00:00,"Scan 2026-09-03: XAUUSD+XAGUSD M15 5000 candles (leader Rune Main), 0 nye signaler, 0 nye afstemte trades (XAGUSD 58272161854 allerede afstemt), 0 aabne positioner/pending ordrer leder+foelger, konto-status opdateret for begge konti, control.json ikke fundet i repo/GitHub (behandlet som ikke pauset)","XAUUSD,XAGUSD",0,ok
2026-09-03 03:17:02.134860+00:00,"Scan 2026-09-03: XAUUSD+XAGUSD M15 5000 candles (leader Rune Main), 0 nye signaler, 0 nye afstemte trades (XAGUSD 58272161854 allerede afstemt), 0 aabne positioner/pending ordrer leder+foelger, konto-status opdateret for begge konti (leder + Rune Copy#1), control.json ikke fundet i repo/GitHub (behandlet som ikke pauset), ingen account_request/rename_request/swap_leader_request filer fundet","XAUUSD,XAGUSD",0,ok
2026-09-03 03:32:27.089016+00:00,"Scan 2026-09-03: XAUUSD+XAGUSD M15 5000 candles (leader Rune Main), 0 nye signaler, 0 nye afstemte trades (XAGUSD 58272161854 allerede afstemt), 0 aabne positioner/pending ordrer leder+foelger, konto-status opdateret for begge konti, control.json ikke fundet i repo/GitHub (behandlet som ikke pauset)","XAUUSD,XAGUSD",0,ok
2026-09-03 03:47:26.981420+00:00,"Scan 2026-09-03: XAUUSD+XAGUSD M15 5000 candles (leader Rune Main), 0 nye signaler, reconcile 0 nye afstemte (XAGUSD 58272161854 allerede afstemt tidligere), 0 aabne positioner/pending ordrer leder+foelger, konto-status opdateret for begge konti (leder+Rune Copy#1), control.json ikke fundet i repo/GitHub (behandlet som ikke pauset), ingen account_request/rename_request/swap_leader_request fundet.","XAUUSD,XAGUSD",0,ok
2026-09-03 04:02:23.782614+00:00,"Scan 2026-09-03: XAUUSD+XAGUSD M15 5000 candles (leader Rune Main), 0 nye signaler, reconcile 0 nye afstemte trades (XAGUSD 58272161854 allerede afstemt), 0 aabne positioner/pending ordrer leder+foelger, konto-status opdateret for begge konti (leder+rune_copy), control.json ikke fundet i repo/GitHub (behandlet som ikke pauset), ingen account/rename/swap-leader anmodninger fundet. Bemaerkning: lederens pending SELL_STOP fra forrige koersel (ticket 58281230576) findes ikke laengere i pending orders eller ordrehistorik 2026-09-02/09-03 (ikke undersoegt yderligere, uden for numereret proces).","XAUUSD,XAGUSD",0,ok
2026-09-03 04:17:49.173779+00:00,"Scan 2026-09-03: XAUUSD+XAGUSD M15 5000 candles (leader Rune Main), 0 nye signaler, reconcile 0 nye afstemte trades (XAGUSD 58272161854 allerede afstemt), 0 aabne positioner/pending ordrer leder+foelger, konto-status opdateret for begge konti (Rune Main, Rune Copy#1), control.json ikke fundet i repo/GitHub (behandlet som ikke pauset), ingen account/rename/swap-leader anmodninger fundet","XAUUSD,XAGUSD",0,ok
2026-09-03 04:33:10.370209+00:00,"Scan 2026-09-03: XAUUSD+XAGUSD M15 5000 candles (leader Rune Main), 0 nye signaler, reconcile 0 nye afstemte trades (XAGUSD 58272161854 allerede afstemt), 0 aabne positioner/pending ordrer leder+foelger, konto-status opdateret for begge konti (Rune Main + Rune Copy#1), control.json ikke fundet i repo/GitHub (behandlet som ikke pauset), ingen account/rename/swap-leader anmodninger fundet","XAUUSD,XAGUSD",0,ok
2026-09-03 04:46:55.623293+00:00,"Scan 2026-09-03: XAUUSD+XAGUSD M15 5000 candles (leder Rune Main), 0 nye signaler, reconcile 0 nye afstemte trades (XAGUSD 58272161854 allerede afstemt), 0 aabne positioner/pending ordrer leder+foelger, konto-status opdateret for begge konti, control.json ikke fundet i repo/GitHub (behandlet som ikke pauset), ingen account/rename/swap-leader anmodninger fundet","XAUUSD,XAGUSD",0,ok
2026-09-03 05:03:13.120031+00:00,"Scan 2026-09-03: XAUUSD+XAGUSD M15 5000 candles (leder Rune Main), 0 nye signaler, reconcile 0 nye afstemte trades (XAGUSD 58272161854 allerede afstemt), 0 aabne positioner/pending ordrer leder+foelger, konto-status opdateret for begge konti, control.json ikke fundet i repo/GitHub (behandlet som ikke pauset), ingen account/rename/swap-leader anmodninger fundet","XAUUSD,XAGUSD",0,ok
2026-09-03 05:17:45.509608+00:00,"Scan 2026-09-03: XAUUSD+XAGUSD M15 5000 candles (leader Rune Main), 0 nye signaler, reconcile 0 nye afstemte trades (XAGUSD 58272161854 allerede afstemt), pending ordre 58281230576 (XAGUSD SELL_STOP fra 09-02) udloebet/annulleret uden fill - ingen deal, forbliver uafstemt (som ticket 11514671-tilfaeldet), 0 aabne positioner/pending ordrer leder+foelger, konto-status opdateret for begge konti (leder+rune_copy), control.json ikke fundet paa GitHub (404, behandlet som ikke pauset), ingen account/rename/swap-leader anmodninger fundet","XAUUSD,XAGUSD",0,warning
2026-09-03 05:32:53.372197+00:00,"Scan 2026-09-03: XAUUSD+XAGUSD M15 5000 candles (leader Rune Main), 0 nye signaler, reconcile 0 nye afstemte trades (XAGUSD 58272161854 allerede afstemt), pending ordre 58281230576 stadig uafstemt (ingen matching deal), 0 aabne positioner/pending ordrer leder+foelger, konto-status opdateret for begge konti (leder + Rune Copy#1), control.json ikke fundet paa GitHub (behandlet som ikke pauset), ingen account/rename/swap-leader anmodninger fundet.","XAUUSD,XAGUSD",0,ok
2026-09-03 05:47:35.624288+00:00,"Scan 2026-09-03: XAUUSD+XAGUSD M15 5000 candles (leader Rune Main), 0 nye signaler, reconcile 0 nye afstemte trades (XAGUSD 58272161854 allerede afstemt), pending ordre 58281230576 stadig ikke i handelshistorik/pending-liste (uafstemt, ingen matching deal), 0 aabne positioner/pending ordrer leder+foelger, konto-status opdateret for begge konti (leder + Rune Copy#1), control.json ikke fundet paa GitHub (behandlet som ikke pauset), ingen account/rename/swap-leader anmodninger fundet","XAUUSD,XAGUSD",0,ok
2026-09-03 06:02:23.343601+00:00,"Scan 2026-09-03: XAUUSD+XAGUSD M15 5000 candles (leader Rune Main), 0 nye signaler, reconcile 0 nye afstemte trades (XAGUSD 58272161854 allerede afstemt), pending ordre 58281230576 stadig uafstemt (ingen matching deal i seneste 7 dage), 0 aabne positioner leder+foelger, konto-status opdateret for begge konti (leder + Rune Copy#1), control.json ikke fundet paa GitHub (404, behandlet som ikke pauset), ingen account/rename/swap-leader anmodninger fundet.","XAUUSD,XAGUSD",0,ok
2026-09-03 06:17:25.212673+00:00,"Scan 2026-09-03: XAUUSD+XAGUSD M15 5000 candles (leader Rune Main), 0 nye signaler, reconcile 0 nye afstemte trades (XAGUSD 58272161854 allerede afstemt), pending ordre 58281230576 udloebet uden fill (ikke i pending-liste, ingen matching deal, forbliver uafstemt), 0 aabne positioner/pending ordrer leder+foelger, konto-status opdateret for begge konti (leder Rune Main + Rune Copy#1), control.json ikke fundet paa GitHub (behandlet som ikke pauset), ingen account/rename/swap-leader anmodninger fundet","XAUUSD,XAGUSD",0,ok
2026-09-03 06:32:43.896774+00:00,"Scan 2026-09-03: XAUUSD+XAGUSD M15 5000 candles (leader Rune Main), 0 nye signaler, reconcile 0 nye afstemte trades (XAGUSD 58272161854 allerede afstemt), 0 aabne positioner/pending ordrer leder+foelger, konto-status opdateret for begge konti (leder + Rune Copy#1), control.json ikke fundet paa GitHub (behandlet som ikke pauset), ingen account/rename/swap-leader anmodninger fundet","XAUUSD,XAGUSD",0,ok
2026-09-03 06:47:33.934757+00:00,"Scan 2026-09-03: XAUUSD+XAGUSD M15 5000 candles (leder Rune Main), 0 nye signaler, reconcile 0 nye afstemte trades (XAGUSD 58272161854 allerede afstemt, pending ordre 58281230576 fortsat uafstemt/ingen matching deal i 7-dages vindue), 0 aabne positioner/pending ordrer leder+foelger, konto-status opdateret for begge konti (leder + Rune Copy#1), control.json ikke fundet paa GitHub (behandlet som ikke pauset), ingen account/rename/swap-leader anmodninger fundet","XAUUSD,XAGUSD",0,ok
2026-09-03 07:02:42.433061+00:00,"Scan XAUUSD+XAGUSD M15 5000 candles (leder Rune Main): 0 nye signaler. Reconcile: 0 nye afstemte trades (XAGUSD 58272161854 allerede afstemt tidligere, pending ordre 58281230576 fortsat uafstemt - ikke i deal-historik, ingen aabne pending ordrer/positioner). 0 aabne positioner/pending ordrer paa leder og foelger (Rune Copy#1). Konto-status logget for begge konti. control.json ikke fundet paa GitHub (behandlet som ikke pauset). Ingen account/rename/swap-leader anmodninger fundet.","XAUUSD,XAGUSD",0,ok
2026-09-03 07:17:53.390495+00:00,"Scan 2026-09-03: XAUUSD+XAGUSD M15 5000 candles (leder Rune Main), 0 nye signaler, reconcile 0 nye afstemte trades (XAGUSD 58272161854 allerede afstemt, pending ordre 58281230576 ikke i pending-liste laengere - udloebet uden fill), 0 aabne positioner/pending ordrer leder+foelger, konto-status opdateret for begge konti (leder + Rune Copy#1), control.json ikke fundet paa GitHub (behandlet som ikke pauset), ingen account/rename/swap-leader anmodninger fundet","XAUUSD,XAGUSD",0,ok
2026-09-03 07:32:22.172948+00:00,"Scan 2026-09-03: XAUUSD+XAGUSD M15 5000 candles (leder Rune Main), 0 nye signaler, reconcile 0 nye afstemte trades (XAGUSD 58272161854 allerede afstemt, pending ordre 58281230576 udloebet uden fill - ikke laengere i pending-liste), 0 aabne positioner/pending ordrer leder+foelger, konto-status opdateret for begge konti (leder + Rune Copy#1), control.json ikke fundet paa GitHub (behandlet som ikke pauset), ingen account/rename/swap-leader anmodninger fundet","XAUUSD,XAGUSD",0,ok
2026-09-03 07:47:44.634185+00:00,"Scan 2026-09-03: XAUUSD+XAGUSD M15 5000 candles (leder Rune Main), 0 nye signaler, reconcile 0 nye afstemte trades (XAGUSD 58272161854 allerede afstemt, pending ordre 58281230576 udloebet uden fill - ikke laengere i pending-liste), 0 aabne positioner/pending ordrer leder+foelger, konto-status opdateret for begge konti (leder + Rune Copy#1), control.json ikke fundet paa GitHub (behandlet som ikke pauset), ingen account/rename/swap-leader anmodninger fundet","XAUUSD,XAGUSD",0,ok
2026-09-03 08:02:47.063782+00:00,"Scan 2026-09-03: XAUUSD+XAGUSD M15 5000 candles (leder Rune Main), 0 nye signaler, reconcile 0 nye afstemte trades (XAGUSD 58272161854 allerede afstemt, pending ordre 58281230576 fortsat udloebet uden fill - ikke i pending-liste), 0 aabne positioner/pending ordrer leder+foelger, konto-status opdateret for begge konti (leder + Rune Copy#1), control.json ikke fundet paa GitHub (behandlet som ikke pauset), ingen account/rename/swap-leader anmodninger fundet","XAUUSD,XAGUSD",0,ok
2026-09-03 08:16:54.247432+00:00,"Scan 2026-09-03: XAUUSD+XAGUSD M15 5000 candles (leder Rune Main), 0 nye signaler, reconcile 0 nye afstemte trades (XAGUSD 58272161854 allerede afstemt, pending ordre 58281230576 fortsat udloebet uden fill), 0 aabne positioner/pending ordrer leder+foelger, konto-status opdateret for begge konti (leder + Rune Copy#1), control.json ikke fundet paa GitHub (behandlet som ikke pauset), ingen account/rename/swap-leader anmodninger fundet","XAUUSD,XAGUSD",0,ok
2026-09-03 08:32:31.012385+00:00,"Scan 2026-09-03: XAUUSD+XAGUSD M15 5000 candles (leder Rune Main), 0 nye signaler, reconcile 0 nye afstemte trades (XAGUSD 58272161854 allerede afstemt, pending ordre 58281230576 fortsat udloebet uden fill - ikke i pending-liste), 0 aabne positioner/pending ordrer leder+foelger, konto-status opdateret for begge konti (leder + Rune Copy#1), control.json ikke fundet paa GitHub (behandlet som ikke pauset), ingen account/rename/swap-leader anmodninger fundet","XAUUSD,XAGUSD",0,ok
2026-09-03 08:49:43.120388+00:00,"Scan 2026-09-03: XAUUSD+XAGUSD M15 5000 candles (leder Rune Main), 1 nyt signal (XAUUSD Powell_KeyOpen long @ 4420.23, SL 4400.46, TP 4459.77), ordre placeret som pending BUY_LIMIT paa BAADE leder (ticket 58289015416) og foelger Rune Copy#1 (ticket 58289016418, lot 0.01, egen saldo-baseret sizing) - begge succesfulde, ingen AutoTrading-fejl denne gang. reconcile 0 nye afstemte trades (XAGUSD 58272161854 allerede afstemt, pending ordre 58281230576 fortsat udloebet uden fill - ikke i pending-liste). 0 aabne positioner leder+foelger foer ny ordre. Konto-status opdateret for begge konti (leder + Rune Copy#1). control.json ikke fundet paa GitHub (behandlet som ikke pauset). Ingen account/rename/swap-leader anmodninger fundet.","XAUUSD,XAGUSD",1,ok
2026-09-03 09:02:24.013049+00:00,"Scan 2026-09-03: XAUUSD+XAGUSD M15 5000 candles (leder Rune Main), 0 nye signaler, reconcile 0 nye afstemte trades (XAGUSD 58272161854 allerede afstemt), 0 aabne positioner leder+foelger, leder har 1 pending BUY_LIMIT (58289015416) og foelger 1 pending BUY_LIMIT (58289016418) fra tidligere koersel, konto-status opdateret for begge konti, control.json ikke fundet paa GitHub (behandlet som ikke pauset), ingen account/rename/swap-leader anmodninger fundet","XAUUSD,XAGUSD",0,ok
2026-09-03 09:18:33.338367+00:00,"Scan 2026-09-03: XAUUSD+XAGUSD M15 5000 candles (leder Rune Main), 1 nyt signal (XAUUSD Powell_KeyOpen long @ 4428.67), ordre placeret pending BUY_LIMIT paa leder (58289437438) og foelger Rune Copy#1 (58289441397, egen saldo-sizing), reconcile 0 nye afstemte trades (XAGUSD 58272161854 allerede afstemt), 0 aabne positioner leder+foelger, konto-status opdateret for begge konti (leder + Rune Copy#1), control.json ikke fundet paa GitHub (behandlet som ikke pauset), ingen account/rename/swap-leader anmodninger fundet","XAUUSD,XAGUSD",1,ok
2026-09-03 09:32:55.371574+00:00,"Scan 2026-09-03: XAUUSD+XAGUSD M15 5000 candles (leder Rune Main), 2 nye signaler (XAUUSD Powell_KeyOpen long @ 4431.34 ticket 58289648049, XAGUSD Powell_KeyOpen long @ 65.863 ticket 58289648185), begge ordrer placeret pending paa leder (BUY_LIMIT/BUY_STOP) og foelger Rune Copy#1 (58289650818, 58289651026, egen saldo-sizing), reconcile 0 nye afstemte trades (XAGUSD 58272161854 allerede afstemt), 0 aabne positioner leder+foelger, konto-status opdateret for begge konti (leder + Rune Copy#1), control.json ikke fundet paa GitHub (behandlet som ikke pauset), ingen account/rename/swap-leader anmodninger fundet","XAUUSD,XAGUSD",2,ok
2026-09-03 09:47:54.192771+00:00,"Scan 2026-09-03: XAUUSD+XAGUSD M15 5000 candles (leder Rune Main), 0 nye signaler, reconcile 0 nye afstemte trades (XAGUSD 58272161854 allerede afstemt), 1 aaben position leder+foelger (XAUUSD BUY 0.02, tickets 58289648049/58289650818), leder+foelger begge har 2 pending ordrer (XAUUSD BUY_LIMIT, XAGUSD BUY_STOP), konto-status opdateret for begge konti (leder + Rune Copy#1), control.json ikke fundet paa GitHub (behandlet som ikke pauset), ingen account/rename/swap-leader anmodninger fundet","XAUUSD,XAGUSD",0,ok
2026-09-03 10:02:19.842361+00:00,"Scan 2026-09-03: XAUUSD+XAGUSD M15 5000 candles (leder Rune Main), 0 nye signaler, reconcile 0 nye afstemte trades (XAGUSD 58272161854 allerede afstemt), 1 aaben position leder+foelger uaendret (XAUUSD BUY 0.02, tickets 58289648049/58289650818), konto-status opdateret for begge konti (leder + Rune Copy#1), control.json ikke fundet paa GitHub (behandlet som ikke pauset), ingen account/rename/swap-leader anmodninger fundet","XAUUSD,XAGUSD",0,ok
2026-09-03 10:17:50.528426+00:00,"Scan 2026-09-03: XAUUSD+XAGUSD M15 5000 candles (leder Rune Main), 0 nye signaler, reconcile 0 nye afstemte trades (XAGUSD 58272161854 allerede afstemt), 1 aaben position leder+foelger uaendret (XAUUSD BUY 0.02, tickets 58289648049/58289650818), leder+foelger begge har pending ordrer uaendret (XAUUSD BUY_LIMIT 58289015416, XAGUSD BUY_STOP 58289648185), konto-status opdateret for begge konti (leder + Rune Copy#1), control.json ikke fundet paa GitHub (behandlet som ikke pauset), ingen account/rename/swap-leader anmodninger fundet","XAUUSD,XAGUSD",0,ok
2026-09-03 10:32:22.188849+00:00,"Scan 2026-09-03: XAUUSD+XAGUSD M15 5000 candles (leder Rune Main), 0 nye signaler, reconcile 0 nye afstemte trades (XAGUSD 58272161854 allerede afstemt), 1 aaben position leder+foelger uaendret (XAUUSD BUY 0.03, tickets 58289648049/58289650818), leder+foelger begge har pending ordrer uaendret (XAGUSD BUY_STOP 58289648185/58289651026), konto-status opdateret for begge konti (leder + Rune Copy#1), control.json ikke fundet paa GitHub (behandlet som ikke pauset), ingen account/rename/swap-leader anmodninger fundet","XAUUSD,XAGUSD",0,ok
2026-09-03 10:47:28.186083+00:00,"Scan 2026-09-03: XAUUSD+XAGUSD M15 5000 candles (leder Rune Main), 0 nye signaler, reconcile 0 nye afstemte trades (XAGUSD 58272161854 allerede afstemt), 1 aaben position leder+foelger uaendret (XAUUSD BUY 0.03, tickets 58289648049/58289650818), leder+foelger begge har pending ordre uaendret (XAGUSD BUY_STOP 58289648185/58289651026), konto-status opdateret for begge konti (leder + Rune Copy#1), control.json ikke fundet paa GitHub (behandlet som ikke pauset), ingen account/rename/swap-leader anmodninger fundet","XAUUSD,XAGUSD",0,ok
2026-09-03 11:18:01.605824+00:00,"Scan 2026-09-03: XAUUSD+XAGUSD M15 5000 candles (leder Rune Main), 0 nye signaler, reconcile 0 nye afstemte trades (XAGUSD 58272161854 allerede afstemt), 2 aabne positioner leder+foelger uaendret/opdateret (XAUUSD BUY 0.03 tickets 58289648049/58289650818, XAGUSD BUY 0.01 tickets 58289648185/58289651026 - pending stop-ordre er nu triggeret til aaben position), ingen pending ordrer tilbage, konto-status opdateret for begge konti (leder + Rune Copy#1), control.json ikke fundet paa GitHub (behandlet som ikke pauset), ingen account/rename/swap-leader anmodninger fundet","XAUUSD,XAGUSD",0,ok
2026-09-03 11:33:05.042512+00:00,"Scan 2026-09-03: XAUUSD+XAGUSD M15 5000 candles (leder Rune Main), 0 nye signaler, reconcile 0 nye afstemte trades (XAGUSD 58272161854 allerede afstemt), 2 aabne positioner leder+foelger uaendret (XAUUSD BUY 0.03 tickets 58289648049/58289650818, XAGUSD BUY 0.01 tickets 58289648185/58289651026), konto-status opdateret for begge konti (leder + Rune Copy#1), control.json ikke fundet paa GitHub (behandlet som ikke pauset), ingen account/rename/swap-leader anmodninger fundet","XAUUSD,XAGUSD",0,ok
2026-09-03 11:48:00.708747+00:00,"Scan 2026-09-03: XAUUSD+XAGUSD M15 5000 candles (leder Rune Main), 0 nye signaler, reconcile 0 nye afstemte trades (XAGUSD 58272161854 allerede afstemt), 2 aabne positioner leder+foelger uaendret (XAUUSD BUY 0.03 tickets 58289648049/58289650818, XAGUSD BUY 0.01 tickets 58289648185/58289651026), konto-status opdateret for begge konti (leder + Rune Copy#1), control.json ikke fundet paa GitHub (behandlet som ikke pauset), ingen account/rename/swap-leader anmodninger fundet","XAUUSD,XAGUSD",0,ok
2026-09-03 12:02:08.925627+00:00,"Scan 2026-09-03: XAUUSD+XAGUSD M15 5000 candles (leder Rune Main), 0 nye signaler, reconcile 0 nye afstemte trades (XAGUSD 58272161854 allerede afstemt), 2 aabne positioner leder+foelger uaendret (XAUUSD BUY 0.03 tickets 58289648049/58289650818, XAGUSD BUY 0.01 tickets 58289648185/58289651026), konto-status opdateret for begge konti (leder + Rune Copy#1), control.json ikke fundet paa GitHub (behandlet som ikke pauset), ingen account/rename/swap-leader anmodninger fundet","XAUUSD,XAGUSD",0,ok
2026-09-03 12:17:48.499163+00:00,"Scan 2026-09-03: XAUUSD+XAGUSD M15 5000 candles (leder Rune Main), 0 nye signaler, reconcile 0 nye afstemte trades (XAGUSD 58272161854 allerede afstemt), 2 aabne positioner leder+foelger uaendret (XAUUSD BUY 0.03 tickets 58289648049/58289650818, XAGUSD BUY 0.01 tickets 58289648185/58289651026), konto-status opdateret for begge konti (leder + Rune Copy#1), control.json ikke fundet paa GitHub (behandlet som ikke pauset), ingen account/rename/swap-leader anmodninger fundet","XAUUSD,XAGUSD",0,ok
2026-09-03 12:32:49.130468+00:00,"Scan 2026-09-03: XAUUSD+XAGUSD M15 5000 candles (leder Rune Main), 0 nye signaler, reconcile 1 nyt afstemt trade (XAUUSD leder-ticket 58289648049 lukket TP-hit +99.07, foelger-ticket 58289650818 lukket TP-hit +99.07 samme tidspunkt; XAGUSD 58272161854 allerede afstemt), 1 aaben position tilbage leder+foelger (XAGUSD BUY 0.01 tickets 58289648185/58289651026), konto-status opdateret for begge konti (leder + Rune Copy#1), control.json ikke fundet paa GitHub (behandlet som ikke pauset), ingen account/rename/swap-leader anmodninger fundet","XAUUSD,XAGUSD",0,ok
2026-09-03 12:48:18.128320+00:00,"Scan 2026-09-03: XAUUSD+XAGUSD M15 5000 candles (leder Rune Main), 0 nye signaler, reconcile 0 nye afstemte trades (XAGUSD 58272161854 og XAUUSD 58289648049 allerede afstemt), 1 aaben position leder+foelger uaendret (XAGUSD BUY 0.01 tickets 58289648185/58289651026), pending SELL_STOP XAGUSD ticket 58281230576 (2026-09-02) fundet cancelled/udloebet - aldrig fyldt, konto-status opdateret for begge konti (leder + Rune Copy#1), control.json ikke fundet paa GitHub (behandlet som ikke pauset), ingen account/rename/swap-leader anmodninger fundet","XAUUSD,XAGUSD",0,ok
2026-09-03 13:02:00.282920+00:00,"Scan 2026-09-03: XAUUSD+XAGUSD M15 5000 candles (leder Rune Main), 0 nye signaler, reconcile 1 nyt afstemt trade (XAGUSD leder-ticket 58289648185 lukket TP-hit +37.80, foelger-ticket 58289651026 formodes lukket samtidig men ikke separat bekraeftet; XAGUSD 58272161854 og XAUUSD 58289648049 allerede afstemt), 0 aabne positioner tilbage paa leder- og foelger-konto (begge lukkede via TP i denne periode), konto-status opdateret for begge konti (leder balance 25130.42, Rune Copy#1 balance 25136.87), control.json ikke fundet paa GitHub (behandlet som ikke pauset), ingen account/rename/swap-leader anmodninger fundet","XAUUSD,XAGUSD",0,ok
2026-09-03 13:19:26.040539+00:00,"Scan 2026-09-03: XAUUSD+XAGUSD M15 5000 candles (leder Rune Main), 0 nye signaler, reconcile 0 nye afstemte trades (XAGUSD 58272161854 og TP-trades 58289648049/58289648185 allerede afstemt fra tidligere koersel), 0 aabne positioner leder og foelger, konto-status opdateret for begge konti (leder balance 25130.42, Rune Copy#1 balance 25136.87), control.json ikke fundet paa GitHub (behandlet som ikke pauset), ingen account/rename/swap-leader anmodninger fundet.","XAUUSD,XAGUSD",0,ok
2026-09-03 13:32:10.592199+00:00,"Scan 2026-09-03: XAUUSD+XAGUSD M15 5000 candles (leder Rune Main), 0 nye signaler, reconcile 0 nye afstemte trades (XAGUSD 58272161854 allerede afstemt), 0 aabne positioner leder og foelger, konto-status opdateret for begge konti (leder balance 25130.42, Rune Copy#1 balance 25136.87), control.json ikke fundet paa GitHub (behandlet som ikke pauset), ingen account/rename/swap-leader anmodninger fundet","XAUUSD,XAGUSD",0,ok
2026-09-03 13:48:15.208587+00:00,"Scan 2026-09-03: XAUUSD+XAGUSD M15 5000 candles (leder Rune Main), 0 nye signaler, reconcile 0 nye afstemte trades (XAGUSD 58272161854, XAUUSD 58289648049, XAGUSD 58289648185 allerede afstemt fra tidligere koersel), 0 aabne positioner leder og foelger, konto-status opdateret for begge konti (leder balance 25130.42, Rune Copy#1 balance 25136.87), control.json ikke fundet paa GitHub (behandlet som ikke pauset), ingen account/rename/swap-leader anmodninger fundet","XAUUSD,XAGUSD",0,ok
2026-09-03 14:03:01.993064+00:00,"Scan 2026-09-03: XAUUSD+XAGUSD M15 5000 candles (leder Rune Main), 0 nye signaler, reconcile 0 nye afstemte trades (XAGUSD 58272161854 allerede afstemt fra tidligere koersel), 0 aabne positioner leder og foelger, konto-status opdateret for begge konti (leder balance 25130.42, Rune Copy#1 balance 25136.87), control.json ikke fundet paa GitHub (behandlet som ikke pauset), ingen account/rename/swap-leader anmodninger fundet.","XAUUSD,XAGUSD",0,ok
2026-09-03 14:17:15.827637+00:00,"Scan 2026-09-03: XAUUSD+XAGUSD M15 5000 candles (leder Rune Main), 0 nye signaler, reconcile 0 nye afstemte trades (XAGUSD 58272161854 allerede afstemt), 0 aabne positioner leder og foelger, konto-status opdateret for begge konti (leder balance 25130.42, Rune Copy#1 balance 25136.87), control.json ikke fundet paa GitHub (behandlet som ikke pauset), ingen account/rename/swap-leader anmodninger fundet","XAUUSD,XAGUSD",0,ok
2026-09-03 14:34:00.868515+00:00,"Scan 2026-09-03: XAUUSD+XAGUSD M15 5000 candles (leder Rune Main), 0 nye signaler, reconcile 0 nye afstemte trades (XAGUSD 58272161854 allerede afstemt), 0 aabne positioner leder og foelger, konto-status opdateret for begge konti (leder balance 25130.42, Rune Copy#1 balance 25136.87), control.json ikke fundet paa GitHub (404, behandlet som ikke pauset), ingen account/rename/swap-leader anmodninger fundet","XAUUSD,XAGUSD",0,ok
2026-09-03 14:47:16.059661+00:00,"Scan 2026-09-03: XAUUSD+XAGUSD M15 5000 candles (leder Rune Main), 0 nye signaler, reconcile 0 nye afstemte trades (XAGUSD 58272161854 allerede afstemt), 0 aabne positioner leder og foelger, konto-status opdateret for begge konti (leder balance 25130.42, Rune Copy#1 balance 25136.87), control.json ikke fundet paa GitHub (behandlet som ikke pauset), ingen account/rename/swap-leader anmodninger fundet","XAUUSD,XAGUSD",0,ok
2026-09-03 14:51:24.810412+00:00,"Scan 2026-09-03: XAUUSD+XAGUSD M15 5000 candles (leder Rune Main), 0 nye signaler, reconcile 0 nye afstemte trades (XAGUSD 58272161854 allerede afstemt), 0 aabne positioner leder og foelger, konto-status opdateret for begge konti (leder balance 25130.42, foelger Rune Copy#1 balance 25136.87), control.json ikke fundet paa GitHub (behandlet som ikke pauset), ingen account/rename/swap-leader anmodninger fundet","XAUUSD,XAGUSD",0,ok
2026-09-03 15:02:28.841268+00:00,"Scan 2026-09-03: XAUUSD+XAGUSD M15 5000 candles (leder Rune Main), 0 nye signaler, reconcile 0 nye afstemte trades (XAGUSD 58272161854 allerede afstemt), 0 aabne positioner leder og foelger, konto-status opdateret for begge konti (leder balance 25130.42, Rune Copy#1 balance 25136.87), control.json ikke fundet paa GitHub (behandlet som ikke pauset), ingen account/rename/swap-leader anmodninger fundet","XAUUSD,XAGUSD",0,ok
2026-09-03 15:19:18.672993+00:00,"Scan 2026-09-03: XAUUSD+XAGUSD M15 5000 candles (leder Rune Main). 1 nyt signal: XAUUSD ORB long @ 4503.76 (SL 4439.09 / TP 4633.10, lot 0.01) placeret som BUY_LIMIT pending paa leder (ticket 58297762118) og foelger Rune Copy#1 (ticket 58297763767, lot 0.01). Reconcile: 0 nye afstemte trades paa begge konti (XAGUSD 58272161854 allerede afstemt). 0 aabne positioner leder og foelger (nye ordrer er pending, ikke fyldt endnu). Konto-status opdateret for begge konti (leder balance 25130.42, Rune Copy#1 balance 25136.87). control.json ikke fundet paa GitHub (behandlet som ikke pauset). Ingen account/rename/swap-leader anmodninger fundet.","XAUUSD,XAGUSD",1,ok
2026-09-03 15:31:52.469573+00:00,"Scan 2026-09-03: XAUUSD+XAGUSD M15 5000 candles (leder Rune Main), 0 nye signaler, reconcile 0 nye afstemte trades (XAGUSD 58272161854 allerede afstemt), 0 aabne positioner leder og foelger, konto-status opdateret for begge konti (leder balance 25130.42, Rune Copy#1 balance 25136.87), control.json ikke fundet paa GitHub (behandlet som ikke pauset), ingen account/rename/swap-leader anmodninger fundet","XAUUSD,XAGUSD",0,ok
2026-09-03 15:48:36.167615+00:00,"Scan 2026-09-03: XAUUSD+XAGUSD M15 5000 candles (leder Rune Main), 0 nye signaler, reconcile 0 nye afstemte trades (XAGUSD 58272161854 allerede afstemt, foelger ingen lukkede handler i perioden), 1 aaben position leder (XAUUSD BUY 58297762118) og 1 aaben position foelger (XAUUSD BUY 58297763767), konto-status opdateret for begge konti (leder balance 25130.42, Rune Copy#1 balance 25136.87), control.json ikke fundet paa GitHub (behandlet som ikke pauset), ingen account/rename/swap-leader anmodninger fundet","XAUUSD,XAGUSD",0,ok
2026-09-03 16:02:44.123893+00:00,"Scan 2026-09-03: XAUUSD+XAGUSD M15 5000 candles (leder Rune Main), 0 nye signaler, reconcile 0 nye afstemte trades (XAGUSD 58272161854 allerede afstemt, foelger ingen lukkede handler), 1 aaben position leder og foelger (XAUUSD BUY), konto-status opdateret for begge konti (leder balance 25130.42, Rune Copy#1 balance 25136.87), control.json ikke fundet paa GitHub (behandlet som ikke pauset), ingen account/rename/swap-leader anmodninger fundet.","XAUUSD,XAGUSD",0,ok
2026-09-03 16:17:10.961786+00:00,"Scan 2026-09-03: XAUUSD+XAGUSD M15 5000 candles (leder Rune Main), 0 nye signaler, reconcile 0 nye afstemte trades (XAGUSD 58272161854 allerede afstemt, foelger ingen lukkede handler), 1 aaben position leder og foelger (XAUUSD BUY), konto-status opdateret for begge konti (leder balance 25130.42, Rune Copy#1 balance 25136.87), control.json ikke fundet paa GitHub (behandlet som ikke pauset), ingen account/rename/swap-leader anmodninger fundet","XAUUSD,XAGUSD",0,ok
2026-09-03 16:32:16.939413+00:00,"Scan 2026-09-03: XAUUSD+XAGUSD M15 5000 candles (leder Rune Main), 0 nye signaler, reconcile 0 nye afstemte trades (XAGUSD 58272161854 allerede afstemt, foelger ingen lukkede handler), 1 aaben position leder og foelger (XAUUSD BUY), konto-status opdateret for begge konti (leder balance 25130.42, Rune Copy#1 balance 25136.87), control.json ikke fundet paa GitHub (behandlet som ikke pauset), ingen account/rename/swap-leader anmodninger fundet","XAUUSD,XAGUSD",0,ok
2026-09-03 16:47:29.608310+00:00,"Scan 2026-09-03: XAUUSD+XAGUSD M15 5000 candles (leder Rune Main), 0 nye signaler, reconcile 0 nye afstemte trades (XAGUSD 58272161854 allerede afstemt, foelger ingen lukkede handler), 1 aaben position leder og foelger (XAUUSD BUY), konto-status opdateret for begge konti (leder balance 25130.42, Rune Copy#1 balance 25136.87), control.json ikke fundet paa GitHub (behandlet som ikke pauset), ingen account/rename/swap-leader anmodninger fundet","XAUUSD,XAGUSD",0,ok
2026-09-03 17:02:48.085668+00:00,"Scan 2026-09-03: XAUUSD+XAGUSD M15 5000 candles (leder Rune Main), 0 nye signaler, reconcile 0 nye afstemte trades (XAGUSD 58272161854 allerede afstemt, foelger ingen lukkede handler), 1 aaben position leder og foelger (XAUUSD BUY), konto-status opdateret for begge konti (leder balance 25130.42, Rune Copy#1 balance 25136.87), control.json ikke fundet paa GitHub (behandlet som ikke pauset), ingen account/rename/swap-leader anmodninger fundet","XAUUSD,XAGUSD",0,ok
2026-09-03 17:17:28.252896+00:00,"Scan 2026-09-03: XAUUSD+XAGUSD M15 5000 candles (leder Rune Main), 0 nye signaler, reconcile 0 nye afstemte trades (XAGUSD 58272161854 allerede afstemt, foelger ingen lukkede handler), 1 aaben position leder og foelger (XAUUSD BUY), konto-status opdateret for begge konti (leder balance 25130.42, Rune Copy#1 balance 25136.87), control.json ikke fundet paa GitHub (behandlet som ikke pauset), ingen account/rename/swap-leader anmodninger fundet","XAUUSD,XAGUSD",0,ok
2026-09-03 17:32:27.173934+00:00,"Scan 2026-09-03: XAUUSD+XAGUSD M15 5000 candles (leder Rune Main), 0 nye signaler, reconcile 0 nye afstemte trades (XAGUSD 58272161854 allerede afstemt, foelger ingen lukkede handler), 1 aaben position leder og foelger (XAUUSD BUY), konto-status opdateret for begge konti (leder balance 25130.42, Rune Copy#1 balance 25136.87), control.json ikke fundet paa GitHub (behandlet som ikke pauset), ingen account/rename/swap-leader anmodninger fundet","XAUUSD,XAGUSD",0,ok
2026-09-03 17:48:44.864384+00:00,"Scan 2026-09-03 20:32: XAUUSD+XAGUSD M15 5000 candles (leder Rune Main), 0 nye signaler, reconcile 0 nye afstemte trades (XAGUSD 58272161854 allerede afstemt, foelger ingen lukkede handler), 1 aaben position leder og foelger (XAUUSD BUY), konto-status opdateret for begge konti (leder balance 25130.42, Rune Copy#1 balance 25136.87), control.json ikke fundet paa GitHub (behandlet som ikke pauset), ingen account/rename/swap-leader anmodninger fundet","XAUUSD,XAGUSD",0,ok
2026-09-03 18:03:53.528553+00:00,"Scan 2026-09-03 21:xx: XAUUSD+XAGUSD M15 5000 candles (leder Rune Main), 0 nye signaler, reconcile 0 nye afstemte trades (leder 3 lukkede handler allerede afstemt, foelger 2 lukkede handler uden matchende log-raekker - kendt data-gap fra tidligere koersel), 1 aaben position leder og foelger (XAUUSD BUY), konto-status opdateret for begge konti (leder balance 25130.42, Rune Copy#1 balance 25136.87), control.json ikke fundet paa GitHub (behandlet som ikke pauset), ingen account/rename/swap-leader anmodninger fundet","XAUUSD,XAGUSD",0,ok
2026-09-03 18:18:09.514609+00:00,"Scan 2026-09-03 22:xx: XAUUSD+XAGUSD M15 5000 candles (leder Rune Main), 0 nye signaler, reconcile 0 nye afstemte trades (leder XAUUSD 58289648049 og XAGUSD 58289648185 allerede afstemt fra tidligere koersel, foelger lukkede samme positioner men mangler log-raekker saa de kan ikke afstemmes), 1 aaben position leder og foelger (XAUUSD BUY), konto-status opdateret for begge konti (leder balance 25130.42, Rune Copy#1 balance 25136.87), control.json ikke fundet paa GitHub (behandlet som ikke pauset), ingen account/rename/swap-leader anmodninger fundet","XAUUSD,XAGUSD",0,ok
2026-09-03 18:32:35.953788+00:00,"Scan 2026-09-03 23:xx: XAUUSD+XAGUSD M15 5000 candles (leder Rune Main), 0 nye signaler, reconcile 0 nye afstemte trades (leder XAGUSD 58272161854 allerede afstemt, foelger ingen lukkede handler), 1 aaben position leder og foelger (XAUUSD BUY), konto-status opdateret for begge konti (leder balance 25130.42, Rune Copy#1 balance 25136.87), control.json ikke fundet paa GitHub (behandlet som ikke pauset), ingen account/rename/swap-leader anmodninger fundet","XAUUSD,XAGUSD",0,ok
2026-09-03 18:48:38.475048+00:00,"Scan 2026-09-03 22:xx: XAUUSD+XAGUSD M15 5000 candles (leder Rune Main), 1 nyt signal (XAGUSD Powell_KeyOpen long @66.057), eksekveret paa leder (ticket 58301019252) og foelger Rune Copy#1 (ticket 58301020826, lot 0.01), forward_test_log.csv og multi_account_log.csv opdateret; reconcile 0 nye afstemte trades (leder XAGUSD 58272161854 allerede afstemt, foelger ingen lukkede handler); 1 aaben position leder og foelger uaendret (XAUUSD BUY); konto-status opdateret for begge konti (leder balance 25130.42, Rune Copy#1 balance 25136.87); control.json ikke fundet paa GitHub (behandlet som ikke pauset); ingen account/rename/swap-leader anmodninger fundet.","XAUUSD,XAGUSD",1,ok
2026-09-03 19:02:48.555567+00:00,"Scan 2026-09-03 23:xx: XAUUSD+XAGUSD M15 5000 candles (leder Rune Main), 0 nye signaler, reconcile 0 nye afstemte trades (leder XAGUSD 58272161854 allerede afstemt, foelger ingen lukkede handler), 1 aaben position leder og foelger (XAUUSD BUY), konto-status opdateret for begge konti (leder balance 25130.42, foelger Rune Copy#1 balance 25136.87), control.json ikke fundet paa GitHub (behandlet som ikke pauset), ingen account/rename/swap-leader anmodninger fundet","XAUUSD,XAGUSD",0,ok
2026-09-03 19:17:29.554242+00:00,"Scan 2026-09-03 23:xx: XAUUSD+XAGUSD M15 5000 candles (leder Rune Main), 0 nye signaler, reconcile 0 nye afstemte trades (leder XAGUSD 58272161854 allerede afstemt, foelger ingen lukkede handler), 1 aaben position leder og foelger uaendret (XAUUSD BUY), konto-status opdateret for begge konti (leder balance 25130.42, Rune Copy#1 balance 25136.87), control.json ikke fundet paa GitHub (behandlet som ikke pauset), ingen account/rename/swap-leader anmodninger fundet","XAUUSD,XAGUSD",0,ok
2026-09-03 19:32:45.974760+00:00,"Scan 2026-09-03 (leder Rune Main): XAUUSD+XAGUSD M15 5000 candles, 0 nye signaler, reconcile 0 nye afstemte trades (leder XAGUSD 58272161854 allerede afstemt, foelger ingen lukkede handler), 1 aaben position leder og foelger uaendret (XAUUSD BUY), konto-status opdateret for begge konti (leder balance 25130.42, Rune Copy#1 balance 25136.87), control.json ikke fundet paa GitHub (behandlet som ikke pauset), ingen account/rename/swap-leader anmodninger fundet.","XAUUSD,XAGUSD",0,ok
2026-09-03 19:48:01.379346+00:00,"Scan 2026-09-03 (leder Rune Main): XAUUSD+XAGUSD M15 5000 candles, 0 nye signaler, reconcile 0 nye afstemte trades (leder XAGUSD 58272161854 allerede afstemt, foelger ingen lukkede handler), 1 aaben position leder og foelger uaendret (XAUUSD BUY), konto-status opdateret for begge konti (leder balance 25130.42, Rune Copy#1 balance 25136.87), control.json ikke fundet paa GitHub (behandlet som ikke pauset), ingen account/rename/swap-leader anmodninger fundet.","XAUUSD,XAGUSD",0,ok
2026-09-03 20:02:36.102571+00:00,"Scan 2026-09-03 (leder Rune Main): XAUUSD+XAGUSD M15 5000 candles, 0 nye signaler, reconcile 0 nye afstemte trades (leder XAGUSD 58272161854 allerede afstemt, foelger ingen lukkede handler), 1 aaben position leder og foelger uaendret (XAUUSD BUY), konto-status opdateret for begge konti (leder balance 25130.42, foelger balance 25136.87), control.json ikke fundet paa GitHub (behandlet som ikke pauset), ingen account/rename/swap-leader anmodninger fundet","XAUUSD,XAGUSD",0,ok
2026-09-03 20:16:58.617872+00:00,"Scan 2026-09-03 (leder Rune Main): XAUUSD+XAGUSD M15 5000 candles, 0 nye signaler, reconcile 0 nye afstemte trades (leder XAGUSD 58272161854 allerede afstemt, foelger ingen lukkede handler), 1 aaben position leder og foelger uaendret (XAUUSD BUY), konto-status opdateret for begge konti (leder balance 25130.42, Rune Copy#1 balance 25136.87), control.json ikke fundet paa GitHub (behandlet som ikke pauset), ingen account/rename/swap-leader anmodninger fundet","XAUUSD,XAGUSD",0,ok
2026-09-03 20:33:04.204922+00:00,"Scan 2026-09-03 (leder Rune Main): XAUUSD+XAGUSD M15 5000 candles, 0 nye signaler, reconcile 0 nye afstemte trades (leder XAGUSD 58272161854 + XAUUSD 58289648049 + XAGUSD 58289648185 allerede afstemt, foelger tilsvarende positioner allerede afstemt), 1 aaben position leder og foelger uaendret (XAUUSD BUY), konto-status opdateret for begge konti (leder balance 25130.42, Rune Copy#1 balance 25136.87), control.json ikke fundet paa GitHub (behandlet som ikke pauset), ingen account/rename/swap-leader anmodninger fundet","XAUUSD,XAGUSD",0,ok
2026-09-03 20:47:59.773304+00:00,"Scan XAUUSD+XAGUSD M15 5000 candles, 0 nye signaler, reconcile 0 nye afstemte trades (leder XAGUSD 58272161854 allerede afstemt, foelger ingen lukkede handler), 1 aaben position leder og foelger uaendret (XAUUSD BUY 0.01), konto-status opdateret for begge konti (leder balance 25130.42, foelger balance 25136.87), control.json ikke fundet paa GitHub (behandlet som ikke pauset), ingen account/rename/swap-leader anmodninger fundet","XAUUSD,XAGUSD",0,ok
2026-09-03 21:01:59.186272+00:00,"Scan 2026-09-03 (leder Rune Main): XAUUSD+XAGUSD M15 5000 candles, 0 nye signaler, reconcile 0 nye afstemte trades (leder XAGUSD position 58272161854 allerede afstemt, foelger ingen lukkede handler), 1 aaben position leder og foelger uaendret (XAUUSD BUY 0.01), konto-status opdateret for begge konti (leder balance 25130.42, Rune Copy#1 balance 25136.87), control.json ikke fundet paa GitHub (behandlet som ikke pauset), ingen account/rename/swap-leader anmodninger fundet","XAUUSD,XAGUSD",0,ok
2026-09-03 21:17:09.495872+00:00,"Scan 2026-09-03 (leder Rune Main): XAUUSD+XAGUSD M15 5000 candles, 0 nye signaler, reconcile 0 nye afstemte trades (leder XAGUSD 58272161854 allerede afstemt, foelger ingen lukkede handler), 1 aaben position leder og foelger uaendret (XAUUSD BUY 0.01), konto-status opdateret for begge konti (leder balance 25130.42, Rune Copy#1 balance 25136.87), control.json ikke fundet paa GitHub (behandlet som ikke pauset), ingen account/rename/swap-leader anmodninger fundet","XAUUSD,XAGUSD",0,ok
2026-09-03 21:32:05.126124+00:00,"Scan 2026-09-03 (leder Rune Main): XAUUSD+XAGUSD M15 5000 candles, 0 nye signaler, reconcile 0 nye afstemte trades (leder XAGUSD 58272161854 allerede afstemt, foelger ingen lukkede handler), 1 aaben position leder og foelger (XAUUSD BUY 0.01, ticket 58297762118/58297763767), konto-status opdateret for begge konti (leder balance 25130.42, Rune Copy#1 balance 25136.87), control.json ikke fundet paa GitHub (behandlet som ikke pauset), ingen account/rename/swap-leader anmodninger fundet","XAUUSD,XAGUSD",0,ok
2026-09-03 21:47:35.073814+00:00,"Scan 2026-09-03 (leder Rune Main): XAUUSD+XAGUSD M15 5000 candles, 0 nye signaler, reconcile 0 nye afstemte trades (leder XAGUSD 58272161854 allerede afstemt, foelger ingen lukkede handler), 1 aaben position leder og foelger uaendret (XAUUSD BUY 0.01, ticket 58297762118/58297763767), konto-status opdateret for begge konti (leder balance 25130.42, Rune Copy#1 balance 25136.87), control.json ikke fundet paa GitHub (behandlet som ikke pauset), ingen account/rename/swap-leader anmodninger fundet","XAUUSD,XAGUSD",0,ok
2026-09-03 22:03:14.950643+00:00,"Scan 2026-09-04 (leder Rune Main): XAUUSD+XAGUSD M15 5000 candles, 0 nye signaler, reconcile 0 nye afstemte trades (alle lukkede leder/foelger positioner allerede afstemt fra tidligere koersler; 2 foelger-lukkede trades uden log-raekke, kendt gab), 1 aaben position leder og foelger uaendret (XAUUSD BUY 0.01, ticket 58297762118/58297763767), konto-status opdateret for begge konti (leder balance 25130.42, Rune Copy#1 balance 25136.87), control.json ikke fundet paa GitHub (behandlet som ikke pauset), ingen account/rename/swap-leader anmodninger fundet","XAUUSD,XAGUSD",0,ok
2026-09-03 22:17:42.501444+00:00,"Scan 2026-09-04 (leder Rune Main): XAUUSD+XAGUSD M15 5000 candles, 0 nye signaler, reconcile 0 nye afstemte trades (leder allerede afstemt, foelger fortsat kendt log-raekke-gab for 2 lukkede trades), 1 aaben position leder og foelger uaendret (XAUUSD BUY 0.01, ticket 58297762118/58297763767), konto-status opdateret for begge konti (leder balance 25130.42, Rune Copy#1 balance 25136.87), control.json ikke fundet paa GitHub (behandlet som ikke pauset), ingen account/rename/swap-leader anmodninger fundet.","XAUUSD,XAGUSD",0,ok
2026-09-03 22:32:38.911687+00:00,"Scan 2026-09-04 (leder Rune Main): XAUUSD+XAGUSD M15 5000 candles, 0 nye signaler, reconcile 0 nye afstemte trades (leder allerede afstemt fra tidligere koersler; foelger 2 lukkede trades uden log-raekke, kendt gab), 1 aaben position leder og foelger uaendret (XAUUSD BUY 0.01, ticket 58297762118/58297763767), 1 pending BUY_LIMIT XAGUSD endnu ikke udloest (leder 58301019252 / foelger 58301020826), konto-status opdateret for begge konti (leder balance 25130.42, Rune Copy#1 balance 25136.87), control.json ikke fundet paa GitHub (behandlet som ikke pauset), ingen account/rename/swap-leader anmodninger fundet","XAUUSD,XAGUSD",0,ok
2026-09-03 22:47:17.860592+00:00,"Scan 2026-09-04 (leder Rune Main): XAUUSD+XAGUSD M15 5000 candles, 0 nye signaler, reconcile 0 nye afstemte trades (alle lukkede leder/foelger positioner allerede afstemt), 1 aaben position leder og foelger uaendret (XAUUSD BUY 0.01, ticket 58297762118/58297763767), 1 pending BUY_LIMIT XAGUSD endnu ikke udloest (leder 58301019252 / foelger 58301020826), konto-status opdateret for begge konti (leder balance 25130.42, Rune Copy#1 balance 25136.87), control.json ikke fundet paa GitHub (behandlet som ikke pauset), ingen account/rename/swap-leader anmodninger fundet","XAUUSD,XAGUSD",0,ok
2026-09-03 23:02:18.398181+00:00,"Scan 2026-09-04 (leder Rune Main): XAUUSD+XAGUSD M15 5000 candles, 0 nye signaler, reconcile 0 nye afstemte trades (alle leder/foelger lukkede handler allerede afstemt), 1 aaben position leder og foelger uaendret (XAUUSD BUY 0.01, ticket 58297762118/58297763767), 1 pending BUY_LIMIT XAGUSD endnu ikke udloest (leder 58301019252 / foelger 58301020826), konto-status opdateret for begge konti (leder balance 25130.42, Rune Copy#1 balance 25136.87), control.json ikke fundet paa GitHub (behandlet som ikke pauset), ingen account/rename/swap-leader anmodninger fundet","XAUUSD,XAGUSD",0,ok
2026-09-03 23:17:46.432924+00:00,"Scan 2026-09-04 (leder Rune Main): XAUUSD+XAGUSD M15 5000 candles, 0 nye signaler, reconcile 0 nye afstemte trades (alle leder/foelger lukkede trades allerede afstemt), 1 aaben position leder og foelger uaendret (XAUUSD BUY 0.01, ticket 58297762118/58297763767), 1 pending BUY_LIMIT XAGUSD endnu ikke udloest (leder 58301019252 / foelger 58301020826), konto-status opdateret for begge konti (leder balance 25130.42, Rune Copy#1 balance 25136.87), control.json ikke fundet paa GitHub (behandlet som ikke pauset), ingen account/rename/swap-leader anmodninger fundet","XAUUSD,XAGUSD",0,ok
2026-09-03 23:33:08.242982+00:00,"Scan 2026-09-04 (leder Rune Main): XAUUSD+XAGUSD M15 5000 candles, 0 nye signaler, reconcile 0 nye afstemte trades (leder allerede afstemt tidligere, foelger kendt log-raekke-gab for 2 lukkede trades position_id 58289650818/58289651026), 1 aaben position leder og foelger uaendret (XAUUSD BUY 0.01, ticket 58297762118/58297763767), 1 pending BUY_LIMIT XAGUSD endnu ikke udloest (leder 58301019252 / foelger 58301020826), konto-status opdateret for begge konti (leder balance 25130.42 equity 25101.48, Rune Copy#1 balance 25136.87 equity 25107.93), control.json ikke fundet paa GitHub (behandlet som ikke pauset), ingen account/rename/swap-leader anmodninger fundet","XAUUSD,XAGUSD",0,ok
2026-09-03 23:47:35.753019+00:00,"Scan 2026-09-04 (leder Rune Main): XAUUSD+XAGUSD M15 5000 candles, 0 nye signaler, reconcile 0 nye afstemte trades (leder allerede afstemt tidligere, foelger foelger kendt log-raekke-gab for 2 lukkede trades position_id 58289650818/58289651026), 1 aaben position leder og foelger uaendret (XAUUSD BUY 0.01, ticket 58297762118/58297763767), 1 pending BUY_LIMIT XAGUSD endnu ikke udloest (leder 58301019252 / foelger 58301020826), konto-status opdateret for begge konti (leder balance 25130.42, Rune Copy#1 balance 25136.87), control.json ikke fundet paa GitHub (behandlet som ikke pauset), ingen account/rename/swap-leader anmodninger fundet","XAUUSD,XAGUSD",0,ok
2026-09-04 00:03:16.258249+00:00,"Scan 2026-09-04: XAUUSD+XAGUSD M15 5000 candles, 0 nye signaler. Reconcile 0 nye afstemte trades for leder og foelger (3 tidligere lukkede trades allerede afstemt; 2 kendte log-raekke-gab position_id 58289437438/58289015416 pga. netted fills, kan aldrig afstemmes). 1 aaben position uaendret paa begge konti (XAUUSD BUY 0.01, ticket 58297762118/58297763767). 1 pending BUY_LIMIT XAGUSD endnu ikke udloest (leder 58301019252 / foelger 58301020826). Konto-status opdateret (leder balance 25130.42, Rune Copy#1 balance 25136.87). control.json ikke fundet paa GitHub (behandlet som ikke pauset). Ingen account/rename/swap-leader anmodninger fundet.","XAUUSD,XAGUSD",0,ok
2026-09-04 00:17:23.940821+00:00,"Scan 2026-09-04 (leder Rune Main): XAUUSD+XAGUSD M15 5000 candles, 0 nye signaler, reconcile 0 nye afstemte trades (leder allerede afstemt tidligere, foelger fortsat kendt log-raekke-gab for 2 lukkede trades netted position_id 58289650818/58289651026), 1 aaben position leder og foelger uaendret (XAUUSD BUY 0.01, ticket 58297762118/58297763767), 1 pending BUY_LIMIT XAGUSD endnu ikke udloest (leder 58301019252 / foelger 58301020826), konto-status opdateret for begge konti (leder balance 25130.42, Rune Copy#1 balance 25136.87), control.json ikke fundet paa GitHub (behandlet som ikke pauset), ingen account/rename/swap-leader anmodninger fundet","XAUUSD,XAGUSD",0,ok
2026-09-04 00:32:50.629794+00:00,"Scan 2026-09-04 (leder Rune Main): XAUUSD+XAGUSD M15 5000 candles, 0 nye signaler, reconcile 0 nye afstemte trades (leder allerede afstemt tidligere, foelger fortsat kendt log-raekke-gab for 2 lukkede trades netted position_id 58289650818/58289651026), 1 aaben position leder og foelger uaendret (XAUUSD BUY 0.01, ticket 58297762118/58297763767), 1 pending BUY_LIMIT XAGUSD endnu ikke udloest (leder 58301019252 / foelger 58301020826), konto-status opdateret for begge konti (leder balance 25130.42, Rune Copy#1 balance 25136.87), control.json ikke fundet paa GitHub (behandlet som ikke pauset), ingen account/rename/swap-leader anmodninger fundet","XAUUSD,XAGUSD",0,ok
2026-09-04 00:48:17.554161+00:00,"Scan 2026-09-04 (leder Rune Main): XAUUSD+XAGUSD M15 5000 candles, 0 nye signaler, reconcile 0 nye afstemte trades (leder allerede afstemt tidligere, foelger fortsat kendt log-raekke-gab for 2 lukkede trades netted position_id 58289650818/58289651026), 1 aaben position leder og foelger uaendret (XAUUSD BUY 0.01, ticket 58297762118/58297763767), 1 pending BUY_LIMIT XAGUSD endnu ikke udloest (leder 58301019252 / foelger 58301020826), konto-status opdateret for begge konti (leder balance 25130.42, Rune Copy#1 balance 25136.87), control.json ikke fundet paa GitHub (behandlet som ikke pauset), ingen account/rename/swap-leader anmodninger fundet","XAUUSD,XAGUSD",0,ok
2026-09-04 01:04:38.310639+00:00,"Scan 2026-09-04 (leder Rune Main): ingen konto/omdoeb/byt-leder-anmodninger fundet, control.json ikke fundet paa GitHub (behandlet som ikke pauset), XAUUSD+XAGUSD M15 5000 candles, 0 nye signaler, reconcile 0 nye afstemte trades for leder og foelger (alle kendte lukkede trades allerede afstemt tidligere, foelger fortsat kendt log-raekke-gab for 2 lukkede trades netted position_id 58289650818/58289651026), 1 aaben position leder og foelger uaendret (XAUUSD BUY 0.01, ticket 58297762118/58297763767), 1 pending BUY_LIMIT XAGUSD endnu ikke udloest (leder 58301019252 / foelger 58301020826), konto-status opdateret for begge konti (leder balance 25130.42, Rune Copy#1 balance 25136.87).","XAUUSD,XAGUSD",0,ok
2026-09-04 01:18:12.378964+00:00,"Scan 2026-09-04 (leder Rune Main): 0 nye signaler, XAUUSD+XAGUSD M15 5000 candles, reconcile 0 nye afstemte trades (leder trades allerede afstemt tidligere; foelger fortsat kendt log-raekke-gab for 2 lukkede trades netted position_id 58289650818/58289651026 - ingen multi_account_log-raekke findes for dem), 1 aaben position leder og foelger uaendret (XAUUSD BUY 0.01, ticket 58297762118/58297763767), 1 pending BUY_LIMIT XAGUSD endnu ikke udloest (leder 58301019252 / foelger 58301020826), konto-status opdateret for begge konti (leder balance 25130.42, Rune Copy#1 balance 25136.87), control.json ikke fundet paa GitHub (behandlet som ikke pauset), ingen account/rename/swap-leader anmodninger fundet.","XAUUSD,XAGUSD",0,ok
2026-09-04 01:33:01.180964+00:00,"Scan 2026-09-04: 0 nye signaler (XAUUSD/XAGUSD), reconcile 0 nye afstemte trades (leder allerede afstemt, foelger fortsat kendt log-raekke-gab for 2 lukkede trades position_id 58289650818/58289651026), aaben position og pending ordre uaendret (XAUUSD BUY 0.01 ticket 58297762118/58297763767, XAGUSD BUY_LIMIT 58301019252/58301020826), konto-status opdateret begge konti (leder 25130.42, Rune Copy#1 25136.87), control.json ikke fundet paa GitHub (behandlet som ikke pauset), ingen account/rename/swap-leader anmodninger.","XAUUSD,XAGUSD",0,ok
2026-09-04 01:47:58.571046+00:00,"Scan 2026-09-04 (leder Rune Main): 0 nye signaler (XAUUSD, XAGUSD), 0 nye afstemte trades (alle allerede afstemt), konto-status opdateret begge konti (leder 25130.42, Rune Copy#1 25136.87), 1 aaben position uaendret paa hver konto (XAUUSD BUY 0.01), ingen account/rename/swap-leader anmodninger, control.json ikke fundet paa GitHub (behandlet som ikke pauset).","XAUUSD,XAGUSD",0,ok
2026-09-04 02:03:28.356225+00:00,"Scan 2026-09-04 (leder Rune Main): 0 nye signaler (XAUUSD, XAGUSD), 0 nye afstemte trades (alle lukkede trades allerede tidligere afstemt), konto-status opdateret begge konti (leder 25130.42, Rune Copy#1 25136.87), aaben position uaendret paa begge konti (XAUUSD 0.01 lot), ingen account/rename/swap-leader anmodninger, control.json ikke fundet paa GitHub (behandlet som ikke pauset)","XAUUSD,XAGUSD",0,ok
2026-09-04 02:17:50.656467+00:00,"Scan 2026-09-04 (leder Rune Main): 0 nye signaler (XAUUSD/XAGUSD), 0 nye trades. Afstemning: 5 leder-trades lukket siden sidst (XAGUSD Powell tab -6.45, XAUUSD Powell gevinst 99.07 x3 raekker pga. MT5 netting af 3 pending-ordrer i eet position_id, XAGUSD Powell gevinst 37.8) - foelger-afstemning 0 opdateringer (kendte manglende foelger-raekker for disse tickets, se memory). ADVARSEL: dashboardets total-PnL summerer pnl_usd raekke-for-raekke, saa den netted XAUUSD-position tripeltaelles som 297.21 i stedet for reel 99.07 - bug i reconcile/dashboard-design ved MT5 netting, ikke rettet denne koersel. Konto-status opdateret begge konti (leder 25130.42 eq 25105.43, Rune Copy#1 25136.87 eq 25111.88), begge har 1 aaben ORB XAUUSD-position uaendret. Ingen account/rename/swap-leader anmodninger. control.json ikke fundet paa GitHub (behandlet som ikke pauset).","XAUUSD,XAGUSD",0,warning
2026-09-04 02:32:26.624434+00:00,"0 nye signaler, 0 nye afstemte trades (allerede afstemt tidligere koersel), konto-status opdateret begge konti (leder 25130.42, Rune Copy#1 25136.87), aaben ORB XAUUSD-position uaendret begge konti, ingen account/rename/swap-leader anmodninger, control.json ikke fundet paa GitHub (behandlet som ikke pauset)","XAUUSD,XAGUSD",0,ok
2026-09-04 02:48:01.754883+00:00,"Scan 2026-09-04 (leder Rune Main): 0 nye signaler, 0 nye afstemte trades (aaben ORB XAUUSD position uaendret, ikke lukket). Bemaerk: reconcile-parsing-fejl i denne koersel markerede midlertidigt ORB-tradet (ticket 58297762118/58297763767) som LUKKET/breakeven i begge log-filer -- rettet manuelt tilbage til pending-status foer push, positionen bekraeftet stadig aaben via get_all_positions paa begge konti. Konto-status opdateret begge konti (leder 25130.42, Rune Copy#1 25136.87). Ingen account/rename/swap-leader anmodninger. control.json ikke fundet paa GitHub (behandlet som ikke pauset).","XAUUSD,XAGUSD",0,warning
2026-09-04 03:03:11.040421+00:00,"Scan 2026-09-04 (leder Rune Main): 0 nye signaler XAUUSD/XAGUSD, ingen nye afstemte trades (leder allerede afstemt, foelger 2 lukkede deals uden log-raekker - kendt problem), konto-status opdateret begge konti (leder 25130.42, Rune Copy#1 25136.87), aaben ORB XAUUSD-position uaendret begge konti, ingen account/rename/swap-leader anmodninger, control.json ikke fundet paa GitHub (behandlet som ikke pauset).","XAUUSD,XAGUSD",0,ok
2026-09-04 03:17:20.578078+00:00,"Scan 2026-09-04 (leder Rune Main): 0 nye signaler, 0 nye afstemte trades (leder allerede afstemt, foelger 0 pga. kendte manglende log-raekker for lukkede foelger-trades), konto-status opdateret begge konti (leder 25130.42, Rune Copy#1 25136.87), aaben ORB XAUUSD-position uaendret begge konti, ingen account/rename/swap-leader anmodninger, control.json ikke fundet paa GitHub (behandlet som ikke pauset)","XAUUSD,XAGUSD",0,ok
2026-09-04 03:32:36.419463+00:00,"Scan 2026-09-04 (leder Rune Main): 0 nye signaler, 0 nye afstemte trades (leder allerede afstemt, foelger 0 pga. kendte manglende log-raekker for lukkede foelger-trades: tickets 58289650818/58289651026), konto-status opdateret begge konti (leder 25130.42, Rune Copy#1 25136.87), aaben ORB XAUUSD-position uaendret begge konti (-30.13 profit), ingen account/rename/swap-leader anmodninger, control.json ikke fundet paa GitHub (behandlet som ikke pauset).","XAUUSD,XAGUSD",0,ok
2026-09-04 03:48:23.411399+00:00,"Scan 2026-09-04 (leder Rune Main): 0 nye signaler, 0 nye afstemte trades (leder og foelger allerede afstemt, ingen nye lukkede deals siden sidste koersel), konto-status opdateret begge konti (leder 25130.42, Rune Copy#1 25136.87), aaben ORB XAUUSD-position uaendret begge konti, ingen account/rename/swap-leader anmodninger, control.json ikke fundet paa GitHub (behandlet som ikke pauset)","XAUUSD,XAGUSD",0,ok
2026-09-04 04:03:29.669616+00:00,"Scan 2026-09-04 (leder Rune Main): 0 nye signaler, 0 nye afstemte trades (leder og foelger allerede afstemt, ingen nye lukkede deals siden sidste koersel), konto-status opdateret begge konti (leder 25130.42, Rune Copy#1 25136.87), aaben ORB XAUUSD-position uaendret begge konti, ingen account/rename/swap-leader anmodninger, control.json ikke fundet paa GitHub (behandlet som ikke pauset)","XAUUSD,XAGUSD",0,ok
2026-09-04 04:17:13.663761+00:00,"Scan 2026-09-04 (leder Rune Main): 0 nye signaler, 0 nye afstemte trades (leder allerede afstemt, foelger 2 lukkede deals uden log-raekker - kendt problem), konto-status opdateret begge konti (leder 25130.42, Rune Copy#1 25136.87), aaben ORB XAUUSD-position uaendret begge konti, ingen account/rename/swap-leader anmodninger, control.json ikke fundet paa GitHub (behandlet som ikke pauset)","XAUUSD,XAGUSD",0,ok
2026-09-04 04:32:28.921655+00:00,"Scan 2026-09-04 (leder Rune Main): 0 nye signaler, 0 nye afstemte trades (leder og foelger allerede afstemt, ingen nye lukkede deals siden sidste koersel), konto-status opdateret begge konti (leder 25130.42, Rune Copy#1 25136.87), aaben ORB XAUUSD-position uaendret begge konti, ingen account/rename/swap-leader anmodninger, control.json ikke fundet paa GitHub (behandlet som ikke pauset)","XAUUSD,XAGUSD",0,ok
2026-09-04 04:47:48.639128+00:00,"Scan 2026-09-04 (leder Rune Main): 0 nye signaler XAUUSD/XAGUSD, reconcile koert for leder (0 nye - allerede afstemt) og foelger (0 nye - kendt problem med manglende log-raekker for foelgers lukkede trades, tickets 58289650818/58289651026), konto-status opdateret begge konti (leder 25130.42, Rune Copy#1 25136.87), aaben ORB XAUUSD-position uaendret begge konti (1 position hver), ingen account/rename/swap-leader anmodninger, control.json ikke fundet paa GitHub (behandlet som ikke pauset)","XAUUSD,XAGUSD",0,ok
2026-09-04 05:03:11.061596+00:00,"Scan 2026-09-04 (leder Rune Main): 0 nye signaler, 0 nye afstemte trades (leder allerede afstemt, foelger 0 pga. kendte manglende log-raekker for lukkede foelger-trades), konto-status opdateret begge konti (leder 25130.42, Rune Copy#1 25136.87), aaben ORB XAUUSD-position uaendret begge konti, ingen account/rename/swap-leader anmodninger, control.json ikke fundet paa GitHub (behandlet som ikke pauset)","XAUUSD,XAGUSD",0,ok
2026-09-04 05:17:37.607105+00:00,"Scan 2026-09-04 (leder Rune Main): 0 nye signaler (XAUUSD, XAGUSD), 0 nye afstemte trades (leder allerede afstemt, foelger 0 pga. kendte manglende log-raekker for lukkede foelger-trades 58289650818/58289441397/58289016418/58289651026), konto-status opdateret begge konti (leder 25130.42, Rune Copy#1 25136.87), aaben ORB XAUUSD-position uaendret begge konti (leder ticket 58297762118, foelger ticket 58297763767), ingen account/rename/swap-leader anmodninger, control.json ikke fundet paa GitHub (behandlet som ikke pauset)","XAUUSD,XAGUSD",0,ok
2026-09-04 05:33:53.577583+00:00,"Scan 2026-09-04 (leder Rune Main): 0 nye signaler (XAUUSD, XAGUSD), 0 nye afstemte trades (leder allerede afstemt, foelger 0 pga. kendte manglende log-raekker for lukkede foelger-trades - tickets 58289650818/58289651026), konto-status opdateret begge konti (leder 25130.42, Rune Copy#1 25136.87), aaben ORB XAUUSD-position uaendret begge konti (0.01 lot, entry 4503.76), ingen account/rename/swap-leader anmodninger, control.json ikke fundet paa GitHub (behandlet som ikke pauset).","XAUUSD,XAGUSD",0,ok
2026-09-04 05:49:16.351898+00:00,"Scan 2026-09-04 (leder Rune Main): 0 nye signaler, 0 nye afstemte trades (leder allerede afstemt, foelger 0 pga. kendte manglende log-raekker for lukkede foelger-trades), konto-status opdateret begge konti (leder 25130.42, Rune Copy#1 25136.87), aaben ORB XAUUSD-position uaendret begge konti, ingen account/rename/swap-leader anmodninger, control.json ikke fundet paa GitHub (behandlet som ikke pauset)","XAUUSD,XAGUSD",0,ok
2026-09-04 06:02:39.013847+00:00,"Scan 2026-09-04 (leder Rune Main): 0 nye signaler XAUUSD/XAGUSD, 0 nye afstemte trades (leder allerede afstemt, foelger ingen matchende log-raekker for lukkede trades - kendt gap), konto-status opdateret begge konti (leder 25130.42, foelger Rune Copy#1 25136.87), aaben ORB XAUUSD-position uaendret begge konti (-31.70 begge), ingen account/rename/swap-leader anmodninger, control.json ikke fundet paa GitHub (behandlet som ikke pauset)","XAUUSD,XAGUSD",0,ok
2026-09-04 06:18:38.867735+00:00,"Scan 2026-09-04 (leder Rune Main): 0 nye signaler, 0 nye afstemte trades (leder allerede afstemt, foelger 0 pga. kendte manglende log-raekker for lukkede foelger-trades), konto-status opdateret begge konti (leder 25130.42, Rune Copy#1 25136.87), aaben ORB XAUUSD-position uaendret begge konti, ingen account/rename/swap-leader anmodninger, control.json ikke fundet paa GitHub (behandlet som ikke pauset)","XAUUSD,XAGUSD",0,ok
2026-09-04 06:31:45.142104+00:00,"Scan 2026-09-04 (leder Rune Main): 0 nye signaler, 0 nye afstemte trades (leder allerede afstemt, foelger 0 pga. kendte manglende log-raekker for lukkede foelger-trades), konto-status opdateret begge konti (leder 25130.42, Rune Copy#1 25136.87), aaben ORB XAUUSD-position uaendret begge konti, ingen account/rename/swap-leader anmodninger, control.json ikke fundet paa GitHub (behandlet som ikke pauset)","XAUUSD,XAGUSD",0,ok
2026-09-04 06:47:36.160661+00:00,"Scan 2026-09-04 (leder Rune Main): 0 nye signaler, 0 nye afstemte trades (leder allerede afstemt, foelger 0 pga. kendte manglende log-raekker for lukkede foelger-trades), konto-status opdateret begge konti (leder 25130.42, Rune Copy#1 25136.87), aaben ORB XAUUSD-position uaendret begge konti, ingen account/rename/swap-leader anmodninger, control.json ikke fundet paa GitHub (behandlet som ikke pauset)","XAUUSD,XAGUSD",0,ok
2026-09-04 07:02:45.964406+00:00,"Scan 2026-09-04 (leder Rune Main): 0 nye signaler, 0 nye afstemte trades (leder og foelger allerede afstemt for lukkede trades), konto-status opdateret begge konti (leder 25130.42, Rune Copy#1 25136.87), aaben ORB XAUUSD-position uaendret begge konti, ingen account/rename/swap-leader anmodninger, control.json ikke fundet paa GitHub (behandlet som ikke pauset)","XAUUSD,XAGUSD",0,ok
2026-09-04 07:18:24.341187+00:00,"Scan 2026-09-04 (leder Rune Main): 0 nye signaler, 0 nye afstemte trades (leder og foelger allerede afstemt for tickets 58289648049/58289648185; foelger-tickets 58289650818/58289651026 mangler log-raekker, kendt problem), konto-status opdateret begge konti (leder 25130.42, foelger 25136.87), aaben ORB XAUUSD-position uaendret begge konti, ingen account/rename/swap-leader anmodninger, control.json ikke fundet paa GitHub (404, behandlet som ikke pauset)","XAUUSD,XAGUSD",0,ok
2026-09-04 07:33:08.863979+00:00,"Scan 2026-09-04 (leder Rune Main): 0 nye signaler, 0 nye afstemte trades (leder og foelger allerede afstemt for lukkede trades; foelger-tickets 58289650818/58289651026 mangler log-raekker, kendt problem), konto-status opdateret begge konti (leder 25130.42, Rune Copy#1 25136.87), aaben ORB XAUUSD-position uaendret begge konti, ingen account/rename/swap-leader anmodninger, control.json ikke fundet paa GitHub (404, behandlet som ikke pauset)","XAUUSD,XAGUSD",0,ok
2026-09-04 07:47:17.901612+00:00,"Scan 2026-09-04 (leder Rune Main): 0 nye signaler, 0 nye afstemte trades (leder allerede afstemt for lukkede trades; foelger-tickets 58289650818/58289651026 mangler log-raekker, kendt problem), konto-status opdateret begge konti (leder 25130.42, Rune Copy#1 25136.87), aaben ORB XAUUSD-position uaendret begge konti (-16.97 profit), ingen account/rename/swap-leader anmodninger, control.json ikke fundet paa GitHub (404, behandlet som ikke pauset)","XAUUSD,XAGUSD",0,ok
2026-09-04 08:03:26.651684+00:00,"Scan 2026-09-04 (leder Rune Main): 0 nye signaler, 0 nye afstemte trades (leder og foelger allerede afstemt for lukkede trades; foelger-tickets 58289650818/58289651026 mangler log-raekker, kendt problem), konto-status opdateret begge konti (leder 25130.42, Rune Copy#1 25136.87), aaben ORB XAUUSD-position uaendret begge konti, ingen account/rename/swap-leader anmodninger, control.json ikke fundet paa GitHub (404, behandlet som ikke pauset)","XAUUSD,XAGUSD",0,ok
2026-09-04 08:18:11.292534+00:00,"Scan 2026-09-04 (leder Rune Main): 0 nye signaler, 0 nye afstemte trades (leder og foelger allerede afstemt for lukkede trades), konto-status opdateret begge konti (leder 25130.42, Rune Copy#1 25136.87), aaben ORB XAUUSD-position uaendret begge konti, ingen account/rename/swap-leader anmodninger, control.json ikke fundet paa GitHub (404, behandlet som ikke pauset)","XAUUSD,XAGUSD",0,ok
2026-09-04 08:34:10.610173+00:00,"Scan 2026-09-04 (leder Rune Main): 0 nye signaler, 0 nye afstemte trades (leder og foelger allerede afstemt for lukkede trades; foelger-tickets 58289650818/58289651026 mangler log-raekker, kendt problem), konto-status opdateret begge konti (leder 25130.42, Rune Copy#1 25136.87), aaben ORB XAUUSD-position uaendret begge konti, ingen account/rename/swap-leader anmodninger, control.json ikke fundet paa GitHub (404, behandlet som ikke pauset)","XAUUSD,XAGUSD",0,ok
2026-09-04 08:49:17.435127+00:00,"Scan 2026-09-04 (leder Rune Main): 2 nye signaler (XAUUSD+XAGUSD Powell_KeyOpen long), begge eksekveret som pending BUY-ordrer paa leder OG foelger (Rune Copy#1), SL/TP sat direkte ved placering. ADVARSEL: leder-kontoens nye XAUUSD-ordre (58307752600) blev udfyldt med det samme og nettede med den aabne ORB-position (netting-konto), hvilket overskrev ORB-positionens SL/TP (fra 4439.09/4633.1 til 4461.0/4509.99) - kendt MT5-netting-adfaerd, ikke en kodefejl, men risikoprofilen paa ORB-trraden er dermed aendret. Foelgerens tilsvarende XAUUSD-ordre (58307756625) er derimod stadig pending (BUY_STOP), ikke udfyldt endnu. 0 afstemte trades denne koersel (leder allerede afstemt; foelger-tickets 58289650818/58289651026 mangler stadig log-raekker, kendt problem). Konto-status opdateret begge konti (leder 25130.42, Rune Copy#1 25136.87). Ingen account/rename/swap-leader anmodninger. control.json ikke fundet paa GitHub (404, behandlet som ikke pauset).","XAUUSD,XAGUSD",2,warning
2026-09-04 09:02:21.816103+00:00,"Scan 2026-09-04 (leder Rune Main): 0 nye signaler, 0 nye afstemte trades (leder og foelger allerede afstemt for lukkede trades; foelger-tickets 58289650818/58289651026 mangler stadig log-raekker, kendt problem), konto-status opdateret begge konti (leder 25130.42, Rune Copy#1 25136.87), aaben ORB XAUUSD-position uaendret begge konti, ingen account/rename/swap-leader anmodninger, control.json ikke fundet paa GitHub (404, behandlet som ikke pauset)","XAUUSD,XAGUSD",0,ok
2026-09-04 09:20:42.042411+00:00,"Scan 2026-09-04 (leder Rune Main): 1 nyt signal (XAUUSD Powell_KeyOpen long), eksekveret som pending BUY_STOP-ordre paa leder (ticket 58308204335) og foelger Rune Copy#1 (ticket 58308207220) med SL/TP direkte ved placering. 0 nye afstemte trades (leder og foelger allerede afstemt for lukkede trades; foelger-tickets 58289650818/58289651026 mangler stadig log-raekker, kendt problem). Konto-status opdateret begge konti (leder 25130.42, Rune Copy#1 25136.87). Aaben ORB XAUUSD-position uaendret begge konti. Ingen account/rename/swap-leader anmodninger. control.json ikke fundet paa GitHub (404, ikke pauset).","XAUUSD,XAGUSD",1,ok
2026-09-04 09:33:31.034129+00:00,"Scan 2026-09-04 (leder Rune Main): 0 nye signaler (XAUUSD+XAGUSD), 0 nye afstemte trades (leder allerede afstemt for lukkede trades; foelger-tickets fra 58289650818/58289651026-positionerne mangler stadig log-raekker, kendt problem). Konto-status opdateret begge konti (leder 25130.42, Rune Copy#1 25136.87). Aabne positioner uaendret: begge konti har XAGUSD (58307752684/58307756714) og en XAUUSD-position der er nettet paa begge konti (leder 58297762118+58307752600 -> volume 0.02, SL/TP overskrevet af nyeste ordre, kendt MT5-netting-adfaerd). Ingen account/rename/swap-leader anmodninger. control.json ikke fundet paa GitHub (404, ikke pauset).","XAUUSD,XAGUSD",0,ok
2026-09-04 09:48:06.215722+00:00,"Scan 2026-09-04 (leder Rune Main): 0 nye signaler (XAUUSD+XAGUSD), 0 nye afstemte trades (leder og foelger allerede afstemt for lukkede trades; foelger-tickets 58289650818/58289651026 mangler stadig log-raekker, kendt problem). Konto-status opdateret begge konti (leder 25130.42, Rune Copy#1 25136.87). Aabne positioner uaendret begge konti: XAGUSD (58307752684/58307756714) og en XAUUSD-position der er nettet paa leder (58297762118, volume 0.02, SL/TP fra nyeste ordre, kendt MT5-netting-adfaerd) / foelger (58297763767). Ingen account/rename/swap-leader anmodninger. control.json ikke fundet paa GitHub (404, ikke pauset).","XAUUSD,XAGUSD",0,ok
2026-09-04 10:03:49.768007+00:00,"Scan 2026-09-04 (leder Rune Main): 0 nye signaler (XAUUSD+XAGUSD), 0 nye afstemte trades (leder og foelger allerede afstemt for lukkede trades; foelger-tickets 58289650818/58289651026 mangler stadig log-raekker, kendt problem). Konto-status opdateret begge konti (leder 25130.42, Rune Copy#1 25136.87). Aabne positioner uaendret begge konti: XAGUSD (58307752684/58307756714) og XAUUSD (58297762118/58297763767). Ingen account/rename/swap-leader anmodninger. control.json ikke fundet paa GitHub (404, ikke pauset).","XAUUSD,XAGUSD",0,ok
2026-09-04 10:18:29.857693+00:00,"Scan 2026-09-04 (leder Rune Main): 0 nye signaler (XAUUSD+XAGUSD), 0 nye afstemte trades (leder og foelger allerede afstemt for lukkede trades; foelger-tickets 58289650818/58289651026 mangler stadig log-raekker, kendt problem). Konto-status opdateret begge konti (leder 25130.42, Rune Copy#1 25136.87). Aabne positioner begge konti: XAGUSD (58307752684/58307756714) og XAUUSD (58297762118/58297763767, leder-volume nu 0.03, formentlig endnu en netting-fill). Ingen account/rename/swap-leader anmodninger. control.json ikke fundet paa GitHub (404, ikke pauset).","XAUUSD,XAGUSD",0,ok
2026-09-04 10:32:55.412362+00:00,"Scan 2026-09-04 (leder Rune Main): 0 nye signaler (XAUUSD+XAGUSD), 0 nye afstemte trades (leder allerede afstemt for lukkede trades; foelger-tickets 58289650818/58289651026 mangler stadig log-raekker, kendt problem). Konto-status opdateret begge konti (leder 25130.42, Rune Copy#1 25136.87). Aabne positioner uaendret begge konti: XAGUSD (58307752684/58307756714) og XAUUSD (58297762118/58297763767). Ingen account/rename/swap-leader anmodninger. control.json ikke fundet paa GitHub (404, ikke pauset).","XAUUSD,XAGUSD",0,ok
2026-09-04 10:46:58.604793+00:00,"Scan 2026-09-04 (leder Rune Main): 0 nye signaler (XAUUSD+XAGUSD), 0 nye afstemte trades (leder allerede afstemt for lukkede trades; foelger-tickets 58289650818/58289651026 mangler stadig log-raekker, kendt problem). Konto-status opdateret begge konti (leder 25130.42, Rune Copy#1 25136.87). Aabne positioner uaendret begge konti: XAGUSD (58307752684/58307756714) og XAUUSD (58297762118/58297763767). Ingen account/rename/swap-leader anmodninger. control.json ikke fundet paa GitHub (404, ikke pauset).","XAUUSD,XAGUSD",0,ok
2026-09-04 11:03:25.941429+00:00,"Scan 2026-09-04 (leder Rune Main): 0 nye signaler (XAUUSD+XAGUSD), 0 nye afstemte trades (leder allerede afstemt for lukkede trades; foelger-tickets 58289650818/58289651026 mangler stadig log-raekker, kendt problem). Konto-status opdateret begge konti (leder 25130.42, Rune Copy#1 25136.87). Aabne positioner begge konti: XAGUSD (58307752684/58307756714) og XAUUSD (58297762118/58297763767, leder-volume nu 0.03 efter endnu en netting-fill). Ingen account/rename/swap-leader anmodninger. control.json ikke fundet paa GitHub (404, ikke pauset).","XAUUSD,XAGUSD",0,ok
2026-09-04 11:17:28.112442+00:00,"Scan 2026-09-04 (leder Rune Main): 0 nye signaler (XAUUSD+XAGUSD), 0 nye afstemte trades (leder allerede afstemt for lukkede trades; foelger-tickets 58289650818/58289651026 mangler stadig log-raekker, kendt problem). Konto-status opdateret begge konti (leder 25130.42, Rune Copy#1 25136.87). Aabne positioner uaendret begge konti: XAGUSD (58307752684/58307756714) og XAUUSD (58297762118/58297763767). Ingen account/rename/swap-leader anmodninger. control.json ikke fundet paa GitHub (404, ikke pauset).","XAUUSD,XAGUSD",0,ok
2026-09-04 11:33:25.370590+00:00,"Scan 2026-09-04 (leder Rune Main): 1 nyt signal (XAUUSD CRT_TBS long @4467.79, SL 4458.60693, TP 4487.22, lot 0.02), placeret som pending BUY_LIMIT paa leder (ticket 58310077319) og foelger Rune Copy#1 (lot 0.03, ticket 58310079966). XAGUSD ingen nye signaler. 0 nye afstemte trades (leder allerede afstemt for lukkede trades; foelger-tickets 58289650818/58289651026 mangler stadig log-raekker, kendt problem). Konto-status opdateret begge konti (leder 25130.42, Rune Copy#1 25136.87). Aabne positioner begge konti uaendret plus nye pending: XAGUSD (58307752684/58307756714), XAUUSD (58297762118/58297763767), samt nye pending XAUUSD CRT_TBS (58310077319/58310079966). Ingen account/rename/swap-leader anmodninger. control.json ikke fundet paa GitHub (404, ikke pauset).","XAUUSD,XAGUSD",1,ok
2026-09-04 11:47:18.515721+00:00,"0 nye signaler (XAUUSD+XAGUSD), 0 nye afstemte trades (leder allerede afstemt; foelger-tickets 58289650818/58289651026 mangler stadig log-raekker, kendt problem). Konto-status opdateret begge konti (leder 25130.42, Rune Copy#1 25136.87). Aabne positioner uaendret begge konti: XAGUSD (58307752684/58307756714) og XAUUSD (58297762118/58297763767). Pending XAUUSD CRT_TBS ordre fra sidste koersel (58310077319/58310079966) ikke set som fyldt endnu. Ingen account/rename/swap-leader anmodninger. control.json ikke fundet paa GitHub (404, ikke pauset).","XAUUSD,XAGUSD",0,ok
2026-09-04 12:03:56.980748+00:00,"Scan 2026-09-04 (leder Rune Main): 1 nyt signal (XAGUSD CRT_TBS long @66.721, SL 66.46347, TP 67.191, lot 0.02), placeret som pending BUY_LIMIT paa leder (ticket 58310577332) og foelger Rune Copy#1 (lot 0.02, ticket 58310577794). XAUUSD ingen nye signaler. 0 nye afstemte trades (leder allerede afstemt; foelger-tickets 58289650818/58289651026 mangler stadig log-raekker, kendt problem). Konto-status opdateret begge konti (leder 25130.42, Rune Copy#1 25136.87). Aabne positioner begge konti: XAGUSD (58307752684/58307756714) og XAUUSD (58297762118/58297763767), samt nye pending XAGUSD CRT_TBS (58310577332/58310577794) og eksisterende pending XAUUSD CRT_TBS (58310077319/58310079966). Ingen account/rename/swap-leader anmodninger. control.json ikke fundet paa GitHub (404, ikke pauset).","XAUUSD,XAGUSD",1,ok
2026-09-04 12:17:54.498101+00:00,"Scan 2026-09-04 (leder Rune Main): 0 nye signaler (XAUUSD+XAGUSD), 0 nye afstemte trades (leder allerede afstemt; foelger-tickets 58289650818/58289651026 mangler stadig log-raekker, kendt problem). Konto-status opdateret begge konti (leder 25130.42, Rune Copy#1 25136.87). Aabne positioner uaendret begge konti: XAGUSD (58307752684/58307756714) og XAUUSD (58297762118/58297763767). Ingen account/rename/swap-leader anmodninger. control.json ikke fundet paa GitHub (404, ikke pauset).","XAUUSD,XAGUSD",0,ok
2026-09-04 12:44:53.937098+00:00,"Scan 2026-09-04 (leder Rune Main): 1 nyt signal (XAGUSD CRT_TBS long @66.585, SL 66.456477, TP 67.191, lot 0.04), placeret som pending BUY_STOP paa leder (ticket 58311977477) og foelger Rune Copy#1 (foelgerens foerste ordreforsoeg fik retcode 10012 'Request timeout' og maatte gentages -- lykkedes paa andet forsoeg, lot 0.04, ticket 58312358143). XAUUSD ingen nye signaler. Afstemning: under koerslen opdagede jeg at flere positioner var lukket via SL siden sidste scan -- reconciled 14 raekker paa leder og 7 paa foelger: XAUUSD ORB+Powell+CRT_TBS netted position (58297762118/58307752600/58308204335/58310077319) tabte -94.62 (leder) / -103.80 (foelger 58297763767/58307756625/58308207220/58310079966); XAGUSD Powell+CRT_TBS netted position (58307752684/58310577332) tabte -42.90 (leder) / -38.30 (foelger 58307756714/58310577794); XAGUSD Powell standalone (58301019252/58301020826) tabte -15.85 begge konti. Foelger-tickets 58289650818/58289651026 mangler stadig log-raekker (kendt problem). Konto-status opdateret begge konti (leder $24,976.92, Rune Copy#1 $24,978.79), 0 aabne positioner paa begge konti (kun den nye pending XAGUSD CRT_TBS 58311977477/58312358143 er aaben). Ingen account/rename/swap-leader anmodninger. control.json ikke fundet paa GitHub (404, ikke pauset).","XAUUSD,XAGUSD",1,warning
2026-09-04 13:05:58.072853+00:00,"Scan 2026-09-04 (leder Rune Main): 1 nyt signal med lot>0 (XAUUSD ORB short @4373.09, SL 4470.72, TP 4177.83, lot 0.01), placeret som pending SELL_STOP paa leder (ticket 58313549233) og foelger Rune Copy#1 (lot 0.01, ticket 58313596494). XAGUSD ORB short signal fundet men lot size 0 (under broker-minimum) -- sprunget over paa begge konti, logget som IKKE EKSEKVERET. 0 nye afstemte trades (alle lukkede positioner fra sidste 7 dage var allerede afstemt fra tidligere koersler). Konto-status opdateret begge konti (leder 24976.92, Rune Copy#1 24978.79). 0 aabne positioner begge konti (kun pending ordrer). Ingen account/rename/swap-leader anmodninger. control.json ikke fundet paa GitHub (404, ikke pauset).","XAUUSD,XAGUSD",2,ok
2026-09-04 13:17:47.119094+00:00,"Scan 2026-09-04 (leder Rune Main): 0 nye signaler (XAUUSD+XAGUSD). 0 nye afstemte trades (leder allerede afstemt; foelger-tickets 58289650818/58289651026 mangler stadig log-raekker, kendt problem). Konto-status opdateret begge konti (leder 24976.92, Rune Copy#1 24978.79), 0 aabne positioner begge konti (kun eksisterende pending ordrer: XAGUSD CRT_TBS 58311977477/58312358143 og XAUUSD ORB 58313549233). Ingen account/rename/swap-leader anmodninger. control.json ikke fundet paa GitHub (404, ikke pauset).","XAUUSD,XAGUSD",0,ok
2026-09-04 13:31:44.490620+00:00,"Scan 2026-09-04 (leder Rune Main): 0 nye signaler (XAUUSD+XAGUSD). 0 nye afstemte trades (leder+foelger allerede afstemt fra tidligere koersler). Konto-status opdateret begge konti (leder 24976.92, Rune Copy#1 24978.79), 0 aabne positioner begge konti. Ingen account/rename/swap-leader anmodninger. control.json ikke fundet paa GitHub (404, ikke pauset).","XAUUSD,XAGUSD",0,ok
2026-09-04 13:48:43.911288+00:00,"Scan 2026-09-04 (leder Rune Main): ingen konto/omdoeb/byt-leder-anmodninger. control.json ikke fundet paa GitHub (404, ikke pauset), springer ikke over eksekvering. Afstemning: 0 nye afstemte trades (leder allerede afstemt; foelger-tickets 58289650818/58289651026 mangler stadig log-raekker, kendt problem). Scan: 0 nye signaler (XAUUSD+XAGUSD). Ingen eksekvering noedvendig. Konto-status opdateret begge konti (leder 24976.92, Rune Copy#1 24978.79), 0 aabne positioner begge konti (kun pending ordrer).","XAUUSD,XAGUSD",0,ok
2026-09-04 14:02:24.203641+00:00,"Scan 2026-09-04 (leder Rune Main): 0 nye signaler (XAUUSD+XAGUSD), 0 nye afstemte trades (leder allerede afstemt; foelger-tickets 58289650818/58289651026 mangler stadig log-raekker, kendt problem). Konto-status opdateret begge konti (leder 24976.92, Rune Copy#1 24978.79), 0 aabne positioner begge konti. Ingen account/rename/swap-leader anmodninger. control.json ikke fundet paa GitHub (404, ikke pauset).","XAUUSD,XAGUSD",0,ok
2026-09-04 14:18:02.700563+00:00,"Scan 2026-09-04 (leder Rune Main): control.json fundet paa GitHub for foerste gang (paused=true, close_all_requested=false) -- eksekvering af nye signaler sprunget over jf. trin 2. 0 nye signaler (XAUUSD+XAGUSD) uanset. 0 nye afstemte trades (leder+foelger Rune Copy#1 allerede afstemt fra tidligere koersler). Konto-status opdateret begge konti (leder 24976.92, Rune Copy#1 24978.79), 0 aabne positioner begge konti. Ingen account/rename/swap-leader anmodninger.","XAUUSD,XAGUSD",0,ok
2026-09-04 14:32:59.382101+00:00,"Scan 2026-09-04 (leder Rune Main): control.json paused=true -> eksekvering (trin 5) sprunget over. Afstemning: 0 nye (leder allerede afstemt; foelger-tickets 58289650818/58289651026 mangler stadig log-raekker, kendt problem). 0 nye signaler (XAUUSD+XAGUSD). Konto-status opdateret begge konti (leder 24976.92, Rune Copy#1 24978.79), 0 aabne positioner begge konti. Ingen account/rename/swap-leader anmodninger. close_all_requested=false, ingen positioner lukket.","XAUUSD,XAGUSD",0,ok
2026-09-04 14:49:04.055414+00:00,"Scan 2026-09-04 (leder Rune Main): control.json paused=true, eksekvering sprunget over. 0 nye signaler (XAUUSD+XAGUSD). Afstemning: 0 nye afstemte trades leder (allerede afstemt), 0 nye afstemte trades foelger (tickets 58289650818/58289651026 mangler stadig log-raekker, kendt problem). Konto-status opdateret begge konti (leder 24976.92, Rune Copy#1 24978.79), 0 aabne positioner begge konti. Ingen account/rename/swap-leader anmodninger. close_all_requested=false.","XAUUSD,XAGUSD",0,ok
2026-09-04 15:03:24.198676+00:00,"Scan 2026-09-04 (leder Rune Main): control.json paused=true, eksekvering sprunget over. 0 nye signaler (XAUUSD+XAGUSD), 0 nye afstemte trades (leder allerede afstemt; foelger-tickets 58289650818/58289651026 mangler stadig log-raekker, kendt problem). Konto-status opdateret begge konti (leder 24976.92, Rune Copy#1 24978.79), 0 aabne positioner begge konti. Ingen account/rename/swap-leader anmodninger. close_all_requested=false.","XAUUSD,XAGUSD",0,warning
2026-09-04 15:20:19.733476+00:00,"Scan 2026-09-04 (leder Rune Main): control.json paused=true, eksekvering sprunget over. 0 nye signaler (XAUUSD+XAGUSD), 0 nye afstemte trades (leder+foelger allerede afstemt; foelger-tickets 58289650818/58289651026 mangler stadig log-raekker, kendt problem). Konto-status opdateret begge konti (leder 24976.92, Rune Copy#1 24978.79), 0 aabne positioner begge konti. Ingen account/rename/swap-leader anmodninger. close_all_requested=false.","XAUUSD,XAGUSD",0,ok
2026-09-04 15:33:22.921850+00:00,"Scan 2026-09-04 18:xx (leder Rune Main): control.json paused=true, eksekvering sprunget over. 0 nye signaler (XAUUSD+XAGUSD, 5000 M15 candles hver). Afstemning koert for leder+foelger (7 dage), 0 nye afstemte trades (alle lukkede allerede afstemt; foelger-tickets 58289650818/58289651026 mangler stadig log-raekker, kendt problem). Konto-status opdateret begge konti (leder 24976.92, Rune Copy#1 24978.79), 0 aabne positioner begge konti. Ingen account/rename/swap-leader anmodninger. close_all_requested=false.","XAUUSD,XAGUSD",0,ok
2026-09-04 15:50:03.396220+00:00,"Scan 2026-09-04 (leder Rune Main): control.json paused=true, eksekvering sprunget over. 0 nye signaler (XAUUSD+XAGUSD). Afstemning koert for leder+foelger (seneste 7 dage) - 0 nye afstemte trades (alle allerede afstemt tidligere; foelger-tickets 58289650818/58289651026 mangler stadig log-raekker, kendt problem). Konto-status opdateret begge konti (leder $24,976.92, Rune Copy#1 $24,978.79), 0 aabne positioner begge konti. Ingen account/rename/swap-leader anmodninger. close_all_requested=false.","XAUUSD,XAGUSD",0,ok
2026-09-04 16:03:13.000261+00:00,"Scan 2026-09-04 (leder Rune Main): control.json paused=true, eksekvering sprunget over. 0 nye signaler (XAUUSD+XAGUSD), 0 nye afstemte trades (leder+foelger allerede afstemt; foelger-tickets 58289650818/58289651026 mangler stadig log-raekker, kendt problem). Konto-status opdateret begge konti (leder 24976.92, Rune Copy#1 24978.79), 0 aabne positioner begge konti. Ingen account/rename/swap-leader anmodninger. close_all_requested=false.","XAUUSD,XAGUSD",0,ok
2026-09-04 16:18:01.113140+00:00,"Scan 2026-09-04 (leder Rune Main): control.json paused=true, eksekvering sprunget over. 0 nye signaler (XAUUSD+XAGUSD), 0 nye afstemte trades (leder+foelger allerede afstemt; foelger-tickets 58289650818/58289651026 mangler stadig log-raekker, kendt problem). Konto-status opdateret begge konti (leder 24976.92, Rune Copy#1 24978.79), 0 aabne positioner begge konti. Ingen account/rename/swap-leader anmodninger. close_all_requested=false.","XAUUSD,XAGUSD",0,ok
2026-09-04 16:32:56.083187+00:00,"Scan 2026-09-04 (leder Rune Main): control.json paused=true, eksekvering sprunget over. 0 nye signaler (XAUUSD+XAGUSD), 0 nye afstemte trades (leder+foelger allerede afstemt; foelger-tickets 58289650818/58289651026 mangler stadig log-raekker, kendt problem). Konto-status opdateret begge konti (leder 24976.92, Rune Copy#1 24978.79), 0 aabne positioner begge konti. Ingen account/rename/swap-leader anmodninger. close_all_requested=false.","XAUUSD,XAGUSD",0,ok
2026-09-04 16:47:15.172668+00:00,"Scan 2026-09-04 (leder Rune Main): control.json paused=true, eksekvering sprunget over. 0 nye signaler (XAUUSD+XAGUSD), 0 nye afstemte trades (leder+foelger allerede afstemt; foelger-tickets 58289650818/58289651026 mangler stadig log-raekker, kendt problem). Konto-status opdateret begge konti (leder 24976.92, Rune Copy#1 24978.79), 0 aabne positioner begge konti. Ingen account/rename/swap-leader anmodninger. close_all_requested=false.","XAUUSD,XAGUSD",0,ok
2026-09-04 17:03:53.815997+00:00,"Scan 2026-09-04 (leder Rune Main): control.json paused=true, eksekvering sprunget over. 0 nye signaler (XAUUSD+XAGUSD), 0 nye afstemte trades (leder+foelger allerede afstemt; foelger-tickets 58289650818/58289651026 mangler stadig log-raekker, kendt problem). Konto-status opdateret begge konti (leder 24976.92, Rune Copy#1 24978.79), 0 aabne positioner begge konti. Ingen account/rename/swap-leader anmodninger. close_all_requested=false.","XAUUSD,XAGUSD",0,ok
2026-09-04 17:18:46.218787+00:00,"Scan 2026-09-04 (leder Rune Main): control.json paused=true, eksekvering sprunget over. 0 nye signaler (XAUUSD+XAGUSD), 0 nye afstemte trades (leder+foelger allerede afstemt; foelger-tickets 58289650818/58289651026 mangler stadig log-raekker, kendt problem). Konto-status opdateret begge konti (leder 24976.92, Rune Copy#1 24978.79), 0 aabne positioner begge konti. Ingen account/rename/swap-leader anmodninger. close_all_requested=false.","XAUUSD,XAGUSD",0,ok
2026-09-04 17:34:21.669281+00:00,"Scan 2026-09-04 (leder Rune Main): control.json paused=true, eksekvering sprunget over. 0 nye signaler (XAUUSD+XAGUSD). Afstemning koert for leder+foelger (7 dage) - 0 nye opdateringer (alle lukkede trades allerede afstemt tidligere). Konto-status opdateret begge konti (leder 24976.92, Rune Copy#1 24978.79), 0 aabne positioner begge konti. Ingen account/rename/swap-leader anmodninger. close_all_requested=false.","XAUUSD,XAGUSD",0,ok
2026-09-04 17:49:09.697537+00:00,"Scan 2026-09-04 (leder Rune Main): control.json paused=true, eksekvering sprunget over. 0 nye signaler (XAUUSD+XAGUSD). Afstemning koert for leder+foelger (7 dage) - 0 nye opdateringer (foelger-tickets 58289650818/58289651026 mangler stadig log-raekker, kendt problem). Konto-status opdateret begge konti (leder 24976.92, Rune Copy#1 24978.79), 0 aabne positioner begge konti. Ingen account/rename/swap-leader anmodninger. close_all_requested=false.","XAUUSD,XAGUSD",0,ok
2026-09-04 18:04:04.364052+00:00,"Scan 2026-09-04 (leder Rune Main): control.json paused=true, eksekvering sprunget over. 0 nye signaler (XAUUSD+XAGUSD). Afstemning koert for leder+foelger (7 dage) - 0 nye opdateringer (alle lukkede trades allerede afstemt). Konto-status opdateret begge konti (leder 24976.92, Rune Copy#1 24978.79), 0 aabne positioner begge konti. Ingen account/rename/swap-leader anmodninger. close_all_requested=false.","XAUUSD,XAGUSD",0,ok
2026-09-04 18:17:12.561049+00:00,"Scan 2026-09-04 (leder Rune Main): control.json paused=true, eksekvering sprunget over. 0 nye signaler (XAUUSD+XAGUSD). Afstemning koert for leder+foelger (7 dage) - 0 nye opdateringer (alle lukkede trades allerede afstemt tidligere; foelger-tickets 58289650818/58289651026 mangler stadig log-raekker, kendt problem). Konto-status opdateret begge konti (leder 24976.92, Rune Copy#1 24978.79), 0 aabne positioner begge konti. Ingen account/rename/swap-leader anmodninger. close_all_requested=false.","XAUUSD,XAGUSD",0,ok
2026-09-04 18:33:44.395169+00:00,"Scan 2026-09-04 (leder Rune Main): control.json paused=true, eksekvering sprunget over. 0 nye signaler (XAUUSD+XAGUSD). Afstemning koert for leder+foelger (7 dage) - 0 nye opdateringer (alle lukkede trades allerede afstemt tidligere; foelger-tickets 58289650818/58289651026 mangler stadig log-raekker, kendt problem). Konto-status opdateret begge konti (leder 24976.92, Rune Copy#1 24978.79), 0 aabne positioner begge konti. Ingen account/rename/swap-leader anmodninger. close_all_requested=false.","XAUUSD,XAGUSD",0,ok
2026-09-04 18:49:35.219108+00:00,"Scan 2026-09-04 (leder Rune Main): control.json paused=true, eksekvering sprunget over. 0 nye signaler (XAUUSD+XAGUSD). Afstemning koert for leder+foelger (7 dage) - 0 nye opdateringer (alle lukkede trades allerede afstemt tidligere; foelger-tickets 58289650818/58289651026 mangler stadig log-raekker, kendt problem). Konto-status opdateret begge konti (leder 24976.92, Rune Copy#1 24978.79), 0 aabne positioner begge konti. Ingen account/rename/swap-leader anmodninger. close_all_requested=false.","XAUUSD,XAGUSD",0,ok
2026-09-04 19:02:26.039140+00:00,"Scan 2026-09-04 (leder Rune Main): control.json paused=true, eksekvering sprunget over. 0 nye signaler (XAUUSD+XAGUSD). Afstemning koert for leder+foelger (7 dage) - 0 nye opdateringer (alle lukkede trades allerede afstemt tidligere; foelger-tickets 58289650818/58289651026 mangler stadig log-raekker, kendt problem). Konto-status opdateret begge konti (leder 24976.92, Rune Copy#1 24978.79), 0 aabne positioner begge konti. Ingen account/rename/swap-leader anmodninger. close_all_requested=false.","XAUUSD,XAGUSD",0,ok
2026-09-04 19:18:36.224642+00:00,"Scan 2026-09-04 (leder Rune Main): control.json paused=true, eksekvering sprunget over. 0 nye signaler (XAUUSD+XAGUSD). Afstemning koert for leder+foelger (7 dage) - 0 nye opdateringer (alle lukkede trades allerede afstemt tidligere; foelger-tickets 58289650818/58289651026 mangler stadig log-raekker, kendt problem). Konto-status opdateret begge konti (leder 24976.92, Rune Copy#1 24978.79), 0 aabne positioner begge konti. Ingen account/rename/swap-leader anmodninger. close_all_requested=false.","XAUUSD,XAGUSD",0,ok
2026-09-04 19:33:45.655783+00:00,"Scan 2026-09-04 (leder Rune Main): control.json paused=true, eksekvering sprunget over. 0 nye signaler (XAUUSD+XAGUSD). Afstemning koert for leder+foelger (7 dage) - 0 nye opdateringer (alle lukkede trades allerede afstemt tidligere; foelger-tickets 58289650818/58289651026 mangler stadig log-raekker, kendt problem). Konto-status opdateret begge konti (leder 24976.92, Rune Copy#1 24978.79), 0 aabne positioner begge konti. Ingen account/rename/swap-leader anmodninger. close_all_requested=false.","XAUUSD,XAGUSD",0,ok
2026-09-04 19:49:53.437019+00:00,"Scan 2026-09-04 (leder Rune Main): control.json paused=true, eksekvering sprunget over. 0 nye signaler (XAUUSD+XAGUSD). Afstemning koert for leder+foelger (7 dage inkl. i dag) - 0 nye opdateringer (alle lukkede trades allerede afstemt tidligere; foelger-tickets 58289650818/58289651026 mangler stadig log-raekker, kendt problem). Konto-status opdateret begge konti (leder 24976.92, Rune Copy#1 24978.79), 0 aabne positioner begge konti. Ingen account/rename/swap-leader anmodninger. close_all_requested=false.","XAUUSD,XAGUSD",0,ok
2026-09-04 20:03:29.740065+00:00,"Scan 2026-09-04 (leder Rune Main): control.json paused=true, eksekvering sprunget over. 0 nye signaler (XAUUSD+XAGUSD). Afstemning koert for leder+foelger (7 dage) - 0 nye opdateringer (alle lukkede trades allerede afstemt tidligere; foelger-tickets 58289650818/58289651026 mangler stadig log-raekker, kendt problem). Konto-status opdateret begge konti (leder 24976.92, Rune Copy#1 24978.79), 0 aabne positioner begge konti. Ingen account/rename/swap-leader anmodninger. close_all_requested=false.","XAUUSD,XAGUSD",0,ok
2026-09-04 20:19:00.856439+00:00,"Scan 2026-09-04 (leder Rune Main): control.json paused=true, eksekvering sprunget over. 0 nye signaler (XAUUSD+XAGUSD). Afstemning koert for leder+foelger (7 dage) - 0 nye opdateringer (alle lukkede trades allerede afstemt tidligere; foelger-tickets 58289650818/58289651026 mangler stadig log-raekker, kendt problem). Konto-status opdateret begge konti (leder 24976.92, Rune Copy#1 24978.79), 0 aabne positioner begge konti. Ingen account/rename/swap-leader anmodninger. close_all_requested=false.","XAUUSD,XAGUSD",0,ok
2026-09-04 20:32:43.219790+00:00,"Scan 2026-09-04 (leder Rune Main): control.json paused=true, eksekvering sprunget over. 0 nye signaler (XAUUSD+XAGUSD). Afstemning koert for leder+foelger (7 dage) - 0 nye opdateringer (alle lukkede trades allerede afstemt tidligere; foelger-tickets 58289650818/58289651026 mangler stadig log-raekker, kendt problem). Konto-status opdateret begge konti (leder 24976.92, Rune Copy#1 24978.79), 0 aabne positioner begge konti. Ingen account/rename/swap-leader anmodninger. close_all_requested=false.","XAUUSD,XAGUSD",0,ok
2026-09-04 20:48:26.630725+00:00,"Scan 2026-09-04 22:xx (leder Rune Main): control.json paused=true, eksekvering sprunget over. 0 nye signaler (XAUUSD+XAGUSD, 5000 candles hver). Afstemning koert for leder+foelger (7 dage) - 0 nye opdateringer (alle lukkede trades allerede afstemt tidligere; foelger-tickets 58289650818/58289651026 mangler stadig log-raekker, kendt problem). Konto-status opdateret begge konti (leder 24976.92, Rune Copy#1 24978.79), 0 aabne positioner begge konti. Ingen account/rename/swap-leader anmodninger. close_all_requested=false.","XAUUSD,XAGUSD",0,ok
2026-09-04 21:03:37.771811+00:00,"control.json paused=true, eksekvering af nye signaler sprunget over. 0 nye signaler (XAUUSD+XAGUSD, 5000 M15-candles hver). Afstemning koert for leder+foelger (7 dage) - 0 nye opdateringer (alle lukkede trades allerede afstemt tidligere; foelger-tickets 58289650818/58289651026 mangler stadig log-raekker, kendt problem). Konto-status opdateret begge konti (leder 24976.92, Rune Copy#1 24978.79), 0 aabne positioner begge konti. Ingen account/rename/swap-leader anmodninger. close_all_requested=false.","XAUUSD,XAGUSD",0,ok
2026-09-04 21:17:17.442844+00:00,"Scan 2026-09-04 (leder Rune Main): control.json paused=true, eksekvering sprunget over. 0 nye signaler (XAUUSD+XAGUSD, 5000 candles hver). Afstemning koert for leder+foelger (7 dage) - 0 nye opdateringer (alle lukkede trades allerede afstemt tidligere; foelger-tickets 58289650818/58289651026 mangler stadig log-raekker, kendt problem). Konto-status opdateret begge konti (leder 24976.92, Rune Copy#1 24978.79), 0 aabne positioner begge konti. Ingen account/rename/swap-leader anmodninger. close_all_requested=false.","XAUUSD,XAGUSD",0,ok
2026-09-04 21:33:04.904564+00:00,"Scan 2026-09-04 (leder Rune Main): control.json paused=true, eksekvering sprunget over. 0 nye signaler (XAUUSD+XAGUSD, 5000 candles hver). Afstemning koert for leder+foelger (7 dage) - 0 nye opdateringer (alle lukkede trades allerede afstemt tidligere; foelger-tickets 58289650818/58289651026 mangler stadig log-raekker, kendt problem). Konto-status opdateret begge konti (leder 24976.92, Rune Copy#1 24978.79), 0 aabne positioner begge konti. Ingen account/rename/swap-leader anmodninger. close_all_requested=false.","XAUUSD,XAGUSD",0,ok
2026-09-04 21:47:36.770825+00:00,"Scan 2026-09-04 kl. senere (leder Rune Main): control.json paused=true, eksekvering sprunget over. 0 nye signaler (XAUUSD+XAGUSD, 5000 candles hver). Afstemning koert for leder+foelger (7 dage) - 0 nye opdateringer (alle lukkede trades allerede afstemt tidligere; foelger-tickets 58289650818/58289651026 mangler stadig log-raekker, kendt problem). Konto-status opdateret begge konti (leder 24976.92, Rune Copy#1 24978.79), 0 aabne positioner begge konti. Ingen account/rename/swap-leader anmodninger. close_all_requested=false.","XAUUSD,XAGUSD",0,ok
2026-09-04 22:04:09.606236+00:00,"Scan 2026-09-05 (leder Rune Main): control.json paused=true, eksekvering sprunget over. 0 nye signaler (XAUUSD+XAGUSD, 5000 candles hver). Afstemning koert for leder+foelger (7 dage) - 0 nye opdateringer (alle lukkede trades allerede afstemt tidligere; foelger-tickets 58289650818/58289651026 mangler stadig log-raekker, kendt problem). Konto-status opdateret begge konti (leder 24976.92, Rune Copy#1 24978.79), 0 aabne positioner begge konti. Ingen account/rename/swap-leader anmodninger. close_all_requested=false.","XAUUSD,XAGUSD",0,ok
2026-09-04 22:19:04.145957+00:00,"Scan 2026-09-05 (leder Rune Main): control.json paused=true, eksekvering sprunget over. 0 nye signaler (XAUUSD+XAGUSD, 5000 candles hver). Afstemning koert for leder+foelger (7 dage) - 0 nye opdateringer (alle lukkede trades allerede afstemt tidligere; foelger-tickets 58289650818/58289651026 mangler stadig log-raekker, kendt problem). Konto-status opdateret begge konti (leder 24976.92, Rune Copy#1 24978.79), 0 aabne positioner begge konti. Ingen account/rename/swap-leader anmodninger. close_all_requested=false.","XAUUSD,XAGUSD",0,ok
2026-09-04 22:33:43.782552+00:00,"Scan 2026-09-05 (leder Rune Main): control.json paused=true, eksekvering sprunget over. 0 nye signaler (XAUUSD+XAGUSD, 5000 candles hver). Afstemning koert for leder+foelger (7 dage) - 0 nye opdateringer (alle lukkede trades allerede afstemt tidligere; foelger-tickets 58289650818/58289651026 mangler stadig log-raekker, kendt problem). Konto-status opdateret begge konti (leder 24976.92, Rune Copy#1 24978.79), 0 aabne positioner begge konti. Ingen account/rename/swap-leader anmodninger. close_all_requested=false.","XAUUSD,XAGUSD",0,ok
2026-09-04 22:47:51.312356+00:00,"Scan 2026-09-05 (leder Rune Main): control.json paused=true, eksekvering sprunget over. 0 nye signaler (XAUUSD+XAGUSD, 5000 candles hver). Afstemning koert for leder+foelger (7 dage) - 0 nye opdateringer (alle lukkede trades allerede afstemt tidligere). Konto-status opdateret begge konti (leder 24976.92, Rune Copy#1 24978.79), 0 aabne positioner begge konti. Ingen account/rename/swap-leader anmodninger. close_all_requested=false.","XAUUSD,XAGUSD",0,ok
2026-09-04 23:03:41.905872+00:00,"Scan 2026-09-05 (leder Rune Main): control.json paused=true, eksekvering sprunget over. 0 nye signaler (XAUUSD+XAGUSD, 5000 candles hver). Afstemning koert for leder+foelger (7 dage) - 0 nye opdateringer (alle lukkede trades allerede afstemt tidligere). Konto-status opdateret begge konti (leder 24976.92, Rune Copy#1 24978.79), 0 aabne positioner begge konti. Ingen account/rename/swap-leader anmodninger. close_all_requested=false.","XAUUSD,XAGUSD",0,ok
2026-09-04 23:19:13.665397+00:00,"Scan 2026-09-05 (leder Rune Main): control.json paused=true, eksekvering sprunget over. 0 nye signaler (XAUUSD+XAGUSD, 5000 candles hver). Afstemning koert for leder+foelger (7 dage) - 0 nye opdateringer (alle lukkede trades allerede afstemt tidligere). Konto-status opdateret begge konti (leder 24976.92, Rune Copy#1 24978.79), 0 aabne positioner begge konti. Ingen account/rename/swap-leader anmodninger. close_all_requested=false.","XAUUSD,XAGUSD",0,ok
2026-09-04 23:33:27.351154+00:00,"Scan 2026-09-05 (leder Rune Main): control.json paused=true, eksekvering sprunget over. 0 nye signaler (XAUUSD+XAGUSD, 5000 candles hver). Afstemning koert for leder+foelger (7 dage) - 0 nye opdateringer (alle lukkede trades allerede afstemt tidligere). Konto-status opdateret begge konti (leder 24976.92, Rune Copy#1 24978.79), 0 aabne positioner begge konti. Ingen account/rename/swap-leader anmodninger. close_all_requested=false.","XAUUSD,XAGUSD",0,ok
2026-09-04 23:48:46.963415+00:00,"Scan 2026-09-05 (leder Rune Main): control.json paused=true, eksekvering sprunget over. 0 nye signaler (XAUUSD+XAGUSD, 5000 candles hver). Afstemning koert for leder+foelger (7 dage) - 0 nye opdateringer (alle lukkede trades allerede afstemt tidligere). Konto-status opdateret begge konti (leder 24976.92, Rune Copy#1 24978.79), 0 aabne positioner begge konti. Ingen account/rename/swap-leader anmodninger. close_all_requested=false.","XAUUSD,XAGUSD",0,ok
2026-09-05 00:03:13.226367+00:00,"Scan (leder Rune Main): control.json paused=true, eksekvering sprunget over. 0 nye signaler (XAUUSD+XAGUSD, 5000 candles hver). Afstemning koert for leder+foelger (7 dage) - 0 nye opdateringer (alle lukkede trades allerede afstemt tidligere). Konto-status opdateret begge konti (leder 24976.92, Rune Copy#1 24978.79), 0 aabne positioner begge konti. Ingen account/rename/swap-leader anmodninger. close_all_requested=false.","XAUUSD,XAGUSD",0,ok
2026-09-05 00:18:45.137121+00:00,"Scan 2026-09-05 (leder Rune Main): control.json paused=true, eksekvering sprunget over. 0 nye signaler (XAUUSD+XAGUSD, 5000 candles hver, weekend-lukket marked t.o.m. fredag). Afstemning koert for leder+foelger (7 dage) - 0 nye opdateringer (alle lukkede trades allerede afstemt tidligere). Konto-status opdateret begge konti (leder 24976.92, Rune Copy#1 24978.79), 0 aabne positioner begge konti. Ingen account/rename/swap-leader anmodninger. close_all_requested=false.","XAUUSD,XAGUSD",0,ok
2026-09-05 00:33:30.953277+00:00,"Scan 2026-09-05 (leder Rune Main): control.json paused=true, eksekvering sprunget over. 0 nye signaler (XAUUSD+XAGUSD, 5000 candles hver). Afstemning koert for leder+foelger (7 dage) - 0 nye opdateringer (alle lukkede trades allerede afstemt tidligere). Konto-status opdateret begge konti (leder 24976.92, Rune Copy#1 24978.79), 0 aabne positioner begge konti. Ingen account/rename/swap-leader anmodninger. close_all_requested=false.","XAUUSD,XAGUSD",0,ok
2026-09-05 00:49:28.423495+00:00,"Scan 2026-09-05 (leder Rune Main): control.json paused=true, eksekvering sprunget over. 0 nye signaler (XAUUSD+XAGUSD, 5000 candles hver). Afstemning koert for leder+foelger (7 dage) - 0 nye opdateringer (alle lukkede trades allerede afstemt tidligere). Konto-status opdateret begge konti (leder 24976.92, Rune Copy#1 24978.79), 0 aabne positioner begge konti. Ingen account/rename/swap-leader anmodninger. close_all_requested=false.","XAUUSD,XAGUSD",0,ok
2026-09-05 01:03:00.327608+00:00,"Scan 2026-09-05 (leder Rune Main): control.json paused=true, eksekvering sprunget over. 0 nye signaler (XAUUSD+XAGUSD, 5000 candles hver). Afstemning koert for leder+foelger (7 dage) - 0 nye opdateringer (alle lukkede trades allerede afstemt tidligere). Konto-status opdateret begge konti (leder 24976.92, Rune Copy#1 24978.79), 0 aabne positioner begge konti. Ingen account/rename/swap-leader anmodninger. close_all_requested=false.","XAUUSD,XAGUSD",0,ok
2026-09-05 01:18:20.976284+00:00,"Scan 2026-09-05 (leder Rune Main): control.json paused=true, eksekvering sprunget over. 0 nye signaler (XAUUSD+XAGUSD, 5000 candles hver). Afstemning koert for leder+foelger (7 dage) - 0 nye opdateringer (alle lukkede trades allerede afstemt tidligere). Konto-status opdateret begge konti (leder 24976.92, Rune Copy#1 24978.79), 0 aabne positioner begge konti. Ingen account/rename/swap-leader anmodninger. close_all_requested=false.","XAUUSD,XAGUSD",0,ok
2026-09-05 01:33:54.026744+00:00,"Scan 2026-09-05 (leder Rune Main): control.json paused=true, eksekvering sprunget over. 0 nye signaler (XAUUSD+XAGUSD, 5000 candles hver). Afstemning koert for leder+foelger (7 dage) - 0 nye opdateringer (alle lukkede trades allerede afstemt tidligere). Konto-status opdateret begge konti (leder 24976.92, Rune Copy#1 24978.79), 0 aabne positioner begge konti. Ingen account/rename/swap-leader anmodninger. close_all_requested=false.","XAUUSD,XAGUSD",0,ok
2026-09-05 01:48:26.834518+00:00,"Scan 2026-09-05 (leder Rune Main): control.json paused=true, eksekvering sprunget over. 0 nye signaler (XAUUSD+XAGUSD, 5000 candles hver). Afstemning koert for leder+foelger (7 dage) - 0 nye opdateringer (alle lukkede trades allerede afstemt tidligere). Konto-status opdateret begge konti (leder 24976.92, Rune Copy#1 24978.79), 0 aabne positioner begge konti. Ingen account/rename/swap-leader anmodninger. close_all_requested=false.","XAUUSD,XAGUSD",0,ok
2026-09-05 02:05:09.935002+00:00,"Scan 2026-09-05 (leder Rune Main): control.json paused=true, eksekvering sprunget over. 0 nye signaler (XAUUSD+XAGUSD, 5000 candles hver). Afstemning koert for leder+foelger (7 dage) - 0 nye opdateringer (alle lukkede trades allerede afstemt tidligere). Konto-status opdateret begge konti (leder 24976.92, Rune Copy#1 24978.79), 0 aabne positioner begge konti. Ingen account/rename/swap-leader anmodninger. close_all_requested=false.","XAUUSD,XAGUSD",0,ok
2026-09-05 02:18:18.625086+00:00,"Scan 2026-09-05 (leder Rune Main): control.json paused=true, eksekvering sprunget over. 0 nye signaler (XAUUSD+XAGUSD, 5000 candles hver). Afstemning koert for leder+foelger (7 dage) - 0 nye opdateringer (alle lukkede trades allerede afstemt tidligere). Konto-status opdateret begge konti (leder 24976.92, Rune Copy#1 24978.79), 0 aabne positioner begge konti. Ingen account/rename/swap-leader anmodninger. close_all_requested=false.","XAUUSD,XAGUSD",0,ok
2026-09-05 02:34:04.616030+00:00,"Scan koert (leder Rune Main): control.json paused=true, eksekvering sprunget over. 0 nye signaler (XAUUSD+XAGUSD, 5000 candles hver). Afstemning koert for leder+foelger (7 dage) - 0 nye opdateringer (alle lukkede trades allerede afstemt tidligere). Konto-status opdateret begge konti (leder 24976.92, Rune Copy#1 24978.79), 0 aabne positioner begge konti. Ingen account/rename/swap-leader anmodninger. close_all_requested=false.","XAUUSD,XAGUSD",0,ok
2026-09-05 02:46:40.015491+00:00,"Scan 2026-09-05: BEIDE MetaTrader MCP-forbindelser (metatrader=leder Rune Main, metatrader_2=foelger Rune Copy#1) fejlede denne koersel (CONNECTION_CLOSED). control.json paused=true, close_all_requested=false, saa trin 5 (eksekvering) var alligevel sprunget over og intet kritisk gik tabt der. MEN trin 3 (afstemning lukkede trades), 4 (scan for signaler) og 6 (konto-status begge konti) kunne IKKE udfoeres da de kraever live MT5-adgang. Ingen account/rename/swap-leader anmodninger fundet (account_request.json, rename_request.json, swap_leader_request.json findes ikke). Ingen data blev aendret/afstemt denne koersel -- kraever manuel MT5-terminal/MCP-genstart foer naeste koersel kan fuldfoere trin 3-4-6.","XAUUSD,XAGUSD",0,error
2026-09-05 03:04:12.445730+00:00,"Scan 2026-09-05 (leder Rune Main): control.json paused=true, eksekvering sprunget over. 0 nye signaler (XAUUSD+XAGUSD, 5000 candles hver). Afstemning koert for leder+foelger (7 dage) - 0 nye opdateringer (alle lukkede trades allerede afstemt tidligere). Konto-status opdateret begge konti (leder 24976.92, Rune Copy#1 24978.79), 0 aabne positioner begge konti. Ingen account/rename/swap-leader anmodninger. close_all_requested=false.","XAUUSD,XAGUSD",0,ok
2026-09-05 03:18:21.868886+00:00,"Scan 2026-09-05 (leder Rune Main): control.json paused=true, eksekvering sprunget over. 0 nye signaler (XAUUSD+XAGUSD, 5000 candles hver). Afstemning koert for leder+foelger (7 dage) - 0 nye opdateringer (alle lukkede trades allerede afstemt tidligere). Konto-status opdateret begge konti (leder 24976.92, Rune Copy#1 24978.79), 0 aabne positioner begge konti. Ingen account/rename/swap-leader anmodninger. close_all_requested=false.","XAUUSD,XAGUSD",0,ok
2026-09-05 03:32:55.269010+00:00,"Scan 2026-09-05 (leder Rune Main): control.json paused=true, eksekvering sprunget over. 0 nye signaler (XAUUSD+XAGUSD, 5000 candles hver). Afstemning koert for leder+foelger (7 dage) - 0 nye opdateringer (alle lukkede trades allerede afstemt tidligere). Konto-status opdateret begge konti (leder 24976.92, Rune Copy#1 24978.79), 0 aabne positioner begge konti. Ingen account/rename/swap-leader anmodninger. close_all_requested=false.","XAUUSD,XAGUSD",0,ok
2026-09-05 03:48:20.210373+00:00,"Scan 2026-09-05 (leder Rune Main): control.json paused=true, eksekvering sprunget over. 0 nye signaler (XAUUSD+XAGUSD, 5000 candles hver). Afstemning koert for leder+foelger (7 dage) - 0 nye opdateringer (alle lukkede trades allerede afstemt tidligere). Konto-status opdateret begge konti (leder 24976.92, Rune Copy#1 24978.79), 0 aabne positioner begge konti. Ingen account/rename/swap-leader anmodninger. close_all_requested=false.","XAUUSD,XAGUSD",0,ok
2026-09-05 04:04:51.910108+00:00,"Scan 2026-09-05 (leder Rune Main): control.json paused=true, eksekvering sprunget over. 0 nye signaler (XAUUSD+XAGUSD, 5000 candles hver). Afstemning koert for leder+foelger (7 dage) - 0 nye opdateringer (alle lukkede trades allerede afstemt tidligere). Konto-status opdateret begge konti (leder 24976.92, Rune Copy#1 24978.79), 0 aabne positioner begge konti. Ingen account/rename/swap-leader anmodninger. close_all_requested=false.","XAUUSD,XAGUSD",0,ok
2026-09-05 04:18:24.081937+00:00,"Scan 2026-09-05 (leder Rune Main): control.json paused=true, eksekvering af nye signaler sprunget over. 0 nye signaler (XAUUSD+XAGUSD, 5000 candles hver). Afstemning koert for leder+foelger (7 dage) - 0 nye opdateringer (alle lukkede trades allerede afstemt tidligere; 2 pending stop-ordrer fra 2026-09-04 (leder+foelger CRT_TBS XAGUSD og ORB XAUUSD) blev fundet annulleret/state=2, aldrig fyldt - ingen deals at afstemme for dem). Konto-status opdateret begge konti (leder 24976.92, Rune Copy#1 24978.79), 0 aabne positioner begge konti. Ingen account/rename/swap-leader anmodninger. close_all_requested=false.","XAUUSD,XAGUSD",0,ok
2026-09-05 04:34:39.645470+00:00,"Scan 2026-09-05 (leder Rune Main): control.json paused=true, eksekvering sprunget over. 0 nye signaler (XAUUSD+XAGUSD, 5000 candles hver). Afstemning koert for leder+foelger (7 dage) - 0 nye opdateringer (alle lukkede trades allerede afstemt tidligere). Konto-status opdateret begge konti (leder 24976.92, Rune Copy#1 24978.79), 0 aabne positioner begge konti. Ingen account/rename/swap-leader anmodninger. close_all_requested=false.","XAUUSD,XAGUSD",0,ok
2026-09-05 04:48:31.633697+00:00,"Scan 2026-09-05 (leder Rune Main): control.json paused=true, eksekvering sprunget over. 0 nye signaler (XAUUSD+XAGUSD, 5000 candles hver). Afstemning koert for leder+foelger (7 dage) - 0 nye opdateringer (alle lukkede trades allerede afstemt tidligere). Konto-status opdateret begge konti (leder 24976.92, Rune Copy#1 24978.79), 0 aabne positioner begge konti. Ingen account/rename/swap-leader anmodninger. close_all_requested=false.","XAUUSD,XAGUSD",0,ok
2026-09-05 05:03:17.011038+00:00,"Scan 2026-09-05 (leder Rune Main): control.json paused=true, eksekvering sprunget over. 0 nye signaler (XAUUSD+XAGUSD, 5000 candles hver). Afstemning koert for leder+foelger (7 dage) - 0 nye opdateringer (alle lukkede trades allerede afstemt tidligere). Konto-status opdateret begge konti (leder 24976.92, Rune Copy#1 24978.79), 0 aabne positioner begge konti. Ingen account/rename/swap-leader anmodninger. close_all_requested=false.","XAUUSD,XAGUSD",0,ok
2026-09-05 05:19:00.238855+00:00,"Scan 2026-09-05 (leder Rune Main): control.json paused=true, eksekvering sprunget over. 0 nye signaler (XAUUSD+XAGUSD, 5000 candles hver). Afstemning koert for leder+foelger (7 dage) - 0 nye opdateringer (alle lukkede trades allerede afstemt tidligere). Konto-status opdateret begge konti (leder 24976.92, Rune Copy#1 24978.79), 0 aabne positioner begge konti. Ingen account/rename/swap-leader anmodninger. close_all_requested=false.","XAUUSD,XAGUSD",0,ok
2026-09-05 05:33:44.492909+00:00,"Scan 2026-09-05 (leder Rune Main): control.json paused=true, eksekvering sprunget over. 0 nye signaler (XAUUSD+XAGUSD, 5000 candles hver). Afstemning koert for leder+foelger (7 dage) - 0 nye opdateringer (alle lukkede trades allerede afstemt tidligere). Konto-status opdateret begge konti (leder 24976.92, Rune Copy#1 24978.79), 0 aabne positioner begge konti. Ingen account/rename/swap-leader anmodninger. close_all_requested=false.","XAUUSD,XAGUSD",0,ok
2026-09-05 05:48:00.623646+00:00,"Scan 2026-09-05 (leder Rune Main): control.json paused=true, eksekvering sprunget over. 0 nye signaler (XAUUSD+XAGUSD, 5000 candles hver). Afstemning koert for leder+foelger (7 dage) - 0 nye opdateringer (alle lukkede trades allerede afstemt tidligere). Konto-status opdateret begge konti (leder 24976.92, Rune Copy#1 24978.79), 0 aabne positioner begge konti. Ingen account/rename/swap-leader anmodninger. close_all_requested=false.","XAUUSD,XAGUSD",0,ok
2026-09-05 06:04:06.482794+00:00,"Scan 2026-09-05 (leder Rune Main): control.json paused=true, eksekvering sprunget over. 0 nye signaler (XAUUSD+XAGUSD, 5000 candles hver). Afstemning koert for leder+foelger (7 dage) - 0 nye opdateringer (alle lukkede trades allerede afstemt tidligere). Konto-status opdateret begge konti (leder 24976.92, Rune Copy#1 24978.79), 0 aabne positioner begge konti. Ingen account/rename/swap-leader anmodninger. close_all_requested=false.","XAUUSD,XAGUSD",0,ok
2026-09-05 06:19:08.384056+00:00,"Scan 2026-09-05 (leder Rune Main): control.json paused=true, eksekvering sprunget over. 0 nye signaler (XAUUSD+XAGUSD, 5000 candles hver). Afstemning koert for leder+foelger (7 dage) - 0 nye opdateringer (alle lukkede trades allerede afstemt tidligere). Konto-status opdateret begge konti (leder 24976.92, Rune Copy#1 24978.79), 0 aabne positioner begge konti. Ingen account/rename/swap-leader anmodninger. close_all_requested=false.","XAUUSD,XAGUSD",0,ok
2026-09-05 06:33:20.919964+00:00,"Scan 2026-09-05 (leder Rune Main): control.json paused=true, eksekvering sprunget over. 0 nye signaler (XAUUSD+XAGUSD, 5000 candles hver). Afstemning koert for leder+foelger (7 dage) - 0 nye opdateringer (alle lukkede trades allerede afstemt tidligere). Konto-status opdateret begge konti (leder 24976.92, Rune Copy#1 24978.79), 0 aabne positioner begge konti. Ingen account/rename/swap-leader anmodninger. close_all_requested=false.","XAUUSD,XAGUSD",0,ok
2026-09-05 06:48:22.641213+00:00,"Scan 2026-09-05 (leder Rune Main): control.json paused=true, eksekvering sprunget over. 0 nye signaler (XAUUSD+XAGUSD, 5000 candles hver). Afstemning koert for leder+foelger (7 dage) - 0 nye opdateringer (alle lukkede trades allerede afstemt tidligere). Konto-status opdateret begge konti (leder 24976.92, Rune Copy#1 24978.79), 0 aabne positioner begge konti. Ingen account/rename/swap-leader anmodninger. close_all_requested=false.","XAUUSD,XAGUSD",0,ok
2026-09-05 07:04:28.141834+00:00,"Scan 2026-09-05 (leder Rune Main): control.json paused=true, eksekvering sprunget over. 0 nye signaler (XAUUSD+XAGUSD, 5000 candles hver). Afstemning koert for leder+foelger (7 dage) - 0 nye opdateringer (alle lukkede trades allerede afstemt tidligere). Konto-status opdateret begge konti (leder 24976.92, Rune Copy#1 24978.79), 0 aabne positioner begge konti. Ingen account/rename/swap-leader anmodninger. close_all_requested=false.","XAUUSD,XAGUSD",0,ok
2026-09-05 07:18:17.146434+00:00,"Scan 2026-09-05 (leder Rune Main): control.json paused=true, eksekvering sprunget over. 0 nye signaler (XAUUSD+XAGUSD, 5000 candles hver). Afstemning koert for leder+foelger (7 dage) - 0 nye opdateringer (alle lukkede trades allerede afstemt tidligere). Konto-status opdateret begge konti (leder 24976.92, Rune Copy#1 24978.79), 0 aabne positioner begge konti. Ingen account/rename/swap-leader anmodninger. close_all_requested=false.","XAUUSD,XAGUSD",0,ok
2026-09-05 07:33:10.775988+00:00,"Scan 2026-09-05 (leder Rune Main): control.json paused=true, eksekvering sprunget over. 0 nye signaler (XAUUSD+XAGUSD, 5000 candles hver). Afstemning koert for leder+foelger (7 dage) - 0 nye opdateringer (alle lukkede trades allerede afstemt tidligere). Konto-status opdateret begge konti (leder 24976.92, Rune Copy#1 24978.79), 0 aabne positioner begge konti. Ingen account/rename/swap-leader anmodninger. close_all_requested=false.","XAUUSD,XAGUSD",0,ok
2026-09-05 07:47:55.407533+00:00,"Scan 2026-09-05 (leder Rune Main): control.json paused=true, eksekvering sprunget over. 0 nye signaler (XAUUSD+XAGUSD, 5000 candles hver). Afstemning koert for leder+foelger (7 dage) - 0 nye opdateringer (alle lukkede trades allerede afstemt tidligere). Konto-status opdateret begge konti (leder 24976.92, Rune Copy#1 24978.79), 0 aabne positioner begge konti. Ingen account/rename/swap-leader anmodninger. close_all_requested=false.","XAUUSD,XAGUSD",0,ok
2026-09-05 08:04:03.133816+00:00,"Scan 2026-09-05 (leder Rune Main): control.json paused=true, eksekvering sprunget over. 0 nye signaler (XAUUSD+XAGUSD, 5000 candles hver). Afstemning koert for leder+foelger (7 dage) - 0 nye opdateringer (alle lukkede trades allerede afstemt tidligere). Konto-status opdateret begge konti (leder 24976.92, Rune Copy#1 24978.79), 0 aabne positioner begge konti. Ingen account/rename/swap-leader anmodninger. close_all_requested=false.","XAUUSD,XAGUSD",0,ok
2026-09-05 08:18:56.360379+00:00,"Scan 2026-09-05 (leder Rune Main): control.json paused=true, eksekvering sprunget over. 0 nye signaler (XAUUSD+XAGUSD, 5000 candles hver). Afstemning koert for leder+foelger (7 dage) - 0 nye opdateringer (alle lukkede trades allerede afstemt tidligere). Konto-status opdateret begge konti (leder 24976.92, Rune Copy#1 24978.79), 0 aabne positioner begge konti. Ingen account/rename/swap-leader anmodninger. close_all_requested=false.","XAUUSD,XAGUSD",0,ok
2026-09-05 08:32:14.582680+00:00,"Scan 2026-09-05 (leder Rune Main): control.json paused=true, eksekvering sprunget over. 0 nye signaler (XAUUSD+XAGUSD, 5000 candles hver). Afstemning koert for leder+foelger (7 dage) - 0 nye opdateringer (alle lukkede trades allerede afstemt tidligere). Konto-status opdateret begge konti (leder 24976.92, Rune Copy#1 24978.79), 0 aabne positioner begge konti. Ingen account/rename/swap-leader anmodninger. close_all_requested=false.","XAUUSD,XAGUSD",0,ok
2026-09-05 08:47:09.123565+00:00,"Scan 2026-09-05 (leder Rune Main): control.json paused=true, eksekvering sprunget over. 0 nye signaler (XAUUSD+XAGUSD, 5000 candles hver). Afstemning koert for leder+foelger (7 dage) - 0 nye opdateringer (alle lukkede trades allerede afstemt tidligere). Konto-status opdateret begge konti (leder 24976.92, Rune Copy#1 24978.79), 0 aabne positioner begge konti. Ingen account/rename/swap-leader anmodninger. close_all_requested=false.","XAUUSD,XAGUSD",0,ok
2026-09-05 09:02:42.334437+00:00,"Scan 2026-09-05 (leder Rune Main): control.json paused=true, eksekvering sprunget over. 0 nye signaler (XAUUSD+XAGUSD, 5000 candles hver). Afstemning koert for leder+foelger (7 dage) - 0 nye opdateringer (alle lukkede trades allerede afstemt tidligere). Konto-status opdateret begge konti (leder 24976.92, Rune Copy#1 24978.79), 0 aabne positioner begge konti. Ingen account/rename/swap-leader anmodninger. close_all_requested=false.","XAUUSD,XAGUSD",0,ok
2026-09-05 09:18:32.664849+00:00,"Scan 2026-09-05 (leder Rune Main): control.json paused=true, eksekvering sprunget over. 0 nye signaler (XAUUSD+XAGUSD, 5000 candles hver, marked lukket siden fredag). Afstemning koert for leder+foelger (7 dage) - 0 nye opdateringer (alle lukkede trades allerede afstemt tidligere). Konto-status opdateret begge konti (leder 24976.92, Rune Copy#1 24978.79), 0 aabne positioner begge konti. Ingen account/rename/swap-leader anmodninger. close_all_requested=false.","XAUUSD,XAGUSD",0,ok
2026-09-05 09:34:35.205835+00:00,"Scan 2026-09-05 (leder Rune Main): control.json paused=true, eksekvering sprunget over. 0 nye signaler (XAUUSD+XAGUSD, 5000 candles hver). Afstemning koert for leder+foelger (7 dage) - 0 nye opdateringer (alle lukkede trades allerede afstemt tidligere; 4 pending stop-ordrer (58281230576, 58311977477/58312358143, 58313549233/58313596494) er udloebet uden fill og har ingen matchende deals - kan aldrig afstemmes). Konto-status opdateret begge konti (leder 24976.92, Rune Copy#1 24978.79), 0 aabne positioner begge konti, 0 pending ordrer begge konti. Ingen account/rename/swap-leader anmodninger. close_all_requested=false.","XAUUSD,XAGUSD",0,ok
2026-09-05 09:47:50.696092+00:00,"Scan 2026-09-05 (leder Rune Main): control.json paused=true, eksekvering sprunget over. 0 nye signaler (XAUUSD+XAGUSD, 5000 candles hver). Afstemning koert for leder+foelger (7 dage) - 0 nye opdateringer (alle lukkede trades allerede afstemt tidligere). Konto-status opdateret begge konti (leder 24976.92, Rune Copy#1 24978.79), 0 aabne positioner begge konti. Ingen account/rename/swap-leader anmodninger. close_all_requested=false.","XAUUSD,XAGUSD",0,ok
2026-09-05 10:03:18.487874+00:00,"Scan 2026-09-05 (leder Rune Main): control.json paused=true, eksekvering sprunget over. 0 nye signaler (XAUUSD+XAGUSD, 5000 candles hver). Afstemning koert for leder+foelger (7 dage) - 0 nye opdateringer (alle lukkede trades allerede afstemt tidligere). Konto-status opdateret begge konti (leder 24976.92, Rune Copy#1 24978.79), 0 aabne positioner begge konti. Ingen account/rename/swap-leader anmodninger. close_all_requested=false.","XAUUSD,XAGUSD",0,ok
2026-09-05 10:19:25.885645+00:00,"Scan 2026-09-05 (leder Rune Main): control.json paused=true, eksekvering sprunget over. 0 nye signaler (XAUUSD+XAGUSD, 5000 candles hver). Afstemning koert for leder+foelger (7 dage) - 0 nye opdateringer (alle lukkede trades allerede afstemt tidligere). Konto-status opdateret begge konti (leder 24976.92, Rune Copy#1 24978.79), 0 aabne positioner begge konti. Ingen account/rename/swap-leader anmodninger. close_all_requested=false.","XAUUSD,XAGUSD",0,ok
2026-09-05 10:32:32.709353+00:00,"Scan 2026-09-05 (leder Rune Main): control.json paused=true, eksekvering sprunget over. 0 nye signaler (XAUUSD+XAGUSD, 5000 candles hver). Afstemning koert for leder+foelger (7 dage) - 0 nye opdateringer (alle lukkede trades allerede afstemt tidligere). Konto-status opdateret begge konti (leder 24976.92, Rune Copy#1 24978.79), 0 aabne positioner begge konti. Ingen account/rename/swap-leader anmodninger. close_all_requested=false.","XAUUSD,XAGUSD",0,ok
2026-09-05 10:47:35.034032+00:00,"Scan 2026-09-05 (leder Rune Main): control.json paused=true, eksekvering sprunget over. 0 nye signaler (XAUUSD+XAGUSD, 5000 candles hver). Afstemning koert for leder+foelger (7 dage) - 0 nye opdateringer (alle lukkede trades allerede afstemt tidligere). Konto-status opdateret begge konti (leder 24976.92, Rune Copy#1 24978.79), 0 aabne positioner begge konti. Ingen account/rename/swap-leader anmodninger. close_all_requested=false.","XAUUSD,XAGUSD",0,ok
2026-09-05 11:02:49.482361+00:00,"Scan 2026-09-05 (leder Rune Main): control.json paused=true, eksekvering sprunget over. 0 nye signaler (XAUUSD+XAGUSD, 5000 candles hver). Afstemning koert for leder+foelger (7 dage) - 0 nye opdateringer (alle lukkede trades allerede afstemt tidligere). Konto-status opdateret begge konti (leder 24976.92, Rune Copy#1 24978.79), 0 aabne positioner begge konti. Ingen account/rename/swap-leader anmodninger. close_all_requested=false.","XAUUSD,XAGUSD",0,ok
2026-09-05 11:19:25.413708+00:00,"Scan 2026-09-05 (leder Rune Main): control.json paused=true, eksekvering sprunget over. 0 nye signaler (XAUUSD+XAGUSD, 5000 candles hver). Afstemning koert for leder+foelger (7 dage) - 0 nye opdateringer (alle lukkede trades allerede afstemt tidligere). Konto-status opdateret begge konti (leder 24976.92, Rune Copy#1 24978.79), 0 aabne positioner begge konti. Ingen account/rename/swap-leader anmodninger. close_all_requested=false.","XAUUSD,XAGUSD",0,ok
2026-09-05 11:33:11.318045+00:00,"Scan 2026-09-05 (leder Rune Main): control.json paused=true, eksekvering sprunget over. 0 nye signaler (XAUUSD+XAGUSD, 5000 candles hver). Afstemning koert for leder+foelger (7 dage) - 0 nye opdateringer (alle lukkede trades allerede afstemt tidligere). Konto-status opdateret begge konti (leder 24976.92, Rune Copy#1 24978.79), 0 aabne positioner begge konti. Ingen account/rename/swap-leader anmodninger. close_all_requested=false.","XAUUSD,XAGUSD",0,ok
2026-09-05 11:47:36.805131+00:00,"Scan 2026-09-05 (leder Rune Main): control.json paused=true, eksekvering sprunget over. 0 nye signaler (XAUUSD+XAGUSD, 5000 candles hver). Afstemning koert for leder+foelger (7 dage) - 0 nye opdateringer (alle lukkede trades allerede afstemt tidligere). Konto-status opdateret begge konti (leder 24976.92, Rune Copy#1 24978.79), 0 aabne positioner begge konti. Ingen account/rename/swap-leader anmodninger. close_all_requested=false.","XAUUSD,XAGUSD",0,ok
2026-09-05 12:04:04.198408+00:00,"Scan 2026-09-05 (leder Rune Main): control.json paused=true, eksekvering sprunget over. 0 nye signaler (XAUUSD+XAGUSD, 5000 candles hver). Afstemning koert for leder+foelger (7 dage) - 0 nye opdateringer (alle lukkede trades allerede afstemt tidligere). Konto-status opdateret begge konti (leder 24976.92, Rune Copy#1 24978.79), 0 aabne positioner begge konti. Ingen account/rename/swap-leader anmodninger. close_all_requested=false.","XAUUSD,XAGUSD",0,ok
2026-09-05 12:20:03.984190+00:00,"Scan 2026-09-05 (leder Rune Main): control.json paused=true, eksekvering sprunget over. 0 nye signaler (XAUUSD+XAGUSD, 5000 candles hver). Afstemning koert for leder+foelger (7 dage) - 0 nye opdateringer (alle lukkede trades allerede afstemt tidligere). Konto-status opdateret begge konti (leder 24976.92, Rune Copy#1 24978.79), 0 aabne positioner begge konti. Ingen account/rename/swap-leader anmodninger. close_all_requested=false.","XAUUSD,XAGUSD",0,ok
2026-09-05 12:34:16.808568+00:00,"Scan 2026-09-05 (leder Rune Main): control.json paused=true, eksekvering sprunget over. 0 nye signaler (XAUUSD+XAGUSD, 5000 candles hver). Afstemning koert for leder+foelger (7 dage) - 0 nye opdateringer (alle lukkede trades allerede afstemt tidligere). Konto-status opdateret begge konti (leder 24976.92, Rune Copy#1 24978.79), 0 aabne positioner begge konti. Ingen account/rename/swap-leader anmodninger. close_all_requested=false.","XAUUSD,XAGUSD",0,ok
2026-09-05 12:48:44.461273+00:00,"Scan 2026-09-05 (leder Rune Main): control.json paused=true, eksekvering sprunget over. 0 nye signaler (XAUUSD+XAGUSD, 5000 candles hver). Afstemning koert for leder+foelger (7 dage) - 0 nye opdateringer (alle lukkede trades allerede afstemt tidligere). Konto-status opdateret begge konti (leder 24976.92, Rune Copy#1 24978.79), 0 aabne positioner begge konti. Ingen account/rename/swap-leader anmodninger. close_all_requested=false.","XAUUSD,XAGUSD",0,ok
2026-09-05 13:03:14.185451+00:00,"Scan 2026-09-05 (leder Rune Main): control.json paused=true, eksekvering sprunget over. 0 nye signaler (XAUUSD+XAGUSD, 5000 candles hver). Afstemning koert for leder+foelger (7 dage) - 0 nye opdateringer (alle lukkede trades allerede afstemt tidligere). Konto-status opdateret begge konti (leder 24976.92, Rune Copy#1 24978.79), 0 aabne positioner begge konti. Ingen account/rename/swap-leader anmodninger. close_all_requested=false.","XAUUSD,XAGUSD",0,ok
2026-09-05 13:19:07.584287+00:00,"Scan 2026-09-05 (leder Rune Main): control.json paused=true, eksekvering sprunget over. 0 nye signaler (XAUUSD+XAGUSD, 5000 candles hver). Afstemning koert for leder+foelger (7 dage) - 0 nye opdateringer (alle lukkede trades allerede afstemt tidligere). Konto-status opdateret begge konti (leder 24976.92, Rune Copy#1 24978.79), 0 aabne positioner begge konti. Ingen account/rename/swap-leader anmodninger. close_all_requested=false.","XAUUSD,XAGUSD",0,ok
2026-09-05 13:34:11.373491+00:00,"Scan 2026-09-05 (leder Rune Main): control.json paused=true, eksekvering sprunget over. 0 nye signaler (XAUUSD+XAGUSD, 5000 candles hver). Afstemning koert for leder+foelger (7 dage) - 0 nye opdateringer (alle lukkede trades allerede afstemt tidligere). Konto-status opdateret begge konti (leder 24976.92, Rune Copy#1 24978.79), 0 aabne positioner begge konti. Ingen account/rename/swap-leader anmodninger. close_all_requested=false.","XAUUSD,XAGUSD",0,ok
2026-09-05 13:49:09.432430+00:00,"Scan 2026-09-05: control.json paused=true, eksekvering sprunget over. 0 nye signaler (XAUUSD+XAGUSD, 5000 candles hver). Afstemning koert for leder+foelger (7 dage) - 0 nye opdateringer (alle lukkede trades allerede afstemt tidligere). Konto-status opdateret begge konti (leder 24976.92, Rune Copy#1 24978.79), 0 aabne positioner begge konti. Ingen account/rename/swap-leader anmodninger. close_all_requested=false.","XAUUSD,XAGUSD",0,ok
2026-09-05 14:02:54.559201+00:00,"Scan 2026-09-05 (leder Rune Main): control.json paused=true, eksekvering sprunget over. 0 nye signaler (XAUUSD+XAGUSD, 5000 candles hver). Afstemning koert for leder+foelger (7 dage) - 0 nye opdateringer (alle lukkede trades allerede afstemt tidligere). Konto-status opdateret begge konti (leder 24976.92, Rune Copy#1 24978.79), 0 aabne positioner begge konti. Ingen account/rename/swap-leader anmodninger. close_all_requested=false.","XAUUSD,XAGUSD",0,ok
2026-09-05 14:17:12.272227+00:00,"Scan 2026-09-05 (leder Rune Main): control.json paused=true, eksekvering sprunget over. 0 nye signaler (XAUUSD+XAGUSD, 5000 candles hver). Afstemning koert for leder+foelger (7 dage) - 0 nye opdateringer (alle lukkede trades allerede afstemt tidligere). Konto-status opdateret begge konti (leder 24976.92, Rune Copy#1 24978.79), 0 aabne positioner begge konti. Ingen account/rename/swap-leader anmodninger. close_all_requested=false.","XAUUSD,XAGUSD",0,ok
2026-09-05 14:33:15.925171+00:00,"control.json paused=true, eksekvering sprunget over. 0 nye signaler (XAUUSD+XAGUSD, 5000 candles hver). Afstemning koert for leder+foelger (7 dage) - 0 nye opdateringer (alle lukkede trades allerede afstemt tidligere). Konto-status opdateret begge konti (leder 24976.92, Rune Copy#1 24978.79), 0 aabne positioner begge konti. Ingen account/rename/swap-leader anmodninger. close_all_requested=false.","XAUUSD,XAGUSD",0,ok
2026-09-05 14:48:39.884169+00:00,"Scan 2026-09-05 (leder Rune Main): control.json paused=true, eksekvering sprunget over. 0 nye signaler (XAUUSD+XAGUSD, 5000 candles hver). Afstemning koert for leder+foelger (7 dage) - 0 nye opdateringer (alle lukkede trades allerede afstemt tidligere). Konto-status opdateret begge konti (leder 24976.92, Rune Copy#1 24978.79), 0 aabne positioner begge konti. Ingen account/rename/swap-leader anmodninger. close_all_requested=false.","XAUUSD,XAGUSD",0,ok
2026-09-05 15:03:05.949256+00:00,"Scan 2026-09-05 (leder Rune Main): control.json paused=true, eksekvering sprunget over. 0 nye signaler (XAUUSD+XAGUSD, 5000 candles hver). Afstemning koert for leder+foelger (7 dage) - 0 nye opdateringer (alle lukkede trades allerede afstemt tidligere). Konto-status opdateret begge konti (leder 24976.92, Rune Copy#1 24978.79), 0 aabne positioner begge konti. Ingen account/rename/swap-leader anmodninger. close_all_requested=false.","XAUUSD,XAGUSD",0,ok
2026-09-05 15:19:11.737968+00:00,"Scan 2026-09-05 (leder Rune Main): control.json paused=true, eksekvering sprunget over. 0 nye signaler (XAUUSD+XAGUSD, 5000 candles hver). Afstemning koert for leder+foelger (7 dage) - 0 nye opdateringer (alle lukkede trades allerede afstemt tidligere). Konto-status opdateret begge konti (leder 24976.92, Rune Copy#1 24978.79), 0 aabne positioner begge konti. Ingen account/rename/swap-leader anmodninger. close_all_requested=false.","XAUUSD,XAGUSD",0,ok
2026-09-05 15:32:27.737218+00:00,"Scan 2026-09-05 (leder Rune Main): control.json paused=true, eksekvering sprunget over. 0 nye signaler (XAUUSD+XAGUSD, 5000 candles hver). Afstemning koert for leder+foelger (7 dage) - 0 nye opdateringer (alle lukkede trades allerede afstemt tidligere). Konto-status opdateret begge konti (leder 24976.92, Rune Copy#1 24978.79), 0 aabne positioner begge konti. Ingen account/rename/swap-leader anmodninger. close_all_requested=false.","XAUUSD,XAGUSD",0,ok
2026-09-05 15:47:56.086830+00:00,"Scan 2026-09-05 (leder Rune Main): control.json paused=true, eksekvering sprunget over. 0 nye signaler (XAUUSD+XAGUSD, 5000 candles hver). Afstemning koert for leder+foelger (7 dage) - 0 nye opdateringer (alle lukkede trades allerede afstemt tidligere). Konto-status opdateret begge konti (leder 24976.92, Rune Copy#1 24978.79), 0 aabne positioner begge konti. Ingen account/rename/swap-leader anmodninger. close_all_requested=false.","XAUUSD,XAGUSD",0,ok
2026-09-05 16:04:25.172161+00:00,"Scan 2026-09-05 (leder Rune Main): control.json paused=true, eksekvering sprunget over. 0 nye signaler (XAUUSD+XAGUSD, 5000 candles hver). Afstemning koert for leder+foelger (7 dage) - 0 nye opdateringer (alle lukkede trades allerede afstemt tidligere). Konto-status opdateret begge konti (leder 24976.92, Rune Copy#1 24978.79), 0 aabne positioner begge konti. Ingen account/rename/swap-leader anmodninger. close_all_requested=false.","XAUUSD,XAGUSD",0,ok
2026-09-05 16:18:51.263366+00:00,"Scan 2026-09-05 (leder Rune Main): control.json paused=true, eksekvering sprunget over. 0 nye signaler (XAUUSD+XAGUSD, 5000 candles hver, marked lukket weekend - seneste candle 2026-09-04 22:45 UTC). Afstemning koert for leder+foelger (7 dage) - 0 nye opdateringer (alle lukkede trades allerede afstemt tidligere). Konto-status opdateret begge konti (leder 24976.92, Rune Copy#1 24978.79), 0 aabne positioner begge konti. Ingen account/rename/swap-leader anmodninger. close_all_requested=false.","XAUUSD,XAGUSD",0,ok
2026-09-05 16:33:05.025746+00:00,"Scan 2026-09-05 (leder Rune Main): control.json paused=true, eksekvering sprunget over. 0 nye signaler (XAUUSD+XAGUSD, 5000 candles hver). Afstemning koert for leder+foelger (7 dage) - 0 nye opdateringer (alle lukkede trades allerede afstemt tidligere). Konto-status opdateret begge konti (leder 24976.92, Rune Copy#1 24978.79), 0 aabne positioner begge konti. Ingen account/rename/swap-leader anmodninger. close_all_requested=false.","XAUUSD,XAGUSD",0,ok
2026-09-05 16:49:00.970790+00:00,"Scan 2026-09-05 (leder Rune Main): control.json paused=true, eksekvering sprunget over. 0 nye signaler (XAUUSD+XAGUSD, 5000 candles hver). Afstemning koert for leder+foelger (7 dage) - 0 nye opdateringer (alle lukkede trades allerede afstemt tidligere). Konto-status opdateret begge konti (leder 24976.92, Rune Copy#1 24978.79), 0 aabne positioner begge konti. Ingen account/rename/swap-leader anmodninger. close_all_requested=false.","XAUUSD,XAGUSD",0,ok
2026-09-05 17:04:02.743551+00:00,"Scan 2026-09-05 (leder Rune Main): control.json paused=true, eksekvering sprunget over. 0 nye signaler (XAUUSD+XAGUSD, 5000 candles hver). Afstemning koert for leder+foelger (7 dage) - 0 nye opdateringer (alle lukkede trades allerede afstemt tidligere). Konto-status opdateret begge konti (leder 24976.92, Rune Copy#1 24978.79), 0 aabne positioner begge konti. Ingen account/rename/swap-leader anmodninger. close_all_requested=false.","XAUUSD,XAGUSD",0,ok
2026-09-05 17:17:43.531995+00:00,"Scan 2026-09-05 (leder Rune Main): control.json paused=true, eksekvering sprunget over. 0 nye signaler (XAUUSD+XAGUSD, 5000 candles hver, seneste candle 2026-09-04 22:45 UTC - marked lukket weekend). Afstemning koert for leder+foelger (7 dage) - 0 nye opdateringer (alle lukkede trades allerede afstemt tidligere). Konto-status opdateret begge konti (leder 24976.92, Rune Copy#1 24978.79), 0 aabne positioner begge konti. Ingen account/rename/swap-leader anmodninger. close_all_requested=false.","XAUUSD,XAGUSD",0,ok
2026-09-05 17:49:37.489859+00:00,"Scan 2026-09-05 (leder Rune Main): control.json paused=false - fuld koersel. 0 nye signaler (XAUUSD+XAGUSD, 5000 candles hver). Afstemning koert for leder+foelger (7 dage) - 0 nye opdateringer (alle lukkede trades allerede afstemt tidligere). Konto-status opdateret begge konti (leder 24976.92, Rune Copy#1 24978.79), 0 aabne positioner begge konti. Ingen account/rename/swap-leader anmodninger. close_all_requested=false.","XAUUSD,XAGUSD",0,ok
2026-09-05 18:03:12.655107+00:00,"Scan 2026-09-05 (leder Rune Main): control.json paused=false - fuld koersel. 0 nye signaler (XAUUSD+XAGUSD, 5000 candles hver). Afstemning koert for leder+foelger (7 dage) - 0 nye opdateringer (alle lukkede trades allerede afstemt tidligere). Konto-status opdateret begge konti (leder 24976.92, Rune Copy#1 24978.79), 0 aabne positioner begge konti. Ingen account/rename/swap-leader anmodninger. close_all_requested=false.","XAUUSD,XAGUSD",0,ok
2026-09-05 18:53:48.770378+00:00,"MT5 MCP-forbindelser (metatrader og metatrader_2) fejlede med CONNECT_TIMEOUT efter 30s. Trin 3 (afstemning), 4 (scan), 5 (eksekvering) og 6 (konto-status) kunne ikke koeres. Ingen konto/rename/swap-leader anmodninger fundet. control.json: paused=false, close_all_requested=false (ingen aendring noedvendig).","XAUUSD,XAGUSD",0,error
2026-09-05 19:04:59.241480+00:00,"Scan 2026-09-05 (leder Rune Main): control.json paused=false - fuld koersel. 0 nye signaler (XAUUSD+XAGUSD, 5000 candles hver). Afstemning koert for leder+foelger (7 dage) - 0 nye opdateringer (alle lukkede trades allerede afstemt tidligere). Konto-status opdateret begge konti (leder 24976.92, Rune Copy#1 24978.79), 0 aabne positioner begge konti. Ingen account/rename/swap-leader anmodninger. close_all_requested=false.","XAUUSD,XAGUSD",0,ok
2026-09-05 19:19:40.877181+00:00,"Scan 2026-09-05 (leder Rune Main): control.json paused=false - fuld koersel. 0 nye signaler (XAUUSD+XAGUSD, 5000 candles hver). Afstemning koert for leder+foelger (7 dage) - 0 nye opdateringer (alle lukkede trades allerede afstemt tidligere). Konto-status opdateret begge konti (leder 24976.92, Rune Copy#1 24978.79), 0 aabne positioner begge konti. Ingen account/rename/swap-leader anmodninger. close_all_requested=false.","XAUUSD,XAGUSD",0,ok
2026-09-05 19:32:30.110048+00:00,"Scan 2026-09-05 (leder Rune Main): control.json paused=false - fuld koersel. 0 nye signaler (XAUUSD+XAGUSD, 5000 candles hver, leder MT5-forbindelse). Afstemning koert for leder+foelger (7 dage) - 0 nye opdateringer (alle lukkede trades allerede afstemt tidligere). Konto-status opdateret begge konti (leder 24976.92, Rune Copy#1 24978.79), 0 aabne positioner begge konti. Ingen account/rename/swap-leader anmodninger.","XAUUSD,XAGUSD",0,ok
2026-09-05 19:48:51.177027+00:00,"Scan 2026-09-05 (leder Rune Main): control.json paused=false - fuld koersel. 0 nye signaler (XAUUSD+XAGUSD, 5000 candles hver). Afstemning koert for leder+foelger (7 dage) - 0 nye opdateringer (alle lukkede trades allerede afstemt tidligere). Konto-status opdateret begge konti (leder 24976.92, Rune Copy#1 24978.79), 0 aabne positioner begge konti. Ingen account/rename/swap-leader anmodninger. close_all_requested=false.","XAUUSD,XAGUSD",0,ok
2026-09-05 20:02:16.653618+00:00,"Scan 2026-09-05 (leder Rune Main): control.json paused=false - fuld koersel. 0 nye signaler (XAUUSD+XAGUSD, 5000 candles hver). Afstemning koert for leder+foelger (7 dage) - 0 nye opdateringer (alle lukkede trades allerede afstemt tidligere). Konto-status opdateret begge konti (leder 24976.92, Rune Copy#1 24978.79), 0 aabne positioner begge konti. Ingen account/rename/swap-leader anmodninger. close_all_requested=false.","XAUUSD,XAGUSD",0,ok
2026-09-05 20:18:43.097196+00:00,"Scan 2026-09-05 (leder Rune Main): control.json paused=false - fuld koersel. 0 nye signaler (XAUUSD+XAGUSD, 5000 candles hver). Afstemning koert for leder+foelger (7 dage) - 0 nye opdateringer (alle lukkede trades allerede afstemt tidligere). Konto-status opdateret begge konti (leder 24976.92, Rune Copy#1 24978.79), 0 aabne positioner begge konti. Ingen account/rename/swap-leader anmodninger. close_all_requested=false.","XAUUSD,XAGUSD",0,ok
2026-09-05 20:32:37.882011+00:00,"Scan 2026-09-05 (leder Rune Main): control.json paused=false - fuld koersel. 0 nye signaler (XAUUSD+XAGUSD, 5000 candles hver). Afstemning koert for leder+foelger (7 dage) - 0 nye opdateringer (alle lukkede trades allerede afstemt tidligere). Konto-status opdateret begge konti (leder 24976.92, Rune Copy#1 24978.79), 0 aabne positioner begge konti. Ingen account/rename/swap-leader anmodninger. close_all_requested=false.","XAUUSD,XAGUSD",0,ok
2026-09-05 20:48:23.351792+00:00,"Scan 2026-09-05: control.json paused=false - fuld koersel. 0 nye signaler (XAUUSD+XAGUSD, 5000 candles hver). Afstemning koert leder+foelger (7 dage) - 0 nye opdateringer (alle lukkede trades allerede afstemt tidligere). Konto-status opdateret begge konti (leder 24976.92, Rune Copy#1 24978.79), 0 aabne positioner begge konti. Ingen account/rename/swap-leader anmodninger. close_all_requested=false.","XAUUSD,XAGUSD",0,ok
2026-09-05 21:02:28.717478+00:00,"Scan 2026-09-05 (leder Rune Main): control.json paused=false - fuld koersel. 0 nye signaler (XAUUSD+XAGUSD, 5000 candles hver). Afstemning koert for leder+foelger (7 dage) - 0 nye opdateringer (alle lukkede trades allerede afstemt tidligere). Konto-status opdateret begge konti (leder 24976.92, Rune Copy#1 24978.79), 0 aabne positioner begge konti. Ingen account/rename/swap-leader anmodninger. close_all_requested=false.","XAUUSD,XAGUSD",0,ok
2026-09-05 21:17:53.865811+00:00,"Scan 2026-09-05 (leder Rune Main): control.json paused=false - fuld koersel. 0 nye signaler (XAUUSD+XAGUSD, 5000 candles hver). Afstemning koert for leder+foelger (7 dage) - 0 nye opdateringer (alle lukkede trades allerede afstemt tidligere). Konto-status opdateret begge konti (leder 24976.92, Rune Copy#1 24978.79), 0 aabne positioner begge konti. Ingen account/rename/swap-leader anmodninger. close_all_requested=false.","XAUUSD,XAGUSD",0,ok
2026-09-05 21:32:59.239984+00:00,"Scan 2026-09-05 (leder Rune Main): control.json paused=false - fuld koersel. 0 nye signaler (XAUUSD+XAGUSD, 5000 candles hver). Afstemning koert for leder+foelger (7 dage) - 0 nye opdateringer (alle lukkede trades allerede afstemt tidligere). Konto-status opdateret begge konti (leder 24976.92, Rune Copy#1 24978.79), 0 aabne positioner begge konti. Ingen account/rename/swap-leader anmodninger. close_all_requested=false.","XAUUSD,XAGUSD",0,ok
2026-09-05 21:49:41.569943+00:00,"Scan 2026-09-05 (leder Rune Main): control.json paused=false - fuld koersel. 0 nye signaler (XAUUSD+XAGUSD, 5000 candles hver). Afstemning koert for leder+foelger (7 dage) - 0 nye opdateringer (alle lukkede trades allerede afstemt tidligere). Konto-status opdateret begge konti (leder 24976.92, Rune Copy#1 24978.79), 0 aabne positioner begge konti. Ingen account/rename/swap-leader anmodninger. close_all_requested=false.","XAUUSD,XAGUSD",0,ok
2026-09-05 22:03:16.015177+00:00,"Scan 2026-09-06 (leder Rune Main): control.json paused=false - fuld koersel. 0 nye signaler (XAUUSD+XAGUSD, 5000 candles hver). Afstemning koert for leder+foelger (7 dage) - 0 nye opdateringer (alle lukkede trades allerede afstemt tidligere). Konto-status opdateret begge konti (leder 24976.92, Rune Copy#1 24978.79), 0 aabne positioner begge konti. Ingen account/rename/swap-leader anmodninger. close_all_requested=false.","XAUUSD,XAGUSD",0,ok
2026-09-05 22:19:03.966639+00:00,"Scan 2026-09-06 (leder Rune Main): control.json paused=false - fuld koersel. 0 nye signaler (XAUUSD+XAGUSD, 5000 candles hver). Afstemning koert for leder+foelger (7 dage) - 0 nye opdateringer (alle lukkede trades allerede afstemt tidligere). Konto-status opdateret begge konti (leder 24976.92, Rune Copy#1 24978.79), 0 aabne positioner begge konti. Ingen account/rename/swap-leader anmodninger. close_all_requested=false.","XAUUSD,XAGUSD",0,ok
2026-09-05 22:32:25.152912+00:00,"Scan 2026-09-06 (leder Rune Main): control.json paused=false - fuld koersel. 0 nye signaler (XAUUSD+XAGUSD, 5000 candles hver). Afstemning koert for leder+foelger (7 dage) - 0 nye opdateringer (alle lukkede trades allerede afstemt tidligere). Konto-status opdateret begge konti (leder 24976.92, Rune Copy#1 24978.79), 0 aabne positioner begge konti. Ingen account/rename/swap-leader anmodninger. close_all_requested=false.","XAUUSD,XAGUSD",0,ok
2026-09-05 22:48:22.996733+00:00,"Scan 2026-09-06 (leder Rune Main): control.json paused=false - fuld koersel. 0 nye signaler (XAUUSD+XAGUSD, 5000 candles hver). Afstemning koert for leder+foelger (7 dage) - 0 nye opdateringer (alle lukkede trades allerede afstemt tidligere). Konto-status opdateret begge konti (leder 24976.92, Rune Copy#1 24978.79), 0 aabne positioner begge konti. Ingen account/rename/swap-leader anmodninger. close_all_requested=false.","XAUUSD,XAGUSD",0,ok
2026-09-05 23:04:36.606410+00:00,"Scan 2026-09-06 (leder Rune Main): control.json paused=false - fuld koersel. 0 nye signaler (XAUUSD+XAGUSD, 5000 candles hver). Afstemning koert for leder+foelger (7 dage) - 0 nye opdateringer (alle lukkede trades allerede afstemt tidligere). Konto-status opdateret begge konti (leder 24976.92, Rune Copy#1 24978.79), 0 aabne positioner begge konti. Ingen account/rename/swap-leader anmodninger. close_all_requested=false.","XAUUSD,XAGUSD",0,ok
2026-09-05 23:18:43.457163+00:00,"Scan 2026-09-06 (leder Rune Main): control.json paused=false - fuld koersel. 0 nye signaler (XAUUSD+XAGUSD, 5000 candles hver, marked lukket weekend). Afstemning koert for leder+foelger (7 dage) - 0 nye opdateringer (alle lukkede trades allerede afstemt tidligere, 4 pending ordrer stadig uafviklede). Konto-status opdateret begge konti (leder 24976.92, Rune Copy#1 24978.79), 0 aabne positioner begge konti. Ingen account/rename/swap-leader anmodninger. close_all_requested=false.","XAUUSD,XAGUSD",0,ok
2026-09-05 23:34:27.243397+00:00,"Scan 2026-09-06 (leder Rune Main): control.json paused=false - fuld koersel. 0 nye signaler (XAUUSD+XAGUSD, 5000 candles hver, marked lukket weekend, seneste candle 2026-09-04). Afstemning koert for leder+foelger (7 dage) - 0 nye opdateringer (alle lukkede trades allerede afstemt tidligere, 3 pending ordrer stadig uafviklede). Konto-status opdateret begge konti (leder 24976.92, Rune Copy#1 24978.79), 0 aabne positioner begge konti. Ingen account/rename/swap-leader anmodninger. close_all_requested=false.","XAUUSD,XAGUSD",0,ok
2026-09-05 23:47:57.240805+00:00,"Scan 2026-09-06 (leder Rune Main): control.json paused=false - fuld koersel. 0 nye signaler (XAUUSD+XAGUSD, 5000 candles hver). Afstemning koert for leder+foelger (7 dage) - 0 nye opdateringer (alle lukkede trades allerede afstemt tidligere, 2 pending ordrer stadig uafviklede: 58311977477/58312358143 og 58313549233/58313596494). Konto-status opdateret begge konti (leder 24976.92, Rune Copy#1 24978.79), 0 aabne positioner begge konti. Ingen account/rename/swap-leader anmodninger. close_all_requested=false.","XAUUSD,XAGUSD",0,ok
2026-09-06 00:03:38.242610+00:00,"Scan 2026-09-06 (leder Rune Main): control.json paused=false - fuld koersel. 0 nye signaler (XAUUSD+XAGUSD, 5000 candles hver). Afstemning koert for leder+foelger (7 dage) - 0 nye opdateringer (alle lukkede trades allerede afstemt tidligere, 3 pending ordrer stadig uafviklede: 58281230576, 58311977477/58312358143 og 58313549233/58313596494). Konto-status opdateret begge konti (leder 24976.92, Rune Copy#1 24978.79), 0 aabne positioner begge konti. Ingen account/rename/swap-leader anmodninger. close_all_requested=false.","XAUUSD,XAGUSD",0,ok
2026-09-06 00:20:18.315916+00:00,"Scan 2026-09-06 (leder Rune Main): control.json paused=false - fuld koersel. 0 nye signaler (XAUUSD+XAGUSD, 5000 candles hver, marked lukket weekend, seneste candle 2026-09-04). Afstemning koert for leder+foelger (7 dage) - 0 nye opdateringer (alle lukkede trades allerede afstemt tidligere, 3 pending ordrer stadig uafviklede: 58281230576, 58311977477/58312358143 og 58313549233). Konto-status opdateret begge konti (leder 24976.92, Rune Copy#1 24978.79), 0 aabne positioner begge konti. Ingen account/rename/swap-leader anmodninger. close_all_requested=false.","XAUUSD,XAGUSD",0,ok
2026-09-06 00:33:39.077437+00:00,"Scan 2026-09-06 (leder Rune Main): control.json paused=false - fuld koersel. 0 nye signaler (XAUUSD+XAGUSD, 5000 candles hver). Afstemning koert for leder+foelger (7 dage) - 0 nye opdateringer (alle lukkede trades allerede afstemt tidligere, 3 pending ordrer stadig uafviklede: 58281230576, 58311977477/58312358143 og 58313549233/58313596494). Konto-status opdateret begge konti (leder 24976.92, Rune Copy#1 24978.79), 0 aabne positioner begge konti. Ingen account/rename/swap-leader anmodninger. close_all_requested=false.","XAUUSD,XAGUSD",0,ok
2026-09-06 00:47:37.955743+00:00,"Scan 2026-09-06 (leder Rune Main): control.json paused=false - fuld koersel. 0 nye signaler (XAUUSD+XAGUSD, 5000 candles hver). Afstemning koert for leder+foelger (7 dage) - 0 nye opdateringer (alle lukkede trades allerede afstemt tidligere, 3 pending ordrer stadig uafviklede: 58311977477/58312358143 og 58313549233/58313596494). Konto-status opdateret begge konti (leder 24976.92, Rune Copy#1 24978.79), 0 aabne positioner begge konti. Ingen account/rename/swap-leader anmodninger. close_all_requested=false.","XAUUSD,XAGUSD",0,ok
2026-09-06 01:02:55.731461+00:00,"Scan 2026-09-06 (leder Rune Main): control.json paused=false - fuld koersel. 0 nye signaler (XAUUSD+XAGUSD, 5000 candles hver). Afstemning koert for leder+foelger (7 dage) - 0 nye opdateringer (alle lukkede trades allerede afstemt tidligere, 3 pending ordrer stadig uafviklede: 58281230576, 58311977477/58312358143 og 58313549233/58313596494). Konto-status opdateret begge konti (leder 24976.92, Rune Copy#1 24978.79), 0 aabne positioner begge konti. Ingen account/rename/swap-leader anmodninger. close_all_requested=false.","XAUUSD,XAGUSD",0,ok
2026-09-06 01:18:38.898952+00:00,"Scan 2026-09-06 (leder Rune Main): control.json paused=false - fuld koersel. 0 nye signaler (XAUUSD+XAGUSD, 5000 candles hver). Afstemning koert for leder+foelger (7 dage) - 0 nye opdateringer (alle lukkede trades allerede afstemt tidligere, 3 pending ordrer stadig uafviklede: 58281230576, 58311977477/58312358143 og 58313549233/58313596494). Konto-status opdateret begge konti (leder 24976.92, Rune Copy#1 24978.79), 0 aabne positioner begge konti. Ingen account/rename/swap-leader anmodninger. close_all_requested=false.","XAUUSD,XAGUSD",0,ok
2026-09-06 01:34:34.674927+00:00,"Scan 2026-09-06 (leder Rune Main): control.json paused=false - fuld koersel. 0 nye signaler (XAUUSD+XAGUSD, 5000 candles hver). Afstemning koert for leder+foelger (7 dage) - 0 nye opdateringer (alle lukkede trades allerede afstemt tidligere, 3 pending ordrer stadig uafviklede: 58281230576, 58311977477/58312358143 og 58313549233/58313596494). Konto-status opdateret begge konti (leder 24976.92, Rune Copy#1 24978.79), 0 aabne positioner begge konti. Ingen account/rename/swap-leader anmodninger. close_all_requested=false.","XAUUSD,XAGUSD",0,ok
2026-09-06 01:48:08.857737+00:00,"Scan 2026-09-06 (leder Rune Main): control.json paused=false - fuld koersel. 0 nye signaler (XAUUSD+XAGUSD, 5000 candles hver). Afstemning koert for leder+foelger (7 dage) - 0 nye opdateringer (alle lukkede trades allerede afstemt tidligere, 3 pending ordrer stadig uafviklede: 58281230576, 58311977477/58312358143 og 58313549233/58313596494). Konto-status opdateret begge konti (leder 24976.92, Rune Copy#1 24978.79), 0 aabne positioner begge konti. Ingen account/rename/swap-leader anmodninger. close_all_requested=false.","XAUUSD,XAGUSD",0,ok
2026-09-06 02:04:13.661609+00:00,"Scan 2026-09-06: control.json paused=false, fuld koersel. 0 nye signaler (XAUUSD+XAGUSD, 5000 candles hver). Afstemning koert for leder+foelger (7 dage) - 0 nye opdateringer (alle lukkede trades allerede afstemt tidligere, 3 pending ordrer stadig uafviklede: 58281230576, 58311977477/58312358143, 58313549233/58313596494). Konto-status opdateret begge konti (leder 24976.92, Rune Copy#1 24978.79), 0 aabne positioner begge konti. Ingen account/rename/swap-leader anmodninger. close_all_requested=false.","XAUUSD,XAGUSD",0,ok
2026-09-06 02:18:47.836730+00:00,"Scan 2026-09-06 (leder Rune Main): control.json paused=false - fuld koersel. 0 nye signaler (XAUUSD+XAGUSD, 5000 candles hver). Afstemning koert for leder+foelger (7 dage) - 0 nye opdateringer (alle lukkede trades allerede afstemt tidligere, 3 pending ordrer stadig uafviklede: 58281230576, 58311977477/58312358143 og 58313549233/58313596494). Konto-status opdateret begge konti (leder 24976.92, Rune Copy#1 24978.79), 0 aabne positioner begge konti. Ingen account/rename/swap-leader anmodninger. close_all_requested=false.","XAUUSD,XAGUSD",0,ok
2026-09-06 02:33:35.594274+00:00,"Scan 2026-09-06 (leder Rune Main): control.json paused=false - fuld koersel. 0 nye signaler (XAUUSD+XAGUSD, 5000 candles hver). Afstemning koert for leder+foelger (7 dage) - 0 nye opdateringer (alle lukkede trades allerede afstemt tidligere, 3 pending ordrer stadig uafviklede: 58281230576, 58311977477/58312358143 og 58313549233/58313596494). Konto-status opdateret begge konti (leder 24976.92, Rune Copy#1 24978.79), 0 aabne positioner begge konti. Ingen account/rename/swap-leader anmodninger. close_all_requested=false.","XAUUSD,XAGUSD",0,ok
2026-09-06 02:47:48.654622+00:00,"Scan 2026-09-06 (leder Rune Main): control.json paused=false - fuld koersel. 0 nye signaler (XAUUSD+XAGUSD, 5000 candles hver). Afstemning koert for leder+foelger (7 dage) - 0 nye opdateringer (alle lukkede trades allerede afstemt tidligere). Konto-status opdateret begge konti (leder 24976.92, Rune Copy#1 24978.79), 0 aabne positioner begge konti. Ingen account/rename/swap-leader anmodninger. close_all_requested=false.","XAUUSD,XAGUSD",0,ok
2026-09-06 03:02:01.313870+00:00,"control.json paused=false - fuld koersel. 0 nye signaler (XAUUSD+XAGUSD, 5000 candles hver). Afstemning koert for leder+foelger (7 dage) - 0 nye opdateringer (alle lukkede trades allerede afstemt tidligere). Konto-status opdateret begge konti (leder 24976.92, Rune Copy#1 24978.79), 0 aabne positioner begge konti. Ingen account/rename/swap-leader anmodninger. close_all_requested=false.","XAUUSD,XAGUSD",0,ok
2026-09-06 03:18:22.088061+00:00,"Scan 2026-09-06 (leder Rune Main): control.json paused=false - fuld koersel. 0 nye signaler (XAUUSD+XAGUSD, 5000 candles hver, seneste candle fredag 2026-09-04 22:45 UTC - weekend, ingen nye M15-candles). Afstemning koert for leder+foelger (7 dage) - 0 nye opdateringer (alle lukkede trades allerede afstemt tidligere, 3 pending ordrer stadig uafviklede: 58281230576, 58311977477/58312358143 og 58313549233/58313596494). Konto-status opdateret begge konti (leder 24976.92, Rune Copy#1 24978.79), 0 aabne positioner begge konti. Ingen account/rename/swap-leader anmodninger. close_all_requested=false.","XAUUSD,XAGUSD",0,ok
2026-09-06 03:33:37.697005+00:00,"Scan 2026-09-06 (leder Rune Main): control.json paused=false - fuld koersel. 0 nye signaler (XAUUSD+XAGUSD, 5000 candles hver, seneste candle fredag 2026-09-04 22:45 UTC - weekend). Afstemning koert for leder+foelger (7 dage) - 0 nye opdateringer (alle lukkede trades allerede afstemt tidligere, 3 pending ordrer stadig uafviklede: 58281230576, 58311977477/58312358143 og 58313549233/58313596494). Konto-status opdateret begge konti (leder 24976.92, Rune Copy#1 24978.79), 0 aabne positioner begge konti. Ingen account/rename/swap-leader anmodninger. close_all_requested=false.","XAUUSD,XAGUSD",0,ok
2026-09-06 03:50:17.659105+00:00,"Scan 2026-09-06 (leder Rune Main): control.json paused=false - fuld koersel. 0 nye signaler (XAUUSD+XAGUSD, 5000 candles hver, seneste candle fredag 2026-09-04 22:45 UTC - weekend). Afstemning koert for leder+foelger (7 dage) - 0 nye opdateringer (alle lukkede trades allerede afstemt tidligere, 3 pending ordrer stadig uafviklede: 58281230576, 58311977477/58312358143 og 58313549233/58313596494). Konto-status opdateret begge konti (leder 24976.92, Rune Copy#1 24978.79), 0 aabne positioner begge konti. Ingen account/rename/swap-leader anmodninger. close_all_requested=false.","XAUUSD,XAGUSD",0,ok
2026-09-06 04:03:02.303199+00:00,"Scan 2026-09-06 (leder Rune Main): control.json paused=false - fuld koersel. 0 nye signaler (XAUUSD+XAGUSD, 5000 candles hver, seneste candle fredag 2026-09-04 22:45 UTC - weekend). Afstemning koert for leder+foelger (7 dage) - 0 nye opdateringer (alle lukkede trades allerede afstemt tidligere, 3 pending ordrer stadig uafviklede: 58281230576, 58311977477/58312358143 og 58313549233/58313596494). Konto-status opdateret begge konti (leder 24976.92, Rune Copy#1 24978.79), 0 aabne positioner begge konti. Ingen account/rename/swap-leader anmodninger. close_all_requested=false.","XAUUSD,XAGUSD",0,ok
2026-09-06 04:19:51.100920+00:00,"Scan 2026-09-06 (leder Rune Main): control.json paused=false - fuld koersel. 0 nye signaler (XAUUSD+XAGUSD, 5000 candles hver, seneste candle fredag 2026-09-04 22:45 UTC - weekend). Afstemning koert for leder+foelger (7 dage) - 0 nye opdateringer (alle lukkede trades allerede afstemt tidligere). Konto-status opdateret begge konti (leder 24976.92, Rune Copy#1 24978.79), 0 aabne positioner begge konti. Ingen account/rename/swap-leader anmodninger. close_all_requested=false.","XAUUSD,XAGUSD",0,ok
2026-09-06 04:33:04.276360+00:00,"Scan 2026-09-06 (leder Rune Main): control.json paused=false - fuld koersel. 0 nye signaler (XAUUSD+XAGUSD, 5000 candles hver, seneste candle sondag ikke ny - faktisk fredag 2026-09-04 22:45 UTC - weekend). Afstemning koert for leder+foelger (7 dage) - 0 nye opdateringer (alle lukkede trades allerede afstemt tidligere). Konto-status opdateret begge konti (leder 24976.92, Rune Copy#1 24978.79), 0 aabne positioner begge konti. Ingen account/rename/swap-leader anmodninger. close_all_requested=false.","XAUUSD,XAGUSD",0,ok
2026-09-06 04:47:48.729864+00:00,"Scan 2026-09-06 (leder Rune Main): control.json paused=false - fuld koersel. 0 nye signaler (XAUUSD+XAGUSD, 5000 candles hver, seneste candle fredag 2026-09-04 22:45 UTC - weekend). Afstemning koert for leder+foelger (7 dage) - 0 nye opdateringer (alle lukkede trades allerede afstemt tidligere, 3 pending ordrer stadig uafviklede: 58281230576, 58311977477/58312358143 og 58313549233/58313596494). Konto-status opdateret begge konti (leder 24976.92, Rune Copy#1 24978.79), 0 aabne positioner begge konti. Ingen account/rename/swap-leader anmodninger. close_all_requested=false.","XAUUSD,XAGUSD",0,ok
2026-09-06 05:03:50.776022+00:00,"Scan 2026-09-06 (leder Rune Main): control.json paused=false - fuld koersel. 0 nye signaler (XAUUSD+XAGUSD, 5000 candles hver, seneste candle fredag 2026-09-04 22:45 UTC - weekend). Afstemning koert for leder+foelger (7 dage) - 0 nye opdateringer (alle lukkede trades allerede afstemt tidligere, 3 pending ordrer stadig uafviklede: 58281230576, 58311977477/58312358143 og 58313549233/58313596494). Konto-status opdateret begge konti (leder 24976.92, Rune Copy#1 24978.79), 0 aabne positioner begge konti. Ingen account/rename/swap-leader anmodninger. close_all_requested=false.","XAUUSD,XAGUSD",0,ok
2026-09-06 05:18:35.478432+00:00,"Scan 2026-09-06 (leder Rune Main): control.json paused=false - fuld koersel. 0 nye signaler (XAUUSD+XAGUSD, 5000 candles hver, seneste candle fredag 2026-09-04 22:45 UTC - weekend). Afstemning koert for leder+foelger (7 dage) - 0 nye opdateringer (alle lukkede trades allerede afstemt tidligere, 3 pending ordrer stadig uafviklede: 58281230576, 58311977477/58312358143 og 58313549233/58313596494). Konto-status opdateret begge konti (leder 24976.92, Rune Copy#1 24978.79), 0 aabne positioner begge konti. Ingen account/rename/swap-leader anmodninger. close_all_requested=false.","XAUUSD,XAGUSD",0,ok
2026-09-06 05:32:36.294183+00:00,"Scan 2026-09-06 (leder Rune Main): control.json paused=false - fuld koersel. 0 nye signaler (XAUUSD+XAGUSD, 5000 candles hver, seneste candle fredag 2026-09-04 22:45 UTC - weekend). Afstemning koert for leder+foelger (7 dage) - 0 nye opdateringer (alle lukkede trades allerede afstemt tidligere). Konto-status opdateret begge konti (leder 24976.92, Rune Copy#1 24978.79), 0 aabne positioner begge konti. Ingen account/rename/swap-leader anmodninger. close_all_requested=false.","XAUUSD,XAGUSD",0,ok
2026-09-06 05:49:52.430537+00:00,"Scan 2026-09-06: control.json paused=false, close_all_requested=false - fuld koersel. Ingen konto/omdoeb/byt-leder-anmodninger. 0 nye signaler (XAUUSD+XAGUSD, 5000 candles hver, seneste candle fredag 2026-09-04 22:45 UTC - weekend). Afstemning koert for leder+foelger (deals 2026-08-30 til 2026-09-06) - 0 nye opdateringer (alle lukkede trades allerede afstemt tidligere; 3 pending resting-ordrer stadig uafviklede: 11514671, 58281230576, 58311977477/58312358143, 58313549233/58313596494). Konto-status opdateret begge konti (Rune Main 24976.92, Rune Copy#1 24978.79), 0 aabne positioner begge konti.","XAUUSD,XAGUSD",0,ok
2026-09-06 06:03:43.405809+00:00,"Scan 2026-09-06 (leder Rune Main): control.json paused=false - fuld koersel. 0 nye signaler (XAUUSD+XAGUSD, 5000 candles hver, seneste candle fredag 2026-09-04 22:45 UTC - weekend). Afstemning koert for leder+foelger (7 dage) - 0 nye opdateringer (alle lukkede trades allerede afstemt tidligere, resting-ordrer 58281230576, 58311977477/58312358143 og 58313549233/58313596494 stadig uafviklede). Konto-status opdateret begge konti (leder 24976.92, Rune Copy#1 24978.79), 0 aabne positioner begge konti. Ingen account/rename/swap-leader anmodninger. close_all_requested=false.","XAUUSD,XAGUSD",0,ok
2026-09-06 06:18:33.619770+00:00,"Scan 2026-09-06 (leder Rune Main): control.json paused=false - fuld koersel. 0 nye signaler (XAUUSD+XAGUSD, 5000 candles hver, seneste candle fredag 2026-09-04 22:45 UTC - weekend). Afstemning koert for leder+foelger (7 dage) - 0 nye opdateringer (alle lukkede trades allerede afstemt tidligere, resting-ordrer 58281230576, 58311977477/58312358143 og 58313549233/58313596494 stadig uafviklede). Konto-status opdateret begge konti (leder 24976.92, Rune Copy#1 24978.79), 0 aabne positioner begge konti. Ingen account/rename/swap-leader anmodninger. close_all_requested=false.","XAUUSD,XAGUSD",0,ok
2026-09-06 06:33:27.560207+00:00,"Scan 2026-09-06 (leder Rune Main): control.json paused=false - fuld koersel. 0 nye signaler (XAUUSD+XAGUSD, 5000 candles hver, seneste candle fredag 2026-09-04 22:45 UTC - weekend). Afstemning koert for leder+foelger (7 dage) - 0 nye opdateringer (alle lukkede trades allerede afstemt tidligere, resting-ordrer 58281230576, 58311977477/58312358143 og 58313549233/58313596494 stadig uafviklede). Konto-status opdateret begge konti (leder 24976.92, Rune Copy#1 24978.79), 0 aabne positioner begge konti. Ingen account/rename/swap-leader anmodninger. close_all_requested=false.","XAUUSD,XAGUSD",0,ok
2026-09-06 06:49:49.537928+00:00,"Scan 2026-09-06 (leder Rune Main): control.json paused=false - fuld koersel. 0 nye signaler (XAUUSD+XAGUSD, 5000 candles hver, seneste candle fredag 2026-09-04 22:45 UTC - weekend). Afstemning koert for leder+foelger (7 dage) - 0 nye opdateringer (alle lukkede trades allerede afstemt tidligere, resting-ordrer 58281230576, 58311977477/58312358143 og 58313549233/58313596494 stadig uafviklede, plus stale ticket 11514671). Konto-status opdateret begge konti (leder 24976.92, Rune Copy#1 24978.79), 0 aabne positioner begge konti. Ingen account/rename/swap-leader anmodninger. close_all_requested=false.","XAUUSD,XAGUSD",0,ok
2026-09-06 07:02:47.849389+00:00,"Scan 2026-09-06 (leder Rune Main): control.json paused=false - fuld koersel. 0 nye signaler (XAUUSD+XAGUSD, 5000 candles hver, seneste candle fredag 2026-09-04 22:45 UTC - weekend). Afstemning koert for leder+foelger (7 dage) - 0 nye opdateringer (alle lukkede trades allerede afstemt tidligere, resting-ordrer 58281230576, 58311977477/58312358143 og 58313549233/58313596494 stadig uafviklede, plus stale ticket 11514671). Konto-status opdateret begge konti (leder 24976.92, Rune Copy#1 24978.79), 0 aabne positioner begge konti. Ingen account/rename/swap-leader anmodninger. close_all_requested=false.","XAUUSD,XAGUSD",0,ok
2026-09-06 07:18:19.661910+00:00,"Scan 2026-09-06 (leder Rune Main): control.json paused=false - fuld koersel. 0 nye signaler (XAUUSD+XAGUSD, 5000 candles hver, seneste candle fredag 2026-09-04 22:45 UTC - weekend). Afstemning koert for leder+foelger (7 dage) - 0 nye opdateringer (alle lukkede trades allerede afstemt tidligere). Konto-status opdateret begge konti (leder 24976.92, Rune Copy#1 24978.79), 0 aabne positioner begge konti. Ingen account/rename/swap-leader anmodninger. close_all_requested=false.","XAUUSD,XAGUSD",0,ok
2026-09-06 07:34:15.660566+00:00,"Scan 2026-09-06 (leder Rune Main): control.json paused=false - fuld koersel. 0 nye signaler (XAUUSD+XAGUSD, 5000 candles hver, seneste candle fredag 2026-09-04 22:45 UTC - weekend). Afstemning koert for leder+foelger (7 dage) - 0 nye opdateringer (alle lukkede trades allerede afstemt tidligere). Konto-status opdateret begge konti (leder 24976.92, Rune Copy#1 24978.79), 0 aabne positioner begge konti. Ingen account/rename/swap-leader anmodninger. close_all_requested=false.","XAUUSD,XAGUSD",0,ok
2026-09-06 07:48:37.903184+00:00,"Scan 2026-09-06 (leder Rune Main): control.json paused=false - fuld koersel. 0 nye signaler (XAUUSD+XAGUSD, 5000 candles hver, seneste candle fredag 2026-09-04 22:45 UTC - weekend). Afstemning koert for leder+foelger (7 dage) - 0 nye opdateringer (alle lukkede trades allerede afstemt tidligere, resting-ordrer 58281230576, 58311977477/58312358143 og 58313549233/58313596494 stadig uafviklede). Konto-status opdateret begge konti (leder 24976.92, Rune Copy#1 24978.79), 0 aabne positioner begge konti. Ingen account/rename/swap-leader anmodninger. close_all_requested=false.","XAUUSD,XAGUSD",0,ok
2026-09-06 08:03:12.699539+00:00,"Scan 2026-09-06 (leder Rune Main): control.json paused=false - fuld koersel. 0 nye signaler (XAUUSD+XAGUSD, 5000 candles hver, seneste candle fredag 2026-09-04 22:45 UTC - weekend). Afstemning koert for leder+foelger (7 dage) - 0 nye opdateringer (alle lukkede trades allerede afstemt tidligere, resting-ordrer 58311977477/58312358143 og 58313549233/58313596494 stadig uafviklede). Konto-status opdateret begge konti (leder 24976.92, Rune Copy#1 24978.79), 0 aabne positioner begge konti. Ingen account/rename/swap-leader anmodninger. close_all_requested=false.","XAUUSD,XAGUSD",0,ok
2026-09-06 08:18:29.221206+00:00,"Scan 2026-09-06 (leder Rune Main): control.json paused=false - fuld koersel. 0 nye signaler (XAUUSD+XAGUSD, 5000 candles hver, seneste candle fredag 2026-09-04 22:45 UTC - weekend). Afstemning koert for leder+foelger (7 dage) - 0 nye opdateringer (alle lukkede trades allerede afstemt tidligere, resting-ordrer 58281230576, 58311977477/58312358143 og 58313549233/58313596494 stadig uafviklede). Konto-status opdateret begge konti (leder 24976.92, Rune Copy#1 24978.79), 0 aabne positioner begge konti. Ingen account/rename/swap-leader anmodninger. close_all_requested=false.","XAUUSD,XAGUSD",0,ok
2026-09-06 08:33:20.923175+00:00,"Scan 2026-09-06 (leder Rune Main): control.json paused=false - fuld koersel. 0 nye signaler (XAUUSD+XAGUSD, 5000 candles hver, seneste candle fredag 2026-09-04 22:45 UTC - weekend). Afstemning koert for leder+foelger (7 dage) - 0 nye opdateringer (alle lukkede trades allerede afstemt tidligere, resting-ordrer 58281230576, 58311977477/58312358143 og 58313549233/58313596494 stadig uafviklede). Konto-status opdateret begge konti (leder 24976.92, Rune Copy#1 24978.79), 0 aabne positioner begge konti. Ingen account/rename/swap-leader anmodninger. close_all_requested=false.","XAUUSD,XAGUSD",0,ok
2026-09-06 08:48:14.533999+00:00,"Scan 2026-09-06 (leder Rune Main): control.json paused=false - fuld koersel. 0 nye signaler (XAUUSD+XAGUSD, 5000 candles hver, seneste candle fredag 2026-09-04 22:45 UTC - weekend). Afstemning koert for leder+foelger (7 dage) - 0 nye opdateringer (alle lukkede trades allerede afstemt tidligere). Konto-status opdateret begge konti (leder 24976.92, Rune Copy#1 24978.79), 0 aabne positioner begge konti. Ingen account/rename/swap-leader anmodninger. close_all_requested=false.","XAUUSD,XAGUSD",0,ok
2026-09-06 09:04:13.066827+00:00,"Scan 2026-09-06 (leder Rune Main): control.json paused=false - fuld koersel. 0 nye signaler (XAUUSD+XAGUSD, 5000 candles hver). Afstemning koert for leder+foelger (7 dage) - 0 nye opdateringer (alle lukkede trades allerede afstemt tidligere, resting-ordrer 58281230576, 58311977477/58312358143 og 58313549233/58313596494 stadig uafviklede). Konto-status opdateret begge konti (leder 24976.92, Rune Copy#1 24978.79), 0 aabne positioner begge konti. Ingen account/rename/swap-leader anmodninger. close_all_requested=false.","XAUUSD,XAGUSD",0,ok
2026-09-06 09:17:11.045540+00:00,"Scan 2026-09-06 (leder Rune Main): control.json paused=false - fuld koersel. 0 nye signaler (XAUUSD+XAGUSD, 5000 candles hver). Afstemning koert for leder+foelger (7 dage) - 0 nye opdateringer (alle lukkede trades allerede afstemt tidligere, resting-ordrer 58311977477/58312358143 og 58313549233/58313596494 stadig uafviklede). Konto-status opdateret begge konti (leder 24976.92, Rune Copy#1 24978.79), 0 aabne positioner begge konti. Ingen account/rename/swap-leader anmodninger. close_all_requested=false.","XAUUSD,XAGUSD",0,ok
2026-09-06 09:34:27.583943+00:00,"Scan 2026-09-06 (leder Rune Main): control.json paused=false - fuld koersel. 0 nye signaler (XAUUSD+XAGUSD, 5000 candles hver, seneste candle fredag 2026-09-04 22:45 UTC - weekend). Afstemning koert for leder+foelger (7 dage) - 0 nye opdateringer (alle lukkede trades allerede afstemt tidligere, resting-ordrer 58311977477/58312358143 og 58313549233/58313596494 stadig uafviklede). Konto-status opdateret begge konti (leder 24976.92, Rune Copy#1 24978.79), 0 aabne positioner begge konti. Ingen account/rename/swap-leader anmodninger. close_all_requested=false.","XAUUSD,XAGUSD",0,ok
2026-09-06 09:48:33.876582+00:00,"Scan 2026-09-06: control.json paused=false - fuld koersel. 0 nye signaler (XAUUSD+XAGUSD, 5000 candles hver). Afstemning koert leder+foelger - 0 nye opdateringer (alle lukkede trades allerede afstemt). Konto-status opdateret begge konti (leder 24976.92, Rune Copy#1 24978.79), 0 aabne positioner begge konti. Ingen account/rename/swap-leader anmodninger.","XAUUSD,XAGUSD",0,ok
2026-09-06 10:03:18.636406+00:00,"Scan 2026-09-06 (leder Rune Main): control.json paused=false - fuld koersel. 0 nye signaler (XAUUSD+XAGUSD, 5000 candles hver). Afstemning koert for leder+foelger (7 dage) - 0 nye opdateringer (alle lukkede trades allerede afstemt tidligere). Konto-status opdateret begge konti (leder 24976.92, Rune Copy#1 24978.79), 0 aabne positioner begge konti. Ingen account/rename/swap-leader anmodninger. close_all_requested=false.","XAUUSD,XAGUSD",0,ok
2026-09-06 10:18:28.759718+00:00,"Scan 2026-09-06 (leder Rune Main): control.json paused=false - fuld koersel. 0 nye signaler (XAUUSD+XAGUSD, 5000 candles hver). Afstemning koert for leder+foelger (7 dage) - 0 nye opdateringer (alle lukkede trades allerede afstemt tidligere). Konto-status opdateret begge konti (leder 24976.92, Rune Copy#1 24978.79), 0 aabne positioner begge konti. Ingen account/rename/swap-leader anmodninger. close_all_requested=false.","XAUUSD,XAGUSD",0,ok
2026-09-06 10:32:24.065875+00:00,"Scan 2026-09-06 (leder Rune Main): control.json paused=false - fuld koersel. 0 nye signaler (XAUUSD+XAGUSD, 5000 candles hver). Afstemning koert for leder+foelger (7 dage) - 0 nye opdateringer (alle lukkede trades allerede afstemt tidligere). Konto-status opdateret begge konti (leder 24976.92, Rune Copy#1 24978.79), 0 aabne positioner begge konti. Ingen account/rename/swap-leader anmodninger. close_all_requested=false.","XAUUSD,XAGUSD",0,ok
2026-09-06 10:50:42.305855+00:00,"Scan 2026-09-06 (leder Rune Main): control.json paused=false - fuld koersel. 0 nye signaler (XAUUSD+XAGUSD, 5000 candles hver, seneste candle fredag 2026-09-04 22:45 UTC - weekend). Afstemning koert for leder+foelger (7 dage) - 0 nye opdateringer (alle lukkede trades allerede afstemt tidligere, resting-ordrer 58311977477/58312358143 og 58313549233/58313596494 stadig uafviklede). Konto-status opdateret begge konti (leder 24976.92, Rune Copy#1 24978.79), 0 aabne positioner begge konti. Ingen account/rename/swap-leader anmodninger. close_all_requested=false.","XAUUSD,XAGUSD",0,ok
2026-09-06 11:03:42.683068+00:00,"Scan 2026-09-06 (leder Rune Main): control.json paused=false - fuld koersel. 0 nye signaler (XAUUSD+XAGUSD, 5000 candles hver, seneste candle fredag 2026-09-04 22:45 UTC - weekend). Afstemning koert for leder+foelger (7 dage) - 0 nye opdateringer (alle lukkede trades allerede afstemt tidligere, resting-ordrer 58311977477/58312358143 og 58313549233/58313596494 stadig uafviklede). Konto-status opdateret begge konti (leder 24976.92, Rune Copy#1 24978.79), 0 aabne positioner begge konti. Ingen account/rename/swap-leader anmodninger. close_all_requested=false.","XAUUSD,XAGUSD",0,ok
2026-09-06 11:19:12.442777+00:00,"Scan 2026-09-06 (leder Rune Main): control.json paused=false - fuld koersel. 0 nye signaler (XAUUSD+XAGUSD, 5000 candles hver, seneste candle fredag 2026-09-04 22:45 UTC - weekend). Afstemning koert for leder+foelger (7 dage) - 0 nye opdateringer (alle lukkede trades allerede afstemt tidligere, resting-ordrer 58311977477/58312358143 og 58313549233/58313596494 stadig uafviklede, ticket 11514671 stadig ikke i historik og ticket 58281230576 stadig uafviklet). Konto-status opdateret begge konti (leder 24976.92, Rune Copy#1 24978.79), 0 aabne positioner begge konti. Ingen account/rename/swap-leader anmodninger. close_all_requested=false.","XAUUSD,XAGUSD",0,ok
2026-09-06 11:34:08.383572+00:00,"Scan 2026-09-06 (leder Rune Main): control.json paused=false - fuld koersel. 0 nye signaler (XAUUSD+XAGUSD, 5000 candles hver, seneste candle fredag 2026-09-04 22:45 UTC - weekend). Afstemning koert for leder+foelger (7 dage) - 0 nye opdateringer (alle lukkede trades allerede afstemt tidligere, resting-ordrer 58311977477/58312358143 og 58313549233/58313596494 stadig uafviklede). Konto-status opdateret begge konti (leder 24976.92, Rune Copy#1 24978.79), 0 aabne positioner begge konti. Ingen account/rename/swap-leader anmodninger. close_all_requested=false.","XAUUSD,XAGUSD",0,ok
2026-09-06 11:48:48.778088+00:00,"Scan 2026-09-06 (leder Rune Main): control.json paused=false - fuld koersel. 0 nye signaler (XAUUSD+XAGUSD, 5000 candles hver, seneste candle fredag 2026-09-04 22:45 UTC - weekend). Afstemning koert for leder+foelger (7 dage) - 0 nye opdateringer (alle lukkede trades allerede afstemt tidligere, resting-ordrer 58311977477/58312358143 og 58313549233/58313596494 stadig uafviklede). Konto-status opdateret begge konti (leder 24976.92, Rune Copy#1 24978.79), 0 aabne positioner begge konti. Ingen account/rename/swap-leader anmodninger. close_all_requested=false.","XAUUSD,XAGUSD",0,ok
2026-09-06 12:02:25.601090+00:00,"Scan 2026-09-06 (leder Rune Main): control.json paused=false - fuld koersel. 0 nye signaler (XAUUSD+XAGUSD, 5000 candles hver, seneste candle fredag 2026-09-04 22:45 UTC - weekend). Afstemning koert for leder+foelger (7 dage) - 0 nye opdateringer (alle lukkede trades allerede afstemt tidligere). Konto-status opdateret begge konti (leder 24976.92, Rune Copy#1 24978.79), 0 aabne positioner begge konti. Ingen account/rename/swap-leader anmodninger. close_all_requested=false.","XAUUSD,XAGUSD",0,ok
2026-09-06 12:17:59.835984+00:00,"Scan 2026-09-06 (leder Rune Main): control.json paused=false - fuld koersel. 0 nye signaler (XAUUSD+XAGUSD, 5000 candles hver, seneste candle fredag 2026-09-04 22:45 UTC - weekend). Afstemning koert for leder+foelger (7 dage) - 0 nye opdateringer (alle lukkede trades allerede afstemt tidligere). Konto-status opdateret begge konti (leder 24976.92, Rune Copy#1 24978.79), 0 aabne positioner begge konti. Ingen account/rename/swap-leader anmodninger. close_all_requested=false.","XAUUSD,XAGUSD",0,ok
2026-09-06 12:33:11.202277+00:00,"Scan 2026-09-06 (leder Rune Main): control.json paused=false - fuld koersel. 0 nye signaler (XAUUSD+XAGUSD, 5000 candles hver, seneste candle fredag 2026-09-04 22:45 UTC - weekend). Afstemning koert for leder+foelger (7 dage) - 0 nye opdateringer (alle lukkede trades allerede afstemt tidligere, resting-ordrer 58311977477/58312358143 og 58313549233/58313596494 stadig uafviklede). Konto-status opdateret begge konti (leder 24976.92, Rune Copy#1 24978.79), 0 aabne positioner begge konti. Ingen account/rename/swap-leader anmodninger. close_all_requested=false.","XAUUSD,XAGUSD",0,ok
2026-09-06 12:49:26.094896+00:00,"Scan 2026-09-06 (leder Rune Main): control.json paused=false - fuld koersel. 0 nye signaler (XAUUSD+XAGUSD, 5000 candles hver, weekend-data). Afstemning koert for leder+foelger (7 dage) - 0 nye opdateringer (alle lukkede trades allerede afstemt tidligere, resting-ordrer 58311977477/58312358143 og 58313549233/58313596494 stadig uafviklede). Konto-status opdateret begge konti (leder 24976.92, Rune Copy#1 24978.79), 0 aabne positioner begge konti. Ingen account/rename/swap-leader anmodninger. close_all_requested=false.","XAUUSD,XAGUSD",0,ok
2026-09-06 13:03:24.406393+00:00,"Scan 2026-09-06 (leder Rune Main): control.json paused=false - fuld koersel. 0 nye signaler (XAUUSD+XAGUSD, 5000 candles hver, weekend-data, seneste candle fredag 2026-09-04 22:45 UTC). Afstemning koert for leder+foelger (7 dage) - 0 nye opdateringer (alle lukkede trades allerede afstemt tidligere, resting-ordrer 58281230576, 58311977477/58312358143 og 58313549233 stadig uafviklede). Konto-status opdateret begge konti (leder 24976.92, Rune Copy#1 24978.79), 0 aabne positioner begge konti. Ingen account/rename/swap-leader anmodninger. close_all_requested=false.","XAUUSD,XAGUSD",0,ok
2026-09-06 13:17:44.448160+00:00,"Scan 2026-09-06 (leder Rune Main): control.json paused=false - fuld koersel. 0 nye signaler (XAUUSD+XAGUSD, 5000 candles hver, weekend-data, seneste candle fredag 2026-09-04 22:45 UTC). Afstemning koert for leder+foelger (7 dage) - 0 nye opdateringer (alle lukkede trades allerede afstemt tidligere, resting-ordrer 58281230576, 58311977477/58312358143 og 58313549233 stadig uafviklede). Konto-status opdateret begge konti (leder 24976.92, Rune Copy#1 24978.79), 0 aabne positioner begge konti. Ingen account/rename/swap-leader anmodninger. close_all_requested=false.","XAUUSD,XAGUSD",0,ok
2026-09-06 13:33:39.209279+00:00,"Scan 2026-09-06 (leder Rune Main): control.json paused=false - fuld koersel. 0 nye signaler (XAUUSD+XAGUSD, 5000 candles hver, weekend-data, seneste candle fredag 2026-09-04 22:45 UTC). Afstemning koert for leder+foelger (7 dage) - 0 nye opdateringer (alle lukkede trades allerede afstemt tidligere, resting-ordrer 58281230576, 58311977477/58312358143 og 58313549233/58313596494 stadig uafviklede). Konto-status opdateret begge konti (leder 24976.92, Rune Copy#1 24978.79), 0 aabne positioner begge konti. Ingen account/rename/swap-leader anmodninger. close_all_requested=false.","XAUUSD,XAGUSD",0,ok
2026-09-06 13:48:21.822867+00:00,"Scan 2026-09-06 (leder Rune Main): control.json paused=false - fuld koersel. 0 nye signaler (XAUUSD+XAGUSD, 5000 candles hver, weekend-data, seneste candle fredag 2026-09-04 22:45 UTC). Afstemning koert for leder+foelger (7 dage) - 0 nye opdateringer (alle lukkede trades allerede afstemt tidligere). Rettelse: pending-ordrerne 58311977477/58312358143 (XAGUSD BUY_STOP) og 58313549233/58313596494 (XAUUSD SELL_STOP), tidligere rapporteret som uafviklede, viser sig at vaere ANNULLERET (state=canceled) kl. 2026-09-04 17:16 UTC paa begge konti -- ingen aabne pending-ordrer tilbage. Konto-status opdateret begge konti (leder 24976.92, Rune Copy#1 24978.79), 0 aabne positioner og 0 pending-ordrer begge konti. Ingen account/rename/swap-leader anmodninger. close_all_requested=false.","XAUUSD,XAGUSD",0,ok
2026-09-06 14:04:32.475461+00:00,"Scan 2026-09-06 (leder Rune Main): control.json paused=false - fuld koersel. 0 nye signaler (XAUUSD+XAGUSD, 5000 candles hver, weekend-data, seneste candle fredag 2026-09-04 22:45 UTC). Afstemning koert for leder+foelger (7 dage) - 0 nye opdateringer (alle lukkede trades allerede afstemt tidligere). Ingen aabne positioner eller pending-ordrer paa nogen af kontiene (bekraeftet via get_all_pending_orders/get_all_positions). Konto-status opdateret begge konti (leder 24976.92, Rune Copy#1 24978.79), 0 aabne positioner begge konti. Ingen account/rename/swap-leader anmodninger. close_all_requested=false.","XAUUSD,XAGUSD",0,ok
2026-09-06 14:17:52.421086+00:00,"Scan 2026-09-06 (leder Rune Main): control.json paused=false - fuld koersel. 0 nye signaler (XAUUSD+XAGUSD, 5000 candles hver, weekend-data, seneste candle fredag 2026-09-04 22:45 UTC). Afstemning koert for leder+foelger (7 dage) - 0 nye opdateringer (alle lukkede trades allerede afstemt tidligere). Konto-status opdateret begge konti (leder 24976.92, Rune Copy#1 24978.79), 0 aabne positioner begge konti. Ingen account/rename/swap-leader anmodninger. close_all_requested=false.","XAUUSD,XAGUSD",0,ok
2026-09-06 14:34:24.593397+00:00,"Scan 2026-09-06 (leder Rune Main): control.json paused=false - fuld koersel. 0 nye signaler (XAUUSD+XAGUSD, 5000 candles hver, weekend-data, seneste candle fredag 2026-09-04 22:45 UTC). Afstemning koert for leder+foelger (7 dage) - 0 nye opdateringer (alle lukkede trades allerede afstemt tidligere). Ingen aabne positioner paa nogen af kontiene (bekraeftet via get_all_positions). Konto-status opdateret begge konti (leder 24976.92, Rune Copy#1 24978.79), 0 aabne positioner begge konti. Ingen account/rename/swap-leader anmodninger. close_all_requested=false.","XAUUSD,XAGUSD",0,ok
2026-09-06 14:49:08.572731+00:00,"Scan 2026-09-06 (leder Rune Main): control.json paused=false - fuld koersel. 0 nye signaler (XAUUSD+XAGUSD, 5000 candles hver, weekend-data, seneste candle fredag 2026-09-04 22:45 UTC). Afstemning koert for leder+foelger (7 dage) - 0 nye opdateringer (alle lukkede trades allerede afstemt tidligere). Ingen aabne positioner paa nogen af kontiene (bekraeftet via get_all_positions). Konto-status opdateret begge konti (leder 24976.92, Rune Copy#1 24978.79), 0 aabne positioner begge konti. Ingen account/rename/swap-leader anmodninger. close_all_requested=false.","XAUUSD,XAGUSD",0,ok
2026-09-06 15:02:57.814029+00:00,"Scan 2026-09-06 (leder Rune Main): control.json paused=false - fuld koersel. 0 nye signaler (XAUUSD+XAGUSD, 5000 candles hver, weekend-data, seneste candle fredag 2026-09-04 22:45 UTC). Afstemning koert for leder+foelger (7 dage) - 0 nye opdateringer (alle lukkede trades allerede afstemt tidligere). Ingen aabne positioner paa nogen af kontiene (bekraeftet via get_all_positions). Konto-status opdateret begge konti (leder 24976.92, Rune Copy#1 24978.79), 0 aabne positioner begge konti. Ingen account/rename/swap-leader anmodninger. close_all_requested=false.","XAUUSD,XAGUSD",0,ok
2026-09-06 15:18:09.020351+00:00,"Scan 2026-09-06 (leder Rune Main): control.json paused=false - fuld koersel. 0 nye signaler (XAUUSD+XAGUSD, 5000 candles hver, weekend-data, seneste candle fredag 2026-09-04 22:45 UTC). Afstemning koert for leder+foelger (7 dage) - 0 nye opdateringer (alle lukkede trades allerede afstemt tidligere). Ingen aabne positioner eller pending-ordrer paa nogen af kontiene (bekraeftet via get_all_positions/get_all_pending_orders). Konto-status opdateret begge konti (leder 24976.92, Rune Copy#1 24978.79), 0 aabne positioner begge konti. Ingen account/rename/swap-leader anmodninger. close_all_requested=false.","XAUUSD,XAGUSD",0,ok
2026-09-06 15:34:22.144087+00:00,"Scan 2026-09-06 (leder Rune Main): control.json paused=false, close_all_requested=false - fuld koersel. 0 nye signaler (XAUUSD+XAGUSD, 5000 candles hver, seneste candle fredag 2026-09-04 22:45 UTC). Afstemning koert for leder+foelger (7 dage) - 0 nye opdateringer (alle lukkede trades allerede afstemt tidligere). Ingen aabne positioner eller pending-ordrer paa nogen af kontiene (bekraeftet via get_all_positions/get_all_pending_orders). Konto-status opdateret begge konti (leder 24976.92, Rune Copy#1 24978.79), 0 aabne positioner begge konti. Ingen account/rename/swap-leader anmodninger. close_all_requested=false.","XAUUSD,XAGUSD",0,ok
2026-09-06 15:48:35.316578+00:00,"Scan 2026-09-06 (leder Rune Main): control.json paused=false - fuld koersel. 0 nye signaler (XAUUSD+XAGUSD, 5000 candles hver, seneste candle fredag 2026-09-04 22:45 UTC - weekend). Afstemning koert for leder+foelger (7 dage) - 0 nye opdateringer (alle lukkede trades allerede afstemt tidligere; 3 tidligere pending stop-ordrer - 58281230576, 58311977477/58312358143, 58313549233/58313596494 - er ikke laengere i pending orders paa nogen konto og fremgaar heller ikke i deal-historikken, formentlig udloebet/annulleret uden fill). Ingen aabne positioner eller pending-ordrer paa nogen af kontiene (bekraeftet via get_all_positions/get_all_pending_orders). Konto-status opdateret begge konti (leder 24976.92, Rune Copy#1 24978.79), 0 aabne positioner begge konti. Ingen account/rename/swap-leader anmodninger. close_all_requested=false.","XAUUSD,XAGUSD",0,ok
2026-09-06 16:03:19.474155+00:00,"Scan 2026-09-06 (leder Rune Main): control.json paused=false - fuld koersel. 0 nye signaler (XAUUSD+XAGUSD, 5000 candles hver, seneste candle fredag 2026-09-04 22:45 UTC - weekend). Afstemning koert for leder+foelger (7 dage) - 0 nye opdateringer (alle lukkede trades allerede afstemt tidligere; 2 pending stop-ordrer (leder 58311977477/58313549233, foelger 58312358143/58313596494) endnu ikke fyldt). Ingen aabne positioner paa nogen af kontiene. Konto-status opdateret begge konti (leder 24976.92, Rune Copy#1 24978.79), 0 aabne positioner begge konti. Ingen account/rename/swap-leader anmodninger. close_all_requested=false.","XAUUSD,XAGUSD",0,ok
2026-09-06 16:18:27.604427+00:00,"Scan 2026-09-06 (leder Rune Main): control.json paused=false - fuld koersel. 0 nye signaler (XAUUSD+XAGUSD, 5000 candles hver, seneste candle fredag 2026-09-04 22:45 UTC - weekend). Afstemning koert for leder+foelger (7 dage) - 0 nye opdateringer (alle lukkede trades allerede afstemt tidligere; de 2 tidligere pending stop-ordrer paa hver konto bekraeftet vaek - get_all_pending_orders tomt paa begge konti). Ingen aabne positioner paa nogen af kontiene. Konto-status opdateret begge konti (leder 24976.92, Rune Copy#1 24978.79), 0 aabne positioner begge konti. Ingen account/rename/swap-leader anmodninger. close_all_requested=false.","XAUUSD,XAGUSD",0,ok
2026-09-06 16:33:58.548221+00:00,"Scan 2026-09-06 (leder Rune Main): control.json paused=false - fuld koersel. 0 nye signaler (XAUUSD+XAGUSD, 5000 candles hver, seneste candle fredag 2026-09-04 22:45 UTC - weekend). Afstemning koert for leder+foelger (7 dage) - 0 nye opdateringer (alle lukkede trades allerede afstemt tidligere; de 2 tidligere pending stop-ordrer (leder XAGUSD 58311977477 + XAUUSD 58313549233, foelger 58312358143) fortsat ikke i pending-ordrer eller deal-historik, formentlig udloebet uden fill). Ingen aabne positioner eller pending-ordrer paa nogen af kontiene (get_all_positions/get_all_pending_orders tomme begge konti). Konto-status opdateret begge konti (leder 24976.92, Rune Copy#1 24978.79), 0 aabne positioner begge konti. Ingen account/rename/swap-leader anmodninger. close_all_requested=false.","XAUUSD,XAGUSD",0,ok
2026-09-06 16:48:33.189723+00:00,"Scan 2026-09-06 (leder Rune Main): control.json paused=false - fuld koersel. 0 nye signaler (XAUUSD+XAGUSD, 5000 candles hver, seneste candle fredag 2026-09-04 22:45 UTC - weekend). Afstemning koert for leder+foelger (7 dage) - 0 nye opdateringer (alle lukkede trades allerede afstemt tidligere). De 2 tidligere pending stop-ordrer paa leder + 2 paa foelger er nu bekraeftet vaek (get_all_pending_orders tomt paa begge konti). Ingen aabne positioner paa nogen af kontiene. Konto-status opdateret begge konti (leder 24976.92, Rune Copy#1 24978.79), 0 aabne positioner begge konti. Ingen account/rename/swap-leader anmodninger. close_all_requested=false.","XAUUSD,XAGUSD",0,ok
2026-09-06 17:03:58.434145+00:00,"Scan 2026-09-06 (leder Rune Main): control.json paused=false - fuld koersel. 0 nye signaler (XAUUSD+XAGUSD, 5000 candles hver, seneste candle fredag 2026-09-04 22:45 UTC - weekend). Afstemning koert for leder+foelger (7 dage) - 0 nye opdateringer (alle lukkede trades allerede afstemt tidligere). Ingen aabne positioner paa nogen af kontiene. Konto-status opdateret begge konti (leder 24976.92, Rune Copy#1 24978.79), 0 aabne positioner begge konti. Ingen account/rename/swap-leader anmodninger. close_all_requested=false.","XAUUSD,XAGUSD",0,ok
2026-09-06 17:18:48.510053+00:00,"Scan 2026-09-06 (leder Rune Main): control.json paused=false - fuld koersel. 0 nye signaler (XAUUSD+XAGUSD, 5000 candles hver, seneste candle fredag 2026-09-04 22:45 UTC - weekend). Afstemning koert for leder+foelger (7 dage) - 0 nye opdateringer (alle lukkede trades allerede afstemt tidligere). Ingen aabne positioner paa nogen af kontiene. Konto-status opdateret begge konti (leder 24976.92, Rune Copy#1 24978.79), 0 aabne positioner begge konti. Ingen account/rename/swap-leader anmodninger. close_all_requested=false.","XAUUSD,XAGUSD",0,ok
2026-09-06 17:33:27.342340+00:00,"Scan 2026-09-06 (leder Rune Main): control.json paused=false - fuld koersel. 0 nye signaler (XAUUSD+XAGUSD, 5000 candles hver). Afstemning koert for leder+foelger (7 dage) - 0 nye opdateringer (alle lukkede trades allerede afstemt tidligere). Ingen aabne positioner eller pending ordrer paa nogen af kontiene. Konto-status opdateret begge konti (leder 24976.92, Rune Copy#1 24978.79), 0 aabne positioner begge konti. Ingen account/rename/swap-leader anmodninger. close_all_requested=false.","XAUUSD,XAGUSD",0,ok
2026-09-06 17:49:45.852153+00:00,"Scan 2026-09-06 (leder Rune Main): control.json paused=false - fuld koersel. 0 nye signaler (XAUUSD+XAGUSD, 5000 candles hver). Afstemning koert for leder+foelger (7 dage) - 0 nye opdateringer (alle lukkede trades allerede afstemt tidligere). Ingen aabne positioner paa nogen af kontiene. Konto-status opdateret begge konti (leder 24976.92, Rune Copy#1 24978.79), 0 aabne positioner begge konti. Ingen account/rename/swap-leader anmodninger. close_all_requested=false.","XAUUSD,XAGUSD",0,ok
2026-09-06 18:03:25.961218+00:00,"Scan 2026-09-06 (leder Rune Main): control.json paused=false - fuld koersel. 0 nye signaler (XAUUSD+XAGUSD, 5000 candles hver). Afstemning koert for leder+foelger (7 dage) med korrigeret ticket/position_id-matching - 0 nye opdateringer (alle lukkede trades allerede afstemt tidligere). Ingen aabne positioner paa nogen af kontiene. Konto-status opdateret begge konti (leder 24976.92, Rune Copy#1 24978.79), 0 aabne positioner begge konti. Ingen account/rename/swap-leader anmodninger. close_all_requested=false.","XAUUSD,XAGUSD",0,ok
2026-09-06 18:17:53.003248+00:00,"Scan 2026-09-06 (leder Rune Main): control.json paused=false - fuld koersel. 0 nye signaler (XAUUSD+XAGUSD, 5000 candles hver). Afstemning koert for leder+foelger (7 dage) - 0 nye opdateringer (alle lukkede trades allerede afstemt tidligere). Ingen aabne positioner paa nogen af kontiene. Konto-status opdateret begge konti (leder 24976.92, Rune Copy#1 24978.79), 0 aabne positioner begge konti. Ingen account/rename/swap-leader anmodninger. close_all_requested=false.","XAUUSD,XAGUSD",0,ok
2026-09-06 18:35:18.184292+00:00,"Scan 2026-09-06 (leder Rune Main): control.json paused=false - fuld koersel. 0 nye signaler (XAUUSD+XAGUSD, 5000 candles hver). Afstemning koert for leder+foelger (deals grupperet efter position_id, entry=1-rakker summeret) - 0 nye opdateringer (alle lukkede trades allerede afstemt tidligere). Ingen pending ordrer paa nogen konto (bekraeftet friskt via get_all_pending_orders, ikke kopieret fra tidligere commits). Ingen aabne positioner paa nogen af kontiene. Konto-status opdateret begge konti (leder 24976.92, Rune Copy#1 24978.79), 0 aabne positioner begge konti. Ingen account/rename/swap-leader anmodninger. close_all_requested=false.","XAUUSD,XAGUSD",0,ok
2026-09-06 18:50:36.430341+00:00,"Scan 2026-09-06 (leder Rune Main): control.json paused=false - fuld koersel. 0 nye signaler (XAUUSD+XAGUSD, 5000 candles hver). Afstemning koert for leder+foelger (7 dage, korrigeret order/position_id-matching) - 0 nye opdateringer (alle lukkede trades allerede afstemt tidligere). Ingen pending ordrer paa nogen konto. Ingen aabne positioner paa nogen konto. Konto-status opdateret begge konti (leder 24976.92, Rune Copy#1 24978.79), 0 aabne positioner begge konti. Ingen account/rename/swap-leader anmodninger. close_all_requested=false.","XAUUSD,XAGUSD",0,ok
2026-09-06 19:05:18.061954+00:00,"Scan 2026-09-06 (leder Rune Main): control.json paused=false - fuld koersel. 0 nye signaler (XAUUSD+XAGUSD, 5000 candles hver). Afstemning koert for leder+foelger (7 dage, position_id-gruppering+order-ticket-mapping) - 0 nye opdateringer (alle lukkede trades allerede afstemt tidligere). Ingen pending ordrer paa nogen konto (bekraeftet friskt via get_all_pending_orders). Ingen aabne positioner paa nogen af kontiene. Konto-status opdateret begge konti (leder 24976.92, Rune Copy#1 24978.79), 0 aabne positioner begge konti. Ingen account/rename/swap-leader anmodninger. close_all_requested=false.","XAUUSD,XAGUSD",0,ok
2026-09-06 19:20:40.499202+00:00,"Scan 2026-09-06: control.json paused=false, fuld koersel. 0 nye signaler (XAUUSD+XAGUSD, 5000 candles hver). Afstemning koert leder+foelger (7 dage, position_id-gruppering+entry-summering) - 0 nye opdateringer. Ingen pending ordrer nye, 2 pending ordrer (CRT_TBS XAGUSD, ORB XAUUSD) endnu ikke udloest paa hverken leder eller foelger. Ingen aabne positioner nogen konto. Konto-status opdateret begge konti (leder 24976.92, Rune Copy#1 24978.79). Ingen account/rename/swap-leader anmodninger. close_all_requested=false.","XAUUSD,XAGUSD",0,ok
2026-09-06 19:32:12.140967+00:00,"Scan 2026-09-06 (leder Rune Main): control.json paused=false - fuld koersel. 0 nye signaler (XAUUSD+XAGUSD, 5000 candles hver). Afstemning koert for leder+foelger (7 dage, position_id-gruppering) - 0 nye opdateringer (alle lukkede trades allerede afstemt tidligere). Ingen pending ordrer paa nogen konto (bekraeftet friskt via get_all_pending_orders). Ingen aabne positioner paa nogen af kontiene. Konto-status opdateret begge konti (leder 24976.92, Rune Copy#1 24978.79), 0 aabne positioner begge konti. Ingen account/rename/swap-leader anmodninger. close_all_requested=false.","XAUUSD,XAGUSD",0,ok
2026-09-06 19:48:58.078598+00:00,"Scan 2026-09-06 (leder Rune Main): control.json paused=false - fuld koersel. 0 nye signaler (XAUUSD+XAGUSD, 5000 candles hver). Afstemning koert for leder+foelger (7 dage, position_id-gruppering+entry-summering) - 0 nye opdateringer (alle lukkede trades allerede afstemt tidligere). 2 pending ordrer (CRT_TBS XAGUSD, ORB XAUUSD) formentlig stadig ikke udloest paa hverken leder eller foelger (ikke eksplicit tjekket denne koersel). Ingen aabne positioner paa nogen af kontiene (bekraeftet via get_all_positions). Konto-status opdateret begge konti (leder 24976.92, foelger Rune Copy#1 24978.79). Ingen account/rename/swap-leader anmodninger. close_all_requested=false.","XAUUSD,XAGUSD",0,ok
2026-09-06 20:04:48.752845+00:00,"Scan 2026-09-06 (leder Rune Main): control.json paused=false - fuld koersel. 0 nye signaler (XAUUSD+XAGUSD, 5000 candles hver). Afstemning koert for leder+foelger (7 dage, position_id-gruppering) - 0 nye opdateringer (alle lukkede trades allerede afstemt tidligere). Ingen aabne positioner paa nogen af kontiene. Konto-status opdateret begge konti (leder 24976.92, Rune Copy#1 24978.79). Ingen account/rename/swap-leader anmodninger. close_all_requested=false.","XAUUSD,XAGUSD",0,ok
2026-09-06 20:18:32.039576+00:00,"Scan 2026-09-06 (leder Rune Main): control.json paused=false - fuld koersel. 0 nye signaler (XAUUSD+XAGUSD, 5000 candles hver). Afstemning koert for leder+foelger (7 dage, position_id-gruppering+entry-summering) - 0 nye opdateringer (alle lukkede trades allerede afstemt tidligere). Ingen aabne positioner paa nogen af kontiene (bekraeftet via get_all_positions). Konto-status opdateret begge konti (leder 24976.92, Rune Copy#1 24978.79), 0 aabne positioner begge konti. Ingen account/rename/swap-leader anmodninger. close_all_requested=false.","XAUUSD,XAGUSD",0,ok
2026-09-06 20:33:38.108977+00:00,"Scan 2026-09-06 (leder Rune Main): control.json paused=false - fuld koersel. 0 nye signaler (XAUUSD+XAGUSD, 5000 candles hver). Afstemning koert for leder+foelger (7 dage, position_id-gruppering+entry-summering) - 0 nye opdateringer (alle lukkede trades allerede afstemt tidligere). Ingen aabne positioner paa nogen af kontiene (bekraeftet via get_all_positions). Konto-status opdateret begge konti (leder 24976.92, Rune Copy#1 24978.79), 0 aabne positioner begge konti. Ingen account/rename/swap-leader anmodninger. close_all_requested=false.","XAUUSD,XAGUSD",0,ok
2026-09-06 20:47:59.272358+00:00,"Scan 2026-09-06 (leder Rune Main): control.json paused=false - fuld koersel. 0 nye signaler (XAUUSD+XAGUSD, 5000 candles hver). Afstemning koert for leder+foelger (7 dage, position_id-mapping) - 0 nye opdateringer (alle lukkede trades allerede afstemt tidligere). Ingen aabne positioner paa nogen af kontiene (bekraeftet via get_all_positions). Konto-status opdateret begge konti (leder 24976.92, Rune Copy#1 24978.79), 0 aabne positioner begge konti. Ingen account/rename/swap-leader anmodninger. close_all_requested=false.","XAUUSD,XAGUSD",0,ok
2026-09-06 21:04:21.131605+00:00,"Scan 2026-09-06 (leder Rune Main): control.json paused=false - fuld koersel. 0 nye signaler (XAUUSD+XAGUSD, 5000 candles hver). Afstemning koert for leder+foelger (7 dage, position_id-gruppering+entry-summering) - 0 nye opdateringer (alle lukkede trades allerede afstemt tidligere). Ingen aabne positioner paa nogen af kontiene (bekraeftet via get_all_positions). Konto-status opdateret begge konti (leder 24976.92, Rune Copy#1 24978.79), 0 aabne positioner begge konti. Ingen account/rename/swap-leader anmodninger. close_all_requested=false.","XAUUSD,XAGUSD",0,ok
2026-09-06 21:18:20.112453+00:00,"Scan 2026-09-06 (leder Rune Main): control.json paused=false - fuld koersel. 0 nye signaler (XAUUSD+XAGUSD, 5000 candles hver). Afstemning koert for leder+foelger (7 dage, position_id-gruppering+entry-summering, ogsaa verificeret mod order-ticket-udvidelse for nettede positioner) - 0 nye opdateringer (alle lukkede trades allerede afstemt tidligere). Ingen aabne positioner paa nogen af kontiene (bekraeftet via get_all_positions). Konto-status opdateret begge konti (leder 24976.92, Rune Copy#1 24978.79), 0 aabne positioner begge konti. Ingen account/rename/swap-leader anmodninger. close_all_requested=false.","XAUUSD,XAGUSD",0,ok
2026-09-06 21:33:36.157918+00:00,"control.json paused=false - fuld koersel. 0 nye signaler (XAUUSD+XAGUSD, 5000 candles hver). Afstemning koert for leder+foelger (7 dage, position_id-gruppering) - 0 nye opdateringer. Ingen aabne positioner eller pending ordrer paa nogen konti. Konto-status opdateret begge konti (leder 24976.92, Rune Copy#1 24978.79). Ingen account/rename/swap-leader anmodninger.","XAUUSD,XAGUSD",0,ok
2026-09-06 21:48:00.633299+00:00,"control.json paused=false - fuld koersel. 0 nye signaler (XAUUSD+XAGUSD, 5000 candles hver). Afstemning koert for leder+foelger (7 dage, position_id-gruppering+entry-summering) - 0 nye opdateringer (alle lukkede trades allerede afstemt tidligere). Ingen aabne positioner paa nogen af kontiene (bekraeftet via get_all_positions). Konto-status opdateret begge konti (leder 24976.92, Rune Copy#1 24978.79), 0 aabne positioner begge konti. Ingen account/rename/swap-leader anmodninger. close_all_requested=false.","XAUUSD,XAGUSD",0,ok
2026-09-06 22:04:16.777694+00:00,"Scan 2026-09-07 (leder Rune Main): control.json paused=false - fuld koersel. Ingen account/rename/swap-leader anmodninger. 0 nye signaler (XAUUSD+XAGUSD, 5000 candles hver). Afstemning koert for leder+foelger (7 dage, position_id-gruppering) - 0 nye opdateringer (alle lukkede trades allerede afstemt tidligere). Ingen aabne positioner paa nogen konti (bekraeftet via get_all_positions). Konto-status opdateret begge konti (leder 24976.92, Rune Copy#1 24978.79), 0 aabne positioner begge konti. close_all_requested=false.","XAUUSD,XAGUSD",0,ok
2026-09-06 22:17:55.861578+00:00,"Scan 2026-09-07 (leder Rune Main): control.json paused=false - fuld koersel. 0 nye signaler (XAUUSD+XAGUSD, 5000 candles hver). Afstemning koert for leder+foelger (7 dage, position_id-gruppering) - 0 nye opdateringer (alle lukkede trades allerede afstemt tidligere). Ingen aabne positioner eller pending ordrer paa nogen af kontiene (bekraeftet via get_all_positions+get_all_pending_orders). Konto-status opdateret begge konti (leder 24976.92, Rune Copy#1 24978.79), 0 aabne positioner begge konti. Ingen account/rename/swap-leader anmodninger. close_all_requested=false.","XAUUSD,XAGUSD",0,ok
2026-09-06 22:34:31.879131+00:00,"Scan 2026-09-07 (leder Rune Main): control.json paused=false - fuld koersel. 0 nye signaler (XAUUSD+XAGUSD, 5000 candles hver). Afstemning koert for leder+foelger (7 dage, position_id-gruppering) - 0 nye opdateringer (alle lukkede trades allerede afstemt tidligere). Ingen aabne positioner paa nogen af kontiene (bekraeftet via get_all_positions). Konto-status opdateret begge konti (leder 24976.92, Rune Copy#1 24978.79), 0 aabne positioner begge konti. Ingen account/rename/swap-leader anmodninger. close_all_requested=false.","XAUUSD,XAGUSD",0,ok
2026-09-06 22:47:36.777962+00:00,"Scan 2026-09-07 (leder Rune Main): control.json paused=false - fuld koersel. 0 nye signaler (XAUUSD+XAGUSD, 5000 candles hver). Afstemning koert for leder+foelger (7 dage, position_id-gruppering) - 0 nye opdateringer (alle lukkede trades allerede afstemt tidligere). Ingen aabne positioner paa nogen af kontiene (bekraeftet via get_all_positions). Konto-status opdateret begge konti (leder 24976.92, Rune Copy#1 24978.79), 0 aabne positioner begge konti. Ingen account/rename/swap-leader anmodninger. close_all_requested=false.","XAUUSD,XAGUSD",0,ok
2026-09-06 23:04:14.701546+00:00,"Scan 2026-09-07 (leder Rune Main): control.json paused=false - fuld koersel. 0 nye signaler (XAUUSD+XAGUSD, 5000 candles hver). Afstemning koert for leder+foelger (7 dage, position_id-gruppering) - 0 nye opdateringer (alle lukkede trades allerede afstemt tidligere). 0 aabne positioner paa nogen af kontiene (bekraeftet via get_all_positions). Konto-status opdateret begge konti (leder 24976.92, Rune Copy#1 24978.79), 0 aabne positioner begge konti. Ingen account/rename/swap-leader anmodninger. close_all_requested=false.","XAUUSD,XAGUSD",0,ok
2026-09-06 23:17:57.740711+00:00,"Scan 2026-09-07 (leder Rune Main): control.json paused=false - fuld koersel. 0 nye signaler (XAUUSD+XAGUSD, 5000 candles hver). Afstemning koert for leder+foelger (7 dage, position_id-gruppering) - 0 nye opdateringer (alle lukkede trades allerede afstemt tidligere). Ingen aabne positioner paa nogen af kontiene (bekraeftet via get_all_positions). Konto-status opdateret begge konti (leder 24976.92, Rune Copy#1 24978.79), 0 aabne positioner begge konti. Ingen account/rename/swap-leader anmodninger. close_all_requested=false.","XAUUSD,XAGUSD",0,ok
2026-09-06 23:33:20.636779+00:00,"Scan 2026-09-07 (leder Rune Main): control.json paused=false - fuld koersel. 0 nye signaler (XAUUSD+XAGUSD, 5000 candles hver). Afstemning koert for leder+foelger (7 dage, position_id-gruppering) - 0 nye opdateringer (alle lukkede trades allerede afstemt tidligere). Ingen aabne positioner paa nogen af kontiene (bekraeftet via get_all_positions). Konto-status opdateret begge konti (leder 24976.92, Rune Copy#1 24978.79), 0 aabne positioner begge konti. Ingen account/rename/swap-leader anmodninger. close_all_requested=false.","XAUUSD,XAGUSD",0,ok
2026-09-06 23:48:19.805405+00:00,"Scan 2026-09-07 (leder Rune Main): paused=false - fuld koersel. 0 nye signaler (XAUUSD+XAGUSD, 5000 candles hver). Afstemning koert for leder+foelger (7 dage, position_id-gruppering) - 0 nye opdateringer (alle lukkede trades allerede afstemt tidligere). Ingen aabne positioner eller pending ordrer paa nogen af kontiene (bekraeftet via get_all_positions + get_all_pending_orders) - tidligere pending ordrer (58311977477/58313549233 leder, 58312358143/58313596494 foelger) er ikke laengere aktive (udloebet/annulleret uden fill). Konto-status opdateret begge konti (leder 24976.92, Rune Copy#1 24978.79), 0 aabne positioner begge konti. Ingen account/rename/swap-leader anmodninger. close_all_requested=false.","XAUUSD,XAGUSD",0,ok
2026-09-07 00:03:42.568308+00:00,"Scan 2026-09-07 (leder Rune Main): control.json paused=false - fuld koersel. 0 nye signaler (XAUUSD+XAGUSD, 5000 candles hver). Afstemning koert for leder+foelger (7 dage, position_id-gruppering) - 0 nye opdateringer (alle lukkede trades allerede afstemt tidligere). Ingen aabne positioner eller pending ordrer paa nogen af kontiene (bekraeftet via get_all_positions + get_all_pending_orders). Konto-status opdateret begge konti (leder 24976.92, Rune Copy#1 24978.79), 0 aabne positioner begge konti. Ingen account/rename/swap-leader anmodninger. close_all_requested=false.","XAUUSD,XAGUSD",0,ok
2026-09-07 00:18:42.978733+00:00,"Scan 2026-09-07 (leder Rune Main): control.json paused=false - fuld koersel. 0 nye signaler (XAUUSD+XAGUSD, 5000 candles hver). Afstemning koert for leder+foelger (7 dage, position_id-gruppering) - 0 nye opdateringer (alle lukkede trades allerede afstemt tidligere). Ingen aabne positioner paa nogen af kontiene (bekraeftet via get_all_positions). Konto-status opdateret begge konti (leder 24976.92, Rune Copy#1 24978.79), 0 aabne positioner begge konti. Ingen account/rename/swap-leader anmodninger. close_all_requested=false.","XAUUSD,XAGUSD",0,ok
2026-09-07 00:33:22.096634+00:00,"Scan 2026-09-07 (leder Rune Main): control.json paused=false - fuld koersel. 0 nye signaler (XAUUSD+XAGUSD, 5000 candles hver). Afstemning koert for leder+foelger (7 dage, position_id-gruppering) - 0 nye opdateringer (alle lukkede trades allerede afstemt tidligere). Ingen aabne positioner eller pending ordrer paa nogen af kontiene (bekraeftet via get_all_positions + get_all_pending_orders). Konto-status opdateret begge konti (leder 24976.92, Rune Copy#1 24978.79), 0 aabne positioner begge konti. Ingen account/rename/swap-leader anmodninger. close_all_requested=false.","XAUUSD,XAGUSD",0,ok
2026-09-07 00:49:29.392987+00:00,"Scan 2026-09-07 (leder Rune Main): control.json paused=false - fuld koersel. 0 nye signaler (XAUUSD+XAGUSD, 5000 candles hver). Afstemning koert for leder+foelger (7 dage, position_id-gruppering) - 0 nye opdateringer (alle lukkede trades allerede afstemt tidligere). Ingen aabne positioner eller pending ordrer paa nogen af kontiene (bekraeftet via get_all_positions + get_all_pending_orders). Konto-status opdateret begge konti (leder 24976.92, Rune Copy#1 24978.79), 0 aabne positioner begge konti. Ingen account/rename/swap-leader anmodninger. close_all_requested=false.","XAUUSD,XAGUSD",0,ok
2026-09-07 01:04:22.280755+00:00,"Scan 2026-09-07 (leder Rune Main): control.json paused=false - fuld koersel. 0 nye signaler (XAUUSD+XAGUSD, 5000 candles hver). Afstemning koert for leder+foelger (7 dage, position_id-gruppering) - 0 nye opdateringer (alle lukkede trades allerede afstemt tidligere). Ingen aabne positioner eller pending ordrer paa nogen af kontiene (bekraeftet via get_all_positions + get_all_pending_orders). Konto-status opdateret begge konti (leder 24976.92, Rune Copy#1 24978.79), 0 aabne positioner begge konti. Ingen account/rename/swap-leader anmodninger. close_all_requested=false.","XAUUSD,XAGUSD",0,ok
2026-09-07 01:18:02.608884+00:00,"Scan 2026-09-07 (leder Rune Main): control.json paused=false - fuld koersel. 0 nye signaler (XAUUSD+XAGUSD, 5000 candles hver). Afstemning koert for leder+foelger (7 dage, position_id-gruppering) - 0 nye opdateringer (alle lukkede trades allerede afstemt tidligere). Ingen aabne positioner eller pending ordrer paa nogen af kontiene. Konto-status opdateret begge konti (leder 24976.92, Rune Copy#1 24978.79). Ingen account/rename/swap-leader anmodninger. close_all_requested=false.","XAUUSD,XAGUSD",0,ok
2026-09-07 01:34:57.825248+00:00,"Scan 2026-09-07 (leder Rune Main): control.json paused=false - fuld koersel. 0 nye signaler (XAUUSD+XAGUSD, 5000 candles hver). Afstemning koert for leder+foelger (7 dage, position_id-gruppering) - 0 nye opdateringer (alle lukkede trades allerede afstemt tidligere). Ingen aabne positioner eller pending ordrer paa nogen af kontiene (bekraeftet via get_all_positions + get_all_pending_orders). Konto-status opdateret begge konti (leder 24976.92, Rune Copy#1 24978.79), 0 aabne positioner begge konti. Ingen account/rename/swap-leader anmodninger. close_all_requested=false.","XAUUSD,XAGUSD",0,ok
2026-09-07 01:47:44.694793+00:00,"Scan 2026-09-07 (leder Rune Main): control.json paused=false - fuld koersel. 0 nye signaler (XAUUSD+XAGUSD, 5000 candles hver). Afstemning koert for leder+foelger (7 dage) - 0 nye opdateringer (alle lukkede trades allerede afstemt tidligere). Ingen aabne positioner eller pending ordrer paa nogen af kontiene. Konto-status opdateret begge konti (leder 24976.92, Rune Copy#1 24978.79), 0 aabne positioner begge konti. Ingen account/rename/swap-leader anmodninger. close_all_requested=false.","XAUUSD,XAGUSD",0,ok
2026-09-07 02:02:43.658933+00:00,"Scan 2026-09-07 (leder Rune Main): control.json paused=false - fuld koersel. 0 nye signaler (XAUUSD+XAGUSD, 5000 candles hver). Afstemning koert for leder+foelger (7 dage, position_id-gruppering) - 0 nye opdateringer (alle lukkede trades allerede afstemt tidligere). Ingen aabne positioner eller pending ordrer paa nogen af kontiene (bekraeftet via get_all_positions + get_all_pending_orders). Konto-status opdateret begge konti (leder 24976.92, Rune Copy#1 24978.79), 0 aabne positioner begge konti. Ingen account/rename/swap-leader anmodninger. close_all_requested=false.","XAUUSD,XAGUSD",0,ok
2026-09-07 02:20:53.292125+00:00,"Scan 2026-09-07 (leder Rune Main): control.json paused=false - fuld koersel. 0 nye signaler (XAUUSD+XAGUSD, 5000 candles hver). Afstemning koert for leder+foelger (7 dage, position_id-gruppering, korrekt order-ticket-matching pr. netted ordre) - 0 nye opdateringer (alle lukkede trades allerede afstemt tidligere). Ingen aabne positioner eller pending ordrer paa nogen af kontiene (bekraeftet via get_all_positions + get_all_pending_orders). Konto-status opdateret begge konti (leder 24976.92, Rune Copy#1 24978.79), 0 aabne positioner begge konti. Ingen account/rename/swap-leader anmodninger. close_all_requested=false.","XAUUSD,XAGUSD",0,ok
2026-09-07 02:32:43.829457+00:00,"Scan 2026-09-07 (leder Rune Main): control.json paused=false - fuld koersel. 0 nye signaler (XAUUSD+XAGUSD, 5000 candles hver). Afstemning koert for leder+foelger (7 dage, position_id-gruppering, korrekt order-ticket-matching pr. netted ordre) - 0 nye opdateringer (alle lukkede trades allerede afstemt tidligere). Ingen aabne positioner eller pending ordrer paa nogen af kontiene (bekraeftet via get_all_positions + get_all_pending_orders). Konto-status opdateret begge konti (leder 24976.92, Rune Copy#1 24978.79), 0 aabne positioner begge konti. Ingen account/rename/swap-leader anmodninger. close_all_requested=false.","XAUUSD,XAGUSD",0,ok
2026-09-07 02:49:16.165046+00:00,"Scan 2026-09-07 (leder Rune Main): control.json paused=false - fuld koersel. 0 nye signaler (XAUUSD+XAGUSD, 5000 candles hver). Afstemning koert for leder+foelger (7 dage, position_id-gruppering, korrekt order-ticket-matching pr. netted ordre) - 0 nye opdateringer (alle lukkede trades allerede afstemt tidligere). Ingen aabne positioner eller pending ordrer paa nogen af kontiene (bekraeftet via get_all_positions + get_all_pending_orders). Konto-status opdateret begge konti (leder 24976.92, Rune Copy#1 24978.79), 0 aabne positioner begge konti. Ingen account/rename/swap-leader anmodninger. close_all_requested=false.","XAUUSD,XAGUSD",0,ok
2026-09-07 03:04:28.006223+00:00,"Scan 2026-09-07 (leder Rune Main): control.json paused=false - fuld koersel. 0 nye signaler (XAUUSD+XAGUSD, 5000 candles hver). Afstemning koert for leder+foelger (7 dage, position_id-gruppering) - 0 nye opdateringer (alle lukkede trades allerede afstemt tidligere). Ingen aabne positioner paa nogen af kontiene (bekraeftet via get_all_positions). Konto-status opdateret begge konti (leder 24976.92, Rune Copy#1 24978.79), 0 aabne positioner begge konti. Ingen account/rename/swap-leader anmodninger. close_all_requested=false.","XAUUSD,XAGUSD",0,ok
2026-09-07 03:18:20.306657+00:00,"Scan 2026-09-07 (leder Rune Main): control.json paused=false - fuld koersel. 0 nye signaler (XAUUSD+XAGUSD, 5000 candles hver). Afstemning koert for leder+foelger (7 dage, position_id-gruppering, korrekt order-ticket-matching) - 0 nye opdateringer (alle lukkede trades allerede afstemt tidligere). Ingen aabne positioner paa nogen af kontiene (bekraeftet via get_all_positions). Konto-status opdateret begge konti (leder 24976.92, Rune Copy#1 24978.79), 0 aabne positioner begge konti. Ingen account/rename/swap-leader anmodninger. close_all_requested=false.","XAUUSD,XAGUSD",0,ok
2026-09-07 03:34:17.007893+00:00,"Scan 2026-09-07 (leder Rune Main): control.json paused=false - fuld koersel. 0 nye signaler (XAUUSD+XAGUSD, 5000 candles hver). Afstemning koert for leder+foelger (7 dage, position_id-gruppering, korrekt netted-profit-summering) - 0 nye opdateringer (alle lukkede trades allerede afstemt tidligere). To pending ordrer fra 2026-09-04 (CRT_TBS XAGUSD ticket 58311977477/58312358143, ORB XAUUSD ticket 58313549233/58313596494) er fortsat uafstemte - ingen aabne positioner eller pending ordrer paa nogen konto, saa disse er udloebet/annulleret uden fill og kan aldrig afstemmes (samme moenster som ticket 11514671). Ingen aabne positioner paa nogen af kontiene (bekraeftet via get_all_positions + get_all_pending_orders). Konto-status opdateret begge konti (leder 24976.92, Rune Copy#1 24978.79), 0 aabne positioner begge konti. Ingen account/rename/swap-leader anmodninger. close_all_requested=false.","XAUUSD,XAGUSD",0,ok
2026-09-07 03:48:34.139795+00:00,"Scan 2026-09-07 (leder Rune Main): control.json paused=false - fuld koersel. 0 nye signaler (XAUUSD+XAGUSD, 5000 candles hver). Afstemning koert for leder+foelger (7 dage, position_id-gruppering, netted-profit pr. opening-order) - 0 nye opdateringer (alle lukkede trades allerede afstemt tidligere). Ingen aabne positioner paa nogen konto. Konto-status opdateret begge konti (leder 24976.92, Rune Copy#1 24978.79). Ingen account/rename/swap-leader anmodninger. close_all_requested=false.","XAUUSD,XAGUSD",0,ok
2026-09-07 04:04:17.575983+00:00,"Scan 2026-09-07 (leder Rune Main): control.json paused=false - fuld koersel. 0 nye signaler (XAUUSD+XAGUSD, 5000 candles hver). Afstemning koert for leder+foelger (7 dage, position_id-gruppering, netted-profit pr. opening-order via reconcile_trades.reconcile) - 0 nye opdateringer (alle lukkede trades allerede afstemt tidligere). Ingen aabne positioner paa nogen konto (bekraeftet via get_all_positions). Konto-status opdateret begge konti (leder 24976.92, Rune Copy#1 24978.79), 0 aabne positioner begge konti. Ingen account/rename/swap-leader anmodninger. close_all_requested=false.","XAUUSD,XAGUSD",0,ok
2026-09-07 04:19:01.297563+00:00,"Scan 2026-09-07 (leder Rune Main): control.json paused=false - fuld koersel. 0 nye signaler (XAUUSD+XAGUSD, 5000 candles hver). Afstemning koert for leder+foelger (7 dage, position_id-gruppering, netted-profit pr. opening-order) - 0 nye opdateringer (alle lukkede trades allerede afstemt tidligere). Ingen aabne positioner paa nogen konto (bekraeftet via get_all_positions). Konto-status opdateret begge konti (leder 24976.92, Rune Copy#1 24978.79), 0 aabne positioner begge konti. Ingen account/rename/swap-leader anmodninger. close_all_requested=false.","XAUUSD,XAGUSD",0,ok
2026-09-07 04:34:39.014298+00:00,"Scan 2026-09-07 (leder Rune Main): control.json paused=false - fuld koersel. 0 nye signaler (XAUUSD+XAGUSD, 5000 candles hver, seneste candle 2026-09-07 07:30 UTC). Afstemning koert for leder+foelger (7 dage, position_id-gruppering, netted-profit pr. opening-order) - 0 nye opdateringer (alle lukkede trades allerede afstemt tidligere). Ingen aabne positioner paa nogen konto (bekraeftet via get_all_positions, begge konti). Konto-status opdateret begge konti (leder 24976.92, Rune Copy#1 24978.79), 0 aabne positioner begge konti. Ingen account/rename/swap-leader anmodninger. close_all_requested=false.","XAUUSD,XAGUSD",0,ok
2026-09-07 04:48:44.427723+00:00,"Scan 2026-09-07 (leder Rune Main): control.json paused=false - fuld koersel. 0 nye signaler (XAUUSD+XAGUSD, 5000 candles hver). Afstemning koert for leder+foelger (7 dage, position_id-gruppering, netted-profit pr. opening-order) - 0 nye opdateringer (alle lukkede trades allerede afstemt tidligere). Ingen aabne positioner paa nogen konto (bekraeftet via get_all_positions). Konto-status opdateret begge konti (leder 24976.92, Rune Copy#1 24978.79), 0 aabne positioner begge konti. Ingen account/rename/swap-leader anmodninger. close_all_requested=false.","XAUUSD,XAGUSD",0,ok
2026-09-07 05:04:15.613097+00:00,"Scan 2026-09-07 08:xx UTC (leder Rune Main): control.json paused=false - fuld koersel. 0 nye signaler (XAUUSD+XAGUSD, 5000 candles hver, seneste candle 2026-09-07 08:00 UTC). Afstemning koert for leder+foelger (7 dage, position_id-gruppering, netted-profit pr. opening-order) - 0 nye opdateringer (alle lukkede trades allerede afstemt tidligere). Ingen aabne positioner paa nogen konto (bekraeftet via get_all_positions). Ingen resterende pending orders (bekraeftet via get_all_pending_orders, begge konti). Konto-status opdateret begge konti (leder 24976.92, Rune Copy#1 24978.79), 0 aabne positioner begge konti. Ingen account/rename/swap-leader anmodninger. close_all_requested=false.","XAUUSD,XAGUSD",0,ok
2026-09-07 05:18:43.266598+00:00,"Scan 2026-09-07 (leder Rune Main): control.json paused=false - fuld koersel. 0 nye signaler (XAUUSD+XAGUSD, 5000 candles hver, seneste candle 2026-09-07 08:15 UTC). Afstemning koert for leder+foelger (position_id-gruppering, netted-profit pr. opening-order) - 0 nye opdateringer (alle lukkede trades allerede afstemt tidligere). Ingen aabne positioner paa nogen konto (bekraeftet via get_all_positions), 0 pending orders begge konti. Konto-status opdateret begge konti (leder 24976.92, Rune Copy#1 24978.79). Ingen account/rename/swap-leader anmodninger. close_all_requested=false.","XAUUSD,XAGUSD",0,ok
2026-09-07 05:32:49.278744+00:00,"Scan 2026-09-07 (leder Rune Main): control.json paused=false - fuld koersel. 0 nye signaler (XAUUSD+XAGUSD, 5000 candles hver, seneste candle 2026-09-07 08:30 UTC). Afstemning koert for leder+foelger (position_id-gruppering, netted-profit pr. opening-order) - 0 nye opdateringer (alle lukkede trades allerede afstemt tidligere). Ingen aabne positioner paa nogen konto (bekraeftet via get_all_positions), 0 pending orders begge konti. Konto-status opdateret begge konti (leder 24976.92, Rune Copy#1 24978.79). Ingen account/rename/swap-leader anmodninger. close_all_requested=false.","XAUUSD,XAGUSD",0,ok
2026-09-07 05:47:31.987543+00:00,"Scan 2026-09-07 (leder Rune Main): control.json paused=false - fuld koersel. 0 nye signaler (XAUUSD+XAGUSD, 5000 candles hver, seneste candle 2026-09-07 08:45 UTC). Afstemning koert for leder+foelger (7 dage, position_id-gruppering, netted-profit pr. opening-order) - 0 nye opdateringer (alle lukkede trades allerede afstemt tidligere). Ingen aabne positioner paa nogen konto (bekraeftet via get_all_positions), 0 pending orders begge konti. Konto-status opdateret begge konti (leder 24976.92, Rune Copy#1 24978.79). Ingen account/rename/swap-leader anmodninger. close_all_requested=false.","XAUUSD,XAGUSD",0,ok
2026-09-07 06:04:23.462094+00:00,"Scan 2026-09-07 (leder Rune Main): control.json paused=false - fuld koersel. 0 nye signaler (XAUUSD+XAGUSD, 5000 candles hver, seneste candle 2026-09-07 09:00 UTC). Afstemning koert for leder+foelger (position_id-gruppering, netted-profit pr. opening-order) - 0 nye opdateringer (alle lukkede trades allerede afstemt tidligere). Ingen aabne positioner paa nogen konto (bekraeftet via get_all_positions), 0 pending orders begge konti. Konto-status opdateret begge konti (leder 24976.92, Rune Copy#1 24978.79). Ingen account/rename/swap-leader anmodninger. close_all_requested=false.","XAUUSD,XAGUSD",0,ok
2026-09-07 06:17:37.123438+00:00,"Scan 2026-09-07 (leder Rune Main): control.json paused=false - fuld koersel. 0 nye signaler (XAUUSD+XAGUSD, 5000 candles hver, seneste candle 2026-09-07 09:15 UTC). Afstemning koert for leder+foelger (position_id-gruppering, netted-profit pr. opening-order) - 0 nye opdateringer (alle lukkede trades allerede afstemt tidligere). Ingen aabne positioner paa nogen konto (bekraeftet via get_all_positions), 0 pending orders begge konti. Konto-status opdateret begge konti (leder 24976.92, Rune Copy#1 24978.79). Ingen account/rename/swap-leader anmodninger. close_all_requested=false.","XAUUSD,XAGUSD",0,ok
2026-09-07 06:33:41.161796+00:00,"Scan 2026-09-07 (leder Rune Main): control.json paused=false - fuld koersel. 0 nye signaler (XAUUSD+XAGUSD, 5000 candles hver, seneste candle 2026-09-07 09:30 UTC). Afstemning koert for leder+foelger (position_id-gruppering, netted-profit pr. opening-order) - 0 nye opdateringer (alle lukkede trades allerede afstemt tidligere). Ingen aabne positioner paa nogen konto, 0 pending orders begge konti. Konto-status opdateret begge konti (leder 24976.92, Rune Copy#1 24978.79). Ingen account/rename/swap-leader anmodninger. close_all_requested=false.","XAUUSD,XAGUSD",0,ok
2026-09-07 06:48:05.148195+00:00,"Scan 2026-09-07 (leder Rune Main): control.json paused=false - fuld koersel. 0 nye signaler (XAUUSD+XAGUSD, 5000 candles hver, seneste candle 2026-09-07 09:45 UTC). Afstemning koert for leder+foelger (position_id-gruppering, netted-profit pr. opening-order) - 0 nye opdateringer (alle lukkede trades allerede afstemt tidligere). Ingen aabne positioner paa nogen konto (bekraeftet via get_all_positions), 0 pending orders begge konti. Konto-status opdateret begge konti (leder 24976.92, Rune Copy#1 24978.79). Ingen account/rename/swap-leader anmodninger. close_all_requested=false.","XAUUSD,XAGUSD",0,ok
2026-09-07 07:03:37.991994+00:00,"Scan 2026-09-07 10:00 UTC (leder Rune Main): control.json paused=false - fuld koersel. 0 nye signaler (XAUUSD+XAGUSD, 5000 candles hver, seneste candle 2026-09-07 10:00 UTC). Afstemning koert for leder+foelger (position_id-gruppering, netted-profit pr. opening-order) - 0 nye opdateringer (alle lukkede trades allerede afstemt tidligere). Ingen aabne positioner paa nogen konto (bekraeftet via get_all_positions), 0 pending orders begge konti. Konto-status opdateret begge konti (leder 24976.92, Rune Copy#1 24978.79). Ingen account/rename/swap-leader anmodninger. close_all_requested=false.","XAUUSD,XAGUSD",0,ok
2026-09-07 07:19:50.383596+00:00,"Scan 2026-09-07 (leder Rune Main): control.json paused=false - fuld koersel. 0 nye signaler (XAUUSD+XAGUSD, 5000 candles hver, seneste candle 2026-09-07 10:15 UTC). Afstemning koert for leder+foelger (position_id-gruppering, netted-profit pr. opening-order) - 0 nye opdateringer (alle lukkede trades allerede afstemt tidligere). Ingen aabne positioner paa nogen konto (bekraeftet via get_all_positions), 0 pending orders begge konti. Konto-status opdateret begge konti (leder 24976.92, Rune Copy#1 24978.79). Ingen account/rename/swap-leader anmodninger. close_all_requested=false.","XAUUSD,XAGUSD",0,ok
2026-09-07 07:32:50.820045+00:00,"Scan 2026-09-07 (leder Rune Main): control.json paused=false - fuld koersel. 0 nye signaler (XAUUSD+XAGUSD, 5000 candles hver, seneste candle 2026-09-07 10:30 UTC). Afstemning koert for leder+foelger (position_id-gruppering, netted-profit pr. opening-order) - 0 nye opdateringer (alle lukkede trades allerede afstemt tidligere). Ingen aabne positioner paa nogen konto (bekraeftet via get_all_positions), 0 pending orders begge konti. Konto-status opdateret begge konti (leder 24976.92, Rune Copy#1 24978.79). Ingen account/rename/swap-leader anmodninger. close_all_requested=false.","XAUUSD,XAGUSD",0,ok
2026-09-07 07:48:24.498561+00:00,"Scan 2026-09-07 (leder Rune Main): control.json paused=false - fuld koersel. 0 nye signaler (XAUUSD+XAGUSD, 5000 candles hver, seneste candle 2026-09-07 10:45 UTC). Afstemning koert for leder+foelger (position_id-gruppering, netted-profit pr. opening-order) - 0 nye opdateringer (alle lukkede trades allerede afstemt tidligere). Ingen aabne positioner paa nogen konto (bekraeftet via get_all_positions), 0 pending orders begge konti (bekraeftet via get_all_pending_orders). Konto-status opdateret begge konti (leder 24976.92, Rune Copy#1 24978.79). Ingen account/rename/swap-leader anmodninger. close_all_requested=false.","XAUUSD,XAGUSD",0,ok
2026-09-07 08:02:34.466862+00:00,"Scan 2026-09-07 (leder Rune Main): control.json paused=false - fuld koersel. 0 nye signaler (XAUUSD+XAGUSD, 5000 candles hver, seneste candle-scan koert). Afstemning koert for leder+foelger (position_id-gruppering, netted-profit pr. opening-order) - 0 nye opdateringer (alle lukkede trades allerede afstemt tidligere). Ingen aabne positioner paa nogen konto (bekraeftet via get_all_positions), 0 pending orders begge konti (bekraeftet via get_all_pending_orders). Konto-status opdateret begge konti (leder 24976.92, Rune Copy#1 24978.79). Ingen account/rename/swap-leader anmodninger. close_all_requested=false.","XAUUSD,XAGUSD",0,ok
2026-09-07 08:18:27.053563+00:00,"Scan 2026-09-07 (leder Rune Main): control.json paused=false - fuld koersel. 0 nye signaler (XAUUSD+XAGUSD, 5000 candles hver). Afstemning koert leder+foelger (position_id-gruppering) - 0 nye opdateringer (alle lukkede trades allerede afstemt tidligere). Ingen aabne positioner paa nogen konto. Konto-status opdateret begge konti (leder 24976.92, Rune Copy#1 24978.79). Ingen account/rename/swap-leader anmodninger. close_all_requested=false.","XAUUSD,XAGUSD",0,ok
2026-09-07 08:33:58.992803+00:00,"Scan 2026-09-07 (leder Rune Main): control.json paused=false - fuld koersel. Ingen account/rename/swap-leader anmodninger. 0 nye signaler (XAUUSD+XAGUSD, 5000 candles hver). Afstemning koert leder+foelger (position_id-gruppering) - 0 nye opdateringer (alle allerede afstemt). Ingen aabne positioner paa nogen konto. Konto-status opdateret begge konti (leder 24976.92, Rune Copy#1 24978.79). close_all_requested=false.","XAUUSD,XAGUSD",0,ok
2026-09-07 08:48:16.795367+00:00,"Scan 2026-09-07 (leder Rune Main): control.json paused=false - fuld koersel. 0 nye signaler (XAUUSD+XAGUSD, 5000 candles hver, seneste candle 2026-09-07 11:45 UTC). Afstemning koert leder+foelger (position_id-gruppering, netted-profit pr. opening-order) - 0 nye opdateringer. Ingen aabne positioner/pending orders paa nogen konto. Konto-status opdateret begge konti (leder 24976.92, Rune Copy#1 24978.79). Ingen account/rename/swap-leader anmodninger. close_all_requested=false.","XAUUSD,XAGUSD",0,ok
2026-09-07 09:03:56.117179+00:00,"Scan 2026-09-07 (leder Rune Main): control.json paused=false - fuld koersel. 0 nye signaler (XAUUSD+XAGUSD, 5000 candles hver). Afstemning koert leder+foelger (position_id-gruppering, netted-profit pr. opening-order) - 0 nye opdateringer (alle lukkede trades allerede afstemt tidligere). Ingen aabne positioner/pending orders paa nogen konto. Konto-status opdateret begge konti (leder 24976.92, Rune Copy#1 24978.79). Ingen account/rename/swap-leader anmodninger. close_all_requested=false.","XAUUSD,XAGUSD",0,ok
2026-09-07 09:19:06.595767+00:00,"Scan 2026-09-07 (leder Rune Main): control.json paused=false - fuld koersel. 0 nye signaler (XAUUSD+XAGUSD, 5000 candles hver). Afstemning koert leder+foelger (position_id-gruppering, netted-profit pr. opening-order) - 0 nye opdateringer. Ingen aabne positioner/pending orders paa nogen konto. Konto-status opdateret begge konti (leder 24976.92, Rune Copy#1 24978.79). Ingen account/rename/swap-leader anmodninger. close_all_requested=false.","XAUUSD,XAGUSD",0,ok
2026-09-07 09:33:27.911184+00:00,"Scan 2026-09-07 (leder Rune Main): control.json paused=false, fuld koersel. Ingen konto/rename/swap-leader anmodninger. Afstemning koert for leder+foelger (7 dages closed deals) - 0 nye opdateringer, alt allerede afstemt. Scan XAUUSD+XAGUSD (5000 M15-candles hver) - 0 nye signaler. Ingen aabne positioner eller pending orders paa nogen konto. Konto-status logget for begge konti (leder 24976.92, Rune Copy#1 24978.79).","XAUUSD,XAGUSD",0,ok
2026-09-07 09:49:00.208226+00:00,"Scan 2026-09-07 (leder Rune Main): control.json paused=false - fuld koersel. Ingen konto/omdoeb/byt-leder-anmodninger. Afstemning koert leder+foelger (7 dages get_deals, netted position_id-gruppering, order-ticket-mapping) - 0 nye opdateringer, alt allerede afstemt. 0 aabne positioner/pending orders paa nogen konto. Scan XAUUSD+XAGUSD (5000 M15-candles hver via leder-feed) - 0 nye signaler. Konto-status logget begge konti (leder 24976.92, Rune Copy#1 24978.79).","XAUUSD,XAGUSD",0,ok
2026-09-07 10:02:54.747474+00:00,"Scan 2026-09-07 (leder Rune Main): control.json paused=false - fuld koersel. 0 nye signaler (XAUUSD+XAGUSD, 5000 candles hver). Afstemning koert leder+foelger (7 dages closed deals, position_id-gruppering) - 0 nye opdateringer, alt allerede afstemt. Ingen aabne positioner/pending orders paa nogen konto. Konto-status opdateret begge konti (leder 24976.92, Rune Copy#1 24978.79). Ingen account/rename/swap-leader anmodninger. close_all_requested=false.","XAUUSD,XAGUSD",0,ok
2026-09-07 10:18:59.123026+00:00,"Scan 2026-09-07 (leder Rune Main): control.json paused=false - fuld koersel. 0 nye signaler (XAUUSD+XAGUSD, 5000 candles hver). Afstemning koert leder+foelger (7 dages closed deals, position_id-gruppering) - 0 nye opdateringer, alt allerede afstemt. Ingen aabne positioner/pending orders paa nogen konto. Konto-status opdateret begge konti (leder 24976.92, Rune Copy#1 24978.79). Ingen account/rename/swap-leader anmodninger. close_all_requested=false.","XAUUSD,XAGUSD",0,ok
2026-09-07 10:33:22.191154+00:00,"Scan 2026-09-07 (leder Rune Main): control.json paused=false - fuld koersel. 0 nye signaler (XAUUSD+XAGUSD, 5000 candles hver). Afstemning koert leder+foelger (7 dages closed deals, position_id-gruppering, netted profit) - 0 nye opdateringer, alt allerede afstemt. Ingen aabne positioner paa nogen konto. Konto-status opdateret begge konti (leder 24976.92, Rune Copy#1 24978.79). Ingen account/rename/swap-leader anmodninger. close_all_requested=false.","XAUUSD,XAGUSD",0,ok
2026-09-07 10:48:49.636631+00:00,"Scan 2026-09-07 (leder Rune Main): control.json paused=false - fuld koersel. 0 nye signaler (XAUUSD+XAGUSD, 5000 candles hver). Afstemning koert leder+foelger (7 dages closed deals, position_id-gruppering) - 0 nye opdateringer, alt allerede afstemt. Ingen aabne positioner paa nogen konto. Konto-status opdateret begge konti (leder 24976.92, Rune Copy#1 24978.79). Ingen account/rename/swap-leader anmodninger. close_all_requested=false.","XAUUSD,XAGUSD",0,ok
2026-09-07 11:05:13.419234+00:00,"Scan 2026-09-07 (leder Rune Main): control.json paused=false - fuld koersel. 0 nye signaler (XAUUSD+XAGUSD, 5000 candles hver). Afstemning koert leder+foelger (7 dages closed deals, position_id-gruppering, netted profit paa tvaers af add-on ordrer) - 0 nye opdateringer, alt allerede afstemt. Ingen aabne positioner eller pending ordrer paa nogen konto (de to tidligere pending ordrer fra 04-09 er vaek uden matchende deal - udloebet/annulleret). Konto-status opdateret begge konti (leder 24976.92, Rune Copy#1 24978.79). Ingen account/rename/swap-leader anmodninger. close_all_requested=false.","XAUUSD,XAGUSD",0,ok
2026-09-07 11:18:36.679914+00:00,"Scan 2026-09-07 (leder Rune Main): control.json paused=false - fuld koersel. Ingen konto/omdoeb/swap-leder-anmodninger. Afstemning koert leder+foelger (7 dages closed deals, position_id-gruppering) - 0 nye opdateringer, alt allerede afstemt. 0 nye signaler (XAUUSD+XAGUSD, 5000 candles hver). Ingen aabne positioner paa nogen konto. Konto-status opdateret begge konti (leder 24976.92, foelger Rune Copy#1 24978.79).","XAUUSD,XAGUSD",0,ok
2026-09-07 11:34:16.597206+00:00,"Scan 2026-09-07 (leder Rune Main): control.json paused=false - fuld koersel. 0 nye signaler (XAUUSD+XAGUSD, 5000 candles hver). Afstemning koert leder+foelger (7 dages closed deals, position_id-gruppering, netted profit) - 0 nye opdateringer, alt allerede afstemt. Ingen aabne positioner paa nogen konto. Konto-status opdateret begge konti (leder 24976.92, Rune Copy#1 24978.79). Ingen account/rename/swap-leader anmodninger. close_all_requested=false.","XAUUSD,XAGUSD",0,ok
2026-09-07 11:47:31.332704+00:00,"Scan 2026-09-07 (leder Rune Main): control.json paused=false - fuld koersel. 0 nye signaler (XAUUSD+XAGUSD, 5000 candles hver). Afstemning koert leder+foelger (7 dages closed deals) - 0 nye opdateringer, alt allerede afstemt. Ingen aabne positioner paa nogen konto. Konto-status opdateret begge konti (leder 24976.92, Rune Copy#1 24978.79). Ingen account/rename/swap-leader anmodninger. close_all_requested=false.","XAUUSD,XAGUSD",0,ok
2026-09-07 12:03:04.853565+00:00,"Scan 2026-09-07 (leder Rune Main): control.json paused=false - fuld koersel. 0 nye signaler (XAUUSD+XAGUSD, 5000 candles hver). Afstemning koert leder+foelger (7 dages closed deals, position_id-gruppering) - 0 nye opdateringer, alt allerede afstemt. Ingen aabne positioner paa nogen konto. Konto-status opdateret begge konti (leder 24976.92, Rune Copy#1 24978.79). Ingen account/rename/swap-leader anmodninger. close_all_requested=false.","XAUUSD,XAGUSD",0,ok
2026-09-07 12:18:33.955678+00:00,"Scan 2026-09-07 (leder Rune Main): control.json paused=false - fuld koersel. 0 nye signaler (XAUUSD+XAGUSD, 5000 candles hver). Afstemning koert leder+foelger (7 dages closed deals, position_id-gruppering) - 0 nye opdateringer, alt allerede afstemt. Ingen aabne positioner paa nogen konto. Konto-status opdateret begge konti (leder 24976.92, Rune Copy#1 24978.79). Ingen account/rename/swap-leader anmodninger. close_all_requested=false.","XAUUSD,XAGUSD",0,ok
2026-09-07 12:34:31.865121+00:00,"Scan 2026-09-07 (leder Rune Main): control.json paused=false - fuld koersel. 0 nye signaler (XAUUSD+XAGUSD, 5000 candles hver). Afstemning koert leder+foelger (7 dages closed deals, position_id-gruppering, netted profit) - 0 nye opdateringer, alt allerede afstemt fra tidligere koersler. Ingen aabne positioner paa nogen konto. Konto-status opdateret begge konti (leder 24976.92, Rune Copy#1 24978.79). Ingen account/rename/swap-leader anmodninger. close_all_requested=false.","XAUUSD,XAGUSD",0,ok
2026-09-07 12:48:58.670633+00:00,"Scan 2026-09-07 (leder Rune Main): control.json paused=false - fuld koersel. 0 nye signaler (XAUUSD+XAGUSD, 5000 candles hver). Afstemning koert leder+foelger (7 dages closed deals, position_id-gruppering, netted profit) - 0 nye opdateringer, alt allerede afstemt fra tidligere koersler. Ingen aabne positioner paa nogen konto. Konto-status opdateret begge konti (leder 24976.92, Rune Copy#1 24978.79). Ingen account/rename/swap-leader anmodninger. close_all_requested=false.","XAUUSD,XAGUSD",0,ok
2026-09-07 13:03:46.108722+00:00,"Scan 2026-09-07 (leder Rune Main): control.json paused=false - fuld koersel. 0 nye signaler (XAUUSD+XAGUSD, 5000 candles hver). Afstemning koert leder+foelger (7 dages closed deals, position_id-gruppering, netted profit) - 0 nye opdateringer, alt allerede afstemt fra tidligere koersler. Ingen aabne positioner paa nogen konto. Konto-status opdateret begge konti (leder 24976.92, Rune Copy#1 24978.79). Ingen account/rename/swap-leader anmodninger. close_all_requested=false.","XAUUSD,XAGUSD",0,ok
2026-09-07 13:18:10.714976+00:00,"Scan 2026-09-07 (leder Rune Main): control.json paused=false - fuld koersel. 0 nye signaler (XAUUSD+XAGUSD, 5000 candles hver). Afstemning koert leder+foelger (7 dages closed deals, position_id-gruppering) - 0 nye opdateringer, alt allerede afstemt. Ingen aabne positioner paa nogen konto. Konto-status opdateret begge konti (leder 24976.92, Rune Copy#1 24978.79). Ingen account/rename/swap-leader anmodninger. close_all_requested=false.","XAUUSD,XAGUSD",0,ok
2026-09-07 13:33:37.049852+00:00,"Scan 2026-09-07 (leder Rune Main): control.json paused=false - fuld koersel. 0 nye signaler (XAUUSD+XAGUSD, 5000 candles hver). Afstemning koert leder+foelger (deals 2026-08-31->2026-09-07, position_id-gruppering, netted profit) - 0 nye opdateringer, alt allerede afstemt fra tidligere koersler. Ingen aabne positioner paa nogen konto. Konto-status opdateret begge konti (leder 24976.92, Rune Copy#1 24978.79). Ingen account/rename/swap-leader anmodninger. close_all_requested=false.","XAUUSD,XAGUSD",0,ok
2026-09-07 13:49:56.224094+00:00,"Scan 2026-09-07 (leder Rune Main): control.json paused=false - fuld koersel. 0 nye signaler (XAUUSD+XAGUSD, 5000 candles hver). Afstemning koert leder+foelger (deals 2026-08-31->2026-09-07, position_id-gruppering, netted profit) - 0 nye opdateringer, alt allerede afstemt fra tidligere koersler. Ingen aabne positioner paa nogen konto. Konto-status opdateret begge konti (leder 24976.92, Rune Copy#1 24978.79). Ingen account/rename/swap-leader anmodninger. close_all_requested=false.","XAUUSD,XAGUSD",0,ok
2026-09-07 14:03:53.932682+00:00,"Scan 2026-09-07 (leder Rune Main): control.json paused=false - fuld koersel. 0 nye signaler (XAUUSD+XAGUSD, 5000 candles hver). Afstemning koert leder+foelger (deals 2026-08-31->2026-09-07, position_id-gruppering, netted profit) - 0 nye opdateringer, alt allerede afstemt fra tidligere koersler. Ingen aabne positioner paa nogen konto. Konto-status opdateret begge konti (leder 24976.92, Rune Copy#1 24978.79). Ingen account/rename/swap-leader anmodninger. close_all_requested=false.","XAUUSD,XAGUSD",0,ok
2026-09-07 14:18:53.643571+00:00,"Scan 2026-09-07 (leder Rune Main): control.json paused=false - fuld koersel. 0 nye signaler (XAUUSD+XAGUSD, 5000 candles hver). Afstemning koert leder+foelger (deals 2026-08-31->2026-09-07, position_id-gruppering, netted profit) - 0 nye opdateringer, alt allerede afstemt fra tidligere koersler. Ingen aabne positioner paa nogen konto. Konto-status opdateret begge konti (leder 24976.92, Rune Copy#1 24978.79). Ingen account/rename/swap-leader anmodninger. close_all_requested=false.","XAUUSD,XAGUSD",0,ok
2026-09-07 14:34:08.125169+00:00,"Scan 2026-09-07 (leder Rune Main): control.json paused=false - fuld koersel. 0 nye signaler (XAUUSD+XAGUSD, 5000 candles hver). Afstemning koert leder+foelger (deals 2026-08-31->2026-09-07, position_id-gruppering, netted profit) - 0 nye opdateringer, alt allerede afstemt fra tidligere koersler. Ingen aabne positioner paa nogen konto. Konto-status opdateret begge konti (leder 24976.92, Rune Copy#1 24978.79). Ingen account/rename/swap-leader anmodninger. close_all_requested=false.","XAUUSD,XAGUSD",0,ok
2026-09-07 14:48:11.023343+00:00,"Scan 2026-09-07 (leder Rune Main): control.json paused=false - fuld koersel. 0 nye signaler (XAUUSD+XAGUSD, 5000 candles hver). Afstemning koert leder+foelger (deals 2026-08-31->2026-09-07, ticket-baseret) - 0 nye opdateringer, alt allerede afstemt. Ingen aabne positioner paa nogen konto. Konto-status opdateret begge konti (leder 24976.92, Rune Copy#1 24978.79). Ingen account/rename/swap-leader anmodninger. close_all_requested=false.","XAUUSD,XAGUSD",0,ok
2026-09-07 15:04:11.514367+00:00,"Scan 2026-09-07 (leder Rune Main): control.json paused=false - fuld koersel. 0 nye signaler (XAUUSD+XAGUSD, 5000 candles hver). Afstemning koert leder+foelger (deals 2026-08-31->2026-09-07, position-baseret, netted profit) - 0 nye opdateringer, alt allerede afstemt fra tidligere koersler. Ingen aabne positioner paa nogen konto. Konto-status opdateret begge konti (leder 24976.92, Rune Copy#1 24978.79). Ingen account/rename/swap-leader anmodninger. close_all_requested=false.","XAUUSD,XAGUSD",0,ok
2026-09-07 15:17:30.479492+00:00,"Scan 2026-09-07 (leder Rune Main): control.json paused=false - fuld koersel. Ingen konto/omdoeb/byt-leder-anmodninger. 0 nye signaler (XAUUSD+XAGUSD, 5000 candles hver). Afstemning koert leder+foelger (deals 2026-08-31->2026-09-07, position_id-gruppering, netted profit) - 0 nye opdateringer, alt allerede afstemt fra tidligere koersler. Ingen aabne positioner paa nogen konto. Konto-status opdateret begge konti (leder 24976.92, Rune Copy#1 24978.79). close_all_requested=false.","XAUUSD,XAGUSD",0,ok
2026-09-07 15:34:02.765962+00:00,"Scan 2026-09-07 (leder Rune Main): control.json paused=false - fuld koersel. Ingen konto/omdoeb/byt-leder-anmodninger. 0 nye signaler (XAUUSD+XAGUSD, 5000 candles hver). Afstemning koert leder+foelger (deals 2026-08-31->2026-09-07, position_id-gruppering, netted profit) - 0 nye opdateringer, alt allerede afstemt fra tidligere koersler. Ingen aabne positioner paa nogen konto. Konto-status opdateret begge konti (leder 24976.92, Rune Copy#1 24978.79). close_all_requested=false.","XAUUSD,XAGUSD",0,ok
2026-09-07 15:50:25.835643+00:00,"Scan 2026-09-07 (leder Rune Main): control.json paused=false - fuld koersel. Ingen konto/omdoeb/byt-leder-anmodninger. 0 nye signaler (XAUUSD+XAGUSD, 5000 candles hver). Afstemning koert leder+foelger (deals 2026-08-31->2026-09-07, position_id-gruppering, netted profit) - 0 nye opdateringer, alt allerede afstemt fra tidligere koersler. Ingen aabne positioner paa nogen konto. Konto-status opdateret begge konti (leder 24976.92, Rune Copy#1 24978.79). close_all_requested=false.","XAUUSD,XAGUSD",0,ok
2026-09-07 16:04:04.720614+00:00,"Scan 2026-09-07 (leder Rune Main): control.json paused=false - fuld koersel. Ingen konto/omdoeb/byt-leder-anmodninger. 0 nye signaler (XAUUSD+XAGUSD, 5000 candles hver). Afstemning koert leder+foelger (deals 2026-08-31->2026-09-07, position_id-gruppering, netted profit) - 0 nye opdateringer, alt allerede afstemt fra tidligere koersler. Ingen aabne positioner paa nogen konto. Konto-status opdateret begge konti (leder 24976.92, Rune Copy#1 24978.79). close_all_requested=false.","XAUUSD,XAGUSD",0,ok
2026-09-07 16:19:36.988939+00:00,"Scan 2026-09-07 (leder Rune Main): control.json paused=false - fuld koersel. Ingen konto/omdoeb/byt-leder-anmodninger. 0 nye signaler (XAUUSD+XAGUSD, 5000 candles hver). Afstemning koert leder+foelger (deals 2026-08-31->2026-09-07, position_id-gruppering, netted profit) - 0 nye opdateringer, alt allerede afstemt fra tidligere koersler. Ingen aabne positioner paa nogen konto. Konto-status opdateret begge konti (leder 24976.92, Rune Copy#1 24978.79). close_all_requested=false.","XAUUSD,XAGUSD",0,ok
2026-09-07 16:34:26.399368+00:00,"Scan 2026-09-07 (leder Rune Main): control.json paused=false - fuld koersel. Ingen konto/omdoeb/byt-leder-anmodninger. 0 nye signaler (XAUUSD+XAGUSD, 5000 candles hver). Afstemning koert leder+foelger (deals 2026-08-31->2026-09-07, position_id-gruppering, netted profit) - 0 nye opdateringer, alt allerede afstemt fra tidligere koersler. Ingen aabne positioner paa nogen konto, ingen ventende ordrer. To gamle pending-ordrer fra 2026-09-04 (leder ticket 58311977477 CRT_TBS XAGUSD, 58313549233 ORB XAUUSD) fremgaar hverken af aktuel pending-liste eller handelshistorik - udloebet uden at blive udfyldt, forbliver som staaende 'ORDRE PLACERET' raekker i loggen. Konto-status opdateret begge konti (leder 24976.92, Rune Copy#1 24978.79). close_all_requested=false.","XAUUSD,XAGUSD",0,ok
2026-09-07 17:04:58.641623+00:00,"Scan 2026-09-07 (leder Rune Main): control.json paused=false - fuld koersel. Ingen konto/omdoeb/byt-leder-anmodninger. 0 nye signaler (XAUUSD+XAGUSD, 5000 candles hver). Afstemning koert leder+foelger (deals 2026-08-31->2026-09-07, order-ticket-matching mod mt5_ticket) - 0 nye opdateringer, alt allerede afstemt fra tidligere koersler. Ingen aabne positioner paa nogen konto, ingen ventende ordrer. To gamle pending-ordrer fra 2026-09-04 (leder ticket 58311977477 CRT_TBS XAGUSD, 58313549233 ORB XAUUSD) fremgaar hverken af aktuel pending-liste eller handelshistorik - udloebet uden at blive udfyldt. Konto-status opdateret begge konti (leder 24976.92, Rune Copy#1 24978.79). close_all_requested=false.","XAUUSD,XAGUSD",0,ok
2026-09-07 17:18:13.771643+00:00,"Scan 2026-09-07 (leder Rune Main): control.json paused=false - fuld koersel. Ingen konto/omdoeb/byt-leder-anmodninger. 0 nye signaler (XAUUSD+XAGUSD, 5000 candles hver). Afstemning koert leder+foelger separat (deals 2026-08-31->2026-09-07, position_id-gruppering, netted profit fordelt paa alle netted ordrer) - 0 nye opdateringer, alt allerede afstemt fra tidligere koersler. Ingen aabne positioner paa nogen konto, ingen ventende ordrer (begge konti). Konto-status opdateret begge konti (leder 24976.92, Rune Copy#1 24978.79). close_all_requested=false.","XAUUSD,XAGUSD",0,ok
2026-09-07 17:33:44.752598+00:00,"Scan 2026-09-07 (leder Rune Main): control.json paused=false - fuld koersel. Ingen konto/omdoeb/byt-leder-anmodninger. 0 nye signaler (XAUUSD+XAGUSD, 5000 candles hver). Afstemning koert leder+foelger separat (deals 2026-08-31->2026-09-07, position_id-gruppering, netted profit) - 0 nye opdateringer, alt allerede afstemt fra tidligere koersler. Ingen aabne positioner paa nogen konto. Konto-status opdateret begge konti (leder 24976.92, Rune Copy#1 24978.79). close_all_requested=false.","XAUUSD,XAGUSD",0,ok
2026-09-07 17:50:41.627898+00:00,"Scan 2026-09-07 (leder Rune Main): control.json paused=false - fuld koersel. Ingen konto/omdoeb/byt-leder-anmodninger. 0 nye signaler (XAUUSD+XAGUSD, 5000 candles hver). Afstemning koert leder+foelger separat (deals 2026-08-31->2026-09-07, position_id-gruppering, netted profit fordelt paa alle netted ordrer) - 0 nye opdateringer, alt allerede afstemt fra tidligere koersler. Ingen aabne positioner paa nogen konto. Konto-status opdateret begge konti (leder 24976.92, Rune Copy#1 24978.79). close_all_requested=false.","XAUUSD,XAGUSD",0,ok
2026-09-07 18:03:50.124305+00:00,"Scan 2026-09-07 (leder Rune Main): control.json paused=false - fuld koersel. Ingen konto/omdoeb/byt-leder-anmodninger. 0 nye signaler (XAUUSD+XAGUSD, 5000 candles hver). Afstemning koert leder+foelger separat (deals 2026-08-31->2026-09-07, position_id-gruppering, netted profit fordelt paa alle netted ordrer) - 0 nye opdateringer, alt allerede afstemt fra tidligere koersler. Ingen aabne positioner paa nogen konto. Konto-status opdateret begge konti (leder 24976.92, Rune Copy#1 24978.79). close_all_requested=false.","XAUUSD,XAGUSD",0,ok
2026-09-07 18:18:49.884838+00:00,"Scan 2026-09-07 (leder Rune Main): control.json paused=false - fuld koersel. Ingen konto/omdoeb/byt-leder-anmodninger. 0 nye signaler (XAUUSD+XAGUSD, 5000 candles hver). Afstemning koert leder+foelger separat (deals 2026-08-31->2026-09-07, position_id-gruppering, netted profit fordelt paa alle netted ordrer) - 0 nye opdateringer, alt allerede afstemt fra tidligere koersler. Ingen aabne positioner paa nogen konto, ingen ventende ordrer (begge konti). Konto-status opdateret begge konti (leder 24976.92, Rune Copy#1 24978.79). close_all_requested=false.","XAUUSD,XAGUSD",0,ok
2026-09-07 18:31:46.004766+00:00,"Scan 2026-09-07 (leder Rune Main): control.json paused=false - fuld koersel. Ingen konto/omdoeb/byt-leder-anmodninger. 0 nye signaler (XAUUSD+XAGUSD, 5000 candles hver). Afstemning koert leder+foelger separat (deals 2026-08-31->2026-09-07, position_id-gruppering, netted profit fordelt paa alle netted ordrer) - 0 nye opdateringer, alt allerede afstemt fra tidligere koersler. Ingen aabne positioner paa nogen konto, ingen ventende ordrer (begge konti). Konto-status opdateret begge konti (leder 24976.92, Rune Copy#1 24978.79). close_all_requested=false.","XAUUSD,XAGUSD",0,ok
2026-09-07 18:47:29.677952+00:00,"Scan 2026-09-07 (leder Rune Main): control.json paused=false - fuld koersel. Ingen konto/omdoeb/byt-leder-anmodninger. 0 nye signaler (XAUUSD+XAGUSD, 5000 candles hver). Afstemning koert leder+foelger separat (deals 2026-08-31->2026-09-07, position_id-gruppering, netted profit fordelt paa alle netted ordrer) - 0 nye opdateringer, alt allerede afstemt fra tidligere koersler. Ingen aabne positioner paa nogen konto, ingen ventende ordrer (begge konti). Konto-status opdateret begge konti (leder 24976.92, Rune Copy#1 24978.79). close_all_requested=false.","XAUUSD,XAGUSD",0,ok
2026-09-07 19:03:31.840995+00:00,"Scan 2026-09-07 (leder Rune Main): control.json paused=false - fuld koersel. Ingen konto/omdoeb/byt-leder-anmodninger. 0 nye signaler (XAUUSD+XAGUSD, 5000 candles hver). Afstemning koert leder+foelger separat (deals 2026-08-31->2026-09-07, position_id-gruppering, netted profit fordelt paa alle netted ordrer) - 0 nye opdateringer, alt allerede afstemt fra tidligere koersler. Ingen aabne positioner paa nogen konto, ingen ventende ordrer (begge konti). Konto-status opdateret begge konti (leder 24976.92, Rune Copy#1 24978.79). close_all_requested=false.","XAUUSD,XAGUSD",0,ok
2026-09-07 19:19:24.016781+00:00,"Ingen konto/omdoeb/byt-leder-anmodninger. Kontrol: paused=false, close_all_requested=false - fuld koersel. Afstemning koert leder+foelger separat (deals 2026-08-31->2026-09-07, position_id-gruppering, netted profit fordelt paa alle netted ordrer) - 0 nye opdateringer, alt allerede afstemt fra tidligere koersler. Scan: 5000 M15-candles XAUUSD+XAGUSD, 0 nye signaler. Ingen aabne positioner eller ventende ordrer paa nogen konto. Konto-status opdateret begge konti (leder 24976.92, Rune Copy#1 24978.79).","XAUUSD,XAGUSD",0,ok
2026-09-07 19:33:50.938315+00:00,"Scan 2026-09-07 (leder Rune Main): control.json paused=false - fuld koersel. Ingen konto/omdoeb/byt-leder-anmodninger. 0 nye signaler (XAUUSD+XAGUSD, 5000 candles hver). Afstemning koert leder+foelger separat (deals 2026-08-31->2026-09-07, position_id-gruppering, netted profit fordelt paa alle netted ordrer) - 0 nye opdateringer, alt allerede afstemt fra tidligere koersler. Ingen aabne positioner paa nogen konto, ingen ventende ordrer (begge konti). Konto-status opdateret begge konti (leder 24976.92, Rune Copy#1 24978.79). close_all_requested=false.","XAUUSD,XAGUSD",0,ok
2026-09-07 19:49:25.219738+00:00,"Scan 2026-09-07 (leder Rune Main): control.json paused=false - fuld koersel. Ingen konto/omdoeb/byt-leder-anmodninger. 0 nye signaler (XAUUSD+XAGUSD, 5000 candles hver). Afstemning koert leder+foelger separat (deals 2026-08-31->2026-09-07, position_id-gruppering, netted profit fordelt paa alle netted ordrer) - 0 nye opdateringer, alt allerede afstemt fra tidligere koersler. Ingen aabne positioner paa nogen konto, ingen ventende ordrer (begge konti). Konto-status opdateret begge konti (leder 24976.92, Rune Copy#1 24978.79). close_all_requested=false.","XAUUSD,XAGUSD",0,ok
2026-09-07 20:02:57.421659+00:00,"Scan 2026-09-07 (leder Rune Main): control.json paused=false - fuld koersel. Ingen konto/omdoeb/byt-leder-anmodninger. 0 nye signaler (XAUUSD+XAGUSD, 5000 candles hver). Afstemning koert leder+foelger separat (deals 2026-08-31->2026-09-07, position_id-gruppering, netted profit fordelt paa alle netted ordrer) - 0 nye opdateringer, alt allerede afstemt fra tidligere koersler. Ingen aabne positioner paa nogen konto, ingen ventende ordrer (begge konti). Konto-status opdateret begge konti (leder 24976.92, Rune Copy#1 24978.79). close_all_requested=false.","XAUUSD,XAGUSD",0,ok
2026-09-07 20:18:13.188940+00:00,"Scan 2026-09-07 (leder Rune Main): control.json paused=false - fuld koersel. Ingen konto/omdoeb/byt-leder-anmodninger. 0 nye signaler (XAUUSD+XAGUSD, 5000 candles hver). Afstemning koert leder+foelger separat (deals 2026-08-31->2026-09-07, position_id-gruppering, netted profit fordelt paa alle netted ordrer) - 0 nye opdateringer, alt allerede afstemt fra tidligere koersler. Ingen aabne positioner paa nogen konto, ingen ventende ordrer synlige i positions-tjek (2 pending stop-ordrer fra 09-04 fortsat afventer trigger). Konto-status opdateret begge konti (leder 24976.92, Rune Copy#1 24978.79). close_all_requested=false.","XAUUSD,XAGUSD",0,ok
2026-09-07 20:34:12.451743+00:00,"Scan 2026-09-07 (leder Rune Main): control.json paused=false - fuld koersel. Ingen konto/omdoeb/byt-leder-anmodninger. 0 nye signaler (XAUUSD+XAGUSD, 5000 candles hver). Afstemning koert leder+foelger separat (deals 2026-08-31->2026-09-07, position_id-gruppering, netted profit fordelt paa alle netted ordrer) - 0 nye opdateringer, alt allerede afstemt fra tidligere koersler. Ingen aabne positioner paa nogen konto, ingen ventende ordrer synlige i positions-tjek (2 pending stop-ordrer fra 09-04 fortsat afventer trigger paa hver konto). Konto-status opdateret begge konti (leder 24976.92, Rune Copy#1 24978.79). close_all_requested=false.","XAUUSD,XAGUSD",0,ok
2026-09-07 20:50:26.008567+00:00,"Scan 2026-09-07 (leder Rune Main): control.json paused=false - fuld koersel. Ingen konto/omdoeb/byt-leder-anmodninger. 0 nye signaler (XAUUSD+XAGUSD, 5000 candles hver). Afstemning koert leder+foelger separat (deals 2026-08-31->2026-09-07, position_id-gruppering, netted profit fordelt paa alle netted ordrer) - 0 nye opdateringer, alt allerede afstemt fra tidligere koersler. Ingen aabne positioner paa nogen konto. Konto-status opdateret begge konti (leder 24976.92, Rune Copy#1 24978.79). close_all_requested=false.","XAUUSD,XAGUSD",0,ok
2026-09-13 19:41:19.641883+00:00,"Scan 2026-09-13 (leder Rune Main): control.json paused=false - fuld koersel. Ingen konto/omdoeb/byt-leder-anmodninger. Afstemning: 0 deals leder+foelger seneste 7 dage (2026-09-06->2026-09-13), intet at afstemme. Candle-hentning: get_candles_latest fejlede konsekvent ved count=5000 (Failed to retrieve candle data), men lykkedes ved 4500 - brugt 4500 candles XAUUSD+XAGUSD i stedet. Markedsdata frosset fredag 2026-09-11 22:59:59 UTC (weekend, marked lukket). 6 nye signaler fundet (XAUUSD: ORB long lot=0 sprunget over, Powell long+short; XAGUSD: CRT_TBS short, ORB long lot=0 sprunget over, Powell long). Eksekvering: 4 handelbare signaler forsoegt som pending stop-ordrer med SL/TP direkte i kaldet. LEDER: alle 4 FEJLEDE - AutoTrading disabled by client (retcode 10027), kraever manuel aktivering af AutoTrading-knappen i leder-terminalen. FOELGER (Rune Copy#1): alle 4 FEJLEDE - Market closed (retcode 10018), egen lot beregnet ud fra egen saldo. Ingen ordrer faktisk placeret nogen steder. forward_test_log.csv og multi_account_log.csv opdateret med reelt udfald for alle 6 signaler paa begge konti. Ingen aabne positioner paa nogen konto. Konto-status opdateret begge konti (leder 24976.92, Rune Copy#1 24978.79). close_all_requested=false.","XAUUSD,XAGUSD",6,warning
2026-09-14 13:22:10.830081+00:00,"MCP-fejl: baade metatrader og metatrader_2 MCP-serverne timede ud ved forbindelse (30000ms) i denne session, selvom claude mcp list rapporterer dem forbundet uden for sessionen. Kunne derfor ikke: hente lukket handelshistorik (trin 3), hente candles/koere scan (trin 4), eksekvere nye signaler (trin 5), eller hente konto-status (trin 6) for hverken leder (Rune Main) eller foelger (Rune Copy#1). Trin 0,1,1b,1c,2 gennemfoert: ingen konto/omdoeb/byt-leder-anmodninger fundet, control.json laest (paused=false, close_all_requested=false, saa fuld koersel var tilsigtet men blokeret af MCP-fejlen).","XAUUSD,XAGUSD",0,error
2026-09-14 13:44:47.787260+00:00,"Scan 2026-09-14 15:43 (leder Rune Main): control.json paused=false - fuld koersel tilsigtet, men blokeret. Ingen konto/omdoeb/byt-leder-anmodninger (trin 1,1b,1c gennemfoert, ingen filer fundet). Baade metatrader (leder, login 5055310793) og metatrader_2 (foelger Rune Copy#1, login 5055338800) MCP-serverne timede ud ved forbindelse (30000ms) ved sessionsstart igen, ca. 17 min efter forrige fejlede forsoeg (commit 5927c17 kl. 15:26). Derfor ikke udfoert: afstemning af lukkede trades (trin 3), candle-hentning/scan (trin 4), eksekvering af nye signaler (trin 5), konto-status-logning (trin 6) for hverken leder eller foelger. Kraever formentlig sessionsgenstart for at MCP-forbindelserne kan genoprettes.","XAUUSD,XAGUSD",0,error
2026-09-14 14:09:39.478846+00:00,"Scan 2026-09-14 (leder Rune Main): control.json paused=false, close_all_requested=false - fuld koersel tilsigtet, men blokeret igen. Ingen konto/omdoeb/byt-leder-anmodninger (ingen request-filer fundet). Baade metatrader (leder, login 5055310793) og metatrader_2 (foelger Rune Copy#1, login 5055338800) MCP-serverne fejlede med CONNECT_TIMEOUT (30000ms) allerede ved sessionsstart, foer noget forsoeg paa at bruge dem. Trin 3 (afstemning), 4 (scan), 5 (eksekvering) og 6 (konto-status) kunne derfor ikke udfoeres for hverken leder eller foelger. Dette er tredje paafoelgende koersel ramt af samme MCP-sessionstimeout-problem.","XAUUSD,XAGUSD",0,error
2026-09-14 14:21:19.542695+00:00,"Scan 2026-09-14 (leder Rune Main): control.json paused=false - fuld koersel tilsigtet, men blokeret igen (3. forsoeg i dag). Ingen konto/omdoeb/byt-leder-anmodninger fundet i repo. Baade metatrader (leder, login 5055310793) og metatrader_2 (foelger Rune Copy#1, login 5055338800) MCP-serverne timede ud ved forbindelse (30000ms) ved sessionsstart. Derfor ikke udfoert: afstemning (trin 3), scan (trin 4), eksekvering (trin 5), konto-status-logning (trin 6) for hverken leder eller foelger.","XAUUSD,XAGUSD",0,error
2026-09-14 14:34:02.375774+00:00,"Scan 2026-09-14 (leder Rune Main): control.json paused=false - fuld koersel tilsigtet, men blokeret igen (4. forsoeg i dag). Ingen konto/omdoeb/byt-leder-anmodninger fundet. Baade metatrader (leder) og metatrader_2 (foelger) MCP-serverne timede ud ved forbindelse (30000ms). Trin 3-6 (afstemning, scan, eksekvering, konto-status) ikke udfoert for nogen konto pga. manglende MT5-forbindelse. control.json tjekket: paused=false, close_all_requested=false.","XAUUSD,XAGUSD",0,error
2026-09-14 14:52:56.576218+00:00,"Scan 2026-09-14 (leder Rune Main): control.json paused=false - fuld koersel tilsigtet, men blokeret igen (5. forsoeg i dag). Ingen konto/omdoeb/byt-leder-anmodninger (account_request.json/rename_request.json/swap_leader_request.json findes ikke). close_all_requested=false, saa intet at lukke. Baade metatrader (leder) og metatrader_2 (foelger) MCP-serverne timede ud ved forbindelse (30000ms) ved sessionsstart. Trin 3-6 (afstemning, scan, eksekvering, konto-status) ikke udfoert for nogen konto.","XAUUSD,XAGUSD",0,error
2026-09-14 15:06:44.133922+00:00,"Scan 2026-09-14 (leder Rune Main): control.json paused=false - fuld koersel tilsigtet, men blokeret igen (6. forsoeg i dag). Ingen konto/omdoeb/byt-leder-anmodninger fundet. Baade metatrader (leder) og metatrader_2 (foelger) MCP-serverne timede ud ved forbindelse (30000ms) allerede ved session-start. Trin 3-6 (afstemning, scan, eksekvering, konto-status) ikke udfoert for nogen konto pga. manglende MT5-forbindelse. Aktivitetslog og dashboard opdateret med status=error.","XAUUSD,XAGUSD",0,error
2026-09-14 15:23:12.246495+00:00,"Scan 2026-09-14 (leder Rune Main): control.json paused=false - fuld koersel tilsigtet, men blokeret igen (7. forsoeg i dag). Ingen konto/omdoeb/byt-leder-anmodninger fundet. Baade metatrader (leder) og metatrader_2 (foelger) MCP-serverne timede ud ved forbindelse (30000ms) allerede ved session-start, og ingen MT5-relaterede tools kunne indlaeses via ToolSearch. Trin 3 (afstem), 4 (scan), 5 (eksekvering) og 6 (konto-status) sprunget over for alle konti - kraever MCP session-genstart.","XAUUSD,XAGUSD",0,error
2026-09-14 15:36:58.299718+00:00,"Scan 2026-09-14 (leder Rune Main): control.json paused=false - fuld koersel tilsigtet, men blokeret igen (8. forsoeg i dag). Ingen konto/omdoeb/byt-leder-anmodninger fundet. Baade metatrader (leder) og metatrader_2 (foelger) MCP-serverne timede ud ved forbindelse (30000ms) allerede ved session-start; ingen MT5-tools kunne indlaeses via ToolSearch. Trin 3 (afstem), 4 (scan), 5 (eksekvering) og 6 (kontostatus) ikke udfoert for nogen konto (hverken leder eller foelger). Aktivitetslog og dashboard opdateret med status=error.","XAUUSD,XAGUSD",0,error
2026-09-14 16:06:44.266415+00:00,"Scan 2026-09-14 (leder Rune Main): control.json paused=false - fuld koersel tilsigtet, men blokeret igen (9. forsoeg i dag). Ingen konto/omdoeb/byt-leder-anmodninger. Baade metatrader (leder) og metatrader_2 (foelger) MCP-serverne timede ud ved forbindelse (30000ms) allerede ved session-start; ingen MT5-tools kunne indlaeses via ToolSearch. Trin 3-6 ikke udfoert for nogen konto. Aktivitetslog og dashboard opdateret med status=error.","XAUUSD,XAGUSD",0,error
2026-09-14 16:22:45.984013+00:00,"Scan 2026-09-14 (leder Rune Main): control.json paused=false - fuld koersel tilsigtet, men blokeret igen (10. forsoeg i dag). Ingen konto/omdoeb/byt-leder-anmodninger fundet. Baade metatrader (leder) og metatrader_2 (foelger) MCP-serverne timede ud ved forbindelse (30000ms) allerede ved session-start; bekraeftet via ToolSearch at ingen MT5-tools kunne indlaeses for nogen af serverne denne session. Trin 3 (afstem lukkede trades), 4 (scan), 5 (eksekvering), 6 (konto-status) ikke udfoert for nogen konto pga. manglende MT5-adgang.","XAUUSD,XAGUSD",0,error
2026-09-14 16:34:51.345385+00:00,"Scan 2026-09-14 (leder Rune Main): control.json paused=false - fuld koersel tilsigtet, men blokeret igen (11. forsoeg i dag). Ingen konto/omdoeb/byt-leder-anmodninger fundet. Baade metatrader (leder) og metatrader_2 (foelger) MCP-serverne timede ud ved forbindelse (30000ms) allerede ved session-start; bekraeftet via ToolSearch at ingen MT5-tools kunne indlaeses for nogen af serverne. Trin 3-6 (afstem, scan, eksekver, kontostatus) ikke udfoert for nogen konto pga. manglende MT5-forbindelse.","XAUUSD,XAGUSD",0,error
2026-09-14 16:48:07.532371+00:00,"Scan 2026-09-14 (leder Rune Main): control.json paused=false - fuld koersel tilsigtet, men blokeret igen (12. forsoeg i dag). Ingen konto/omdoeb/byt-leder-anmodninger fundet (account_request.json, rename_request.json, swap_leader_request.json findes ikke). Baade metatrader (leder) og metatrader_2 (foelger) MCP-serverne timede ud ved forbindelse (30000ms) allerede ved session-start; bekraeftet to gange via ToolSearch at ingen MT5-tools kunne indlaeses. Trin 3-6 ikke udfoert for nogen konto.","XAUUSD,XAGUSD",0,error
2026-09-14 17:06:09.981904+00:00,"Scan 2026-09-14 (leder Rune Main): control.json paused=false - fuld koersel tilsigtet, men blokeret igen (13. forsoeg i dag). Ingen konto/omdoeb/byt-leder-anmodninger (account_request.json/rename_request.json/swap_leader_request.json findes ikke). Baade metatrader (leder) og metatrader_2 (foelger) MCP-serverne timede ud ved forbindelse (30000ms) allerede ved session-start; bekraeftet via ToolSearch at ingen MT5-tools kunne indlaeses. Trin 3-6 ikke udfoert for nogen konto.","XAUUSD,XAGUSD",0,error
2026-09-14 17:21:49.083340+00:00,"Scan 2026-09-14 (leder Rune Main): control.json paused=false - fuld koersel tilsigtet, men blokeret igen (14. forsoeg i dag). Ingen konto/omdoeb/byt-leder-anmodninger. Baade metatrader (leder) og metatrader_2 (foelger) MCP-serverne timede ud ved forbindelse (30000ms) allerede ved session-start; bekraeftet via ToolSearch at ingen MT5-tools kunne indlaeses. Trin 3-6 ikke udfoert for nogen konto. Aktivitetslog og dashboard opdateret med status=error.","XAUUSD,XAGUSD",0,error
2026-09-14 17:38:50.953302+00:00,"Scan 2026-09-14 (leder Rune Main): control.json paused=false - fuld koersel tilsigtet, men blokeret igen (15. forsoeg i dag). Ingen konto/omdoeb/byt-leder-anmodninger. Baade metatrader (leder) og metatrader_2 (foelger) MCP-serverne timede ud ved forbindelse (30000ms) allerede ved session-start; bekraeftet via ToolSearch at ingen MT5-tools kunne indlaeses. Trin 3-6 ikke udfoert for nogen konto. Aktivitetslog og dashboard opdateret med status=error.","XAUUSD,XAGUSD",0,error
2026-09-14 17:55:15.984505+00:00,"Scan 2026-09-14 (leder Rune Main): begge MT5 MCP-forbindelser (metatrader + metatrader_2) op og stabile hele koerslen, ingen timeout (foerste gang i mange forsoeg). control.json paused=false, close_all_requested=false. Ingen konto/omdoeb/byt-leder-anmodninger. Afstemning: ingen lukkede deals sidste 7 dage paa nogen konto (0 opdateret). Scan: 5000-candle-hentning fejlede for begge symboler (MT5-fejl, ikke token-limit), faldt tilbage til 4000 M15-candles fra leder-feed -- fandt 3 nye Powell_KeyOpen-signaler (XAUUSD x2, XAGUSD x1). Eksekvering: LEDER-ordrer (alle 3) FEJLEDE med AutoTrading disabled by client (retcode 10027) paa leder-terminalen -- kraever manuel Algo/AutoTrading-genaktivering i MT5 paa leder-siden. FOELGER (Rune Copy#1) lykkedes for alle 3 som pending SELL_LIMIT-ordrer. forward_test_log.csv og multi_account_log.csv opdateret til at afspejle denne asymmetri. Konto-status logget for begge konti (leder + foelger), ingen aabne positioner.","XAUUSD,XAGUSD",3,warning
2026-09-14 18:20:38.194881+00:00,"Scan 2026-09-14 (leder Rune Main): control.json paused=false - fuld koersel tilsigtet, men blokeret igen (16. forsoeg i dag). Ingen konto/omdoeb/byt-leder-anmodninger. Baade metatrader (leder) og metatrader_2 (foelger) MCP-serverne timede ud ved forbindelse (30000ms) allerede ved session-start; bekraeftet via ToolSearch at ingen MT5-tools kunne indlaeses. Trin 3-6 ikke udfoert for nogen konto. Aktivitetslog og dashboard opdateret med status=error.","XAUUSD,XAGUSD",0,error
2026-09-14 18:44:23.602438+00:00,"Scan 2026-09-14 (leder Rune Main): control.json paused=false - fuld koersel tilsigtet, men blokeret igen (19. forsoeg i dag). Ingen konto/omdoeb/byt-leder-anmodninger fundet. Baade metatrader (leder) og metatrader_2 (foelger) MCP-serverne timede ud ved forbindelse (30000ms) allerede ved session-start; bekraeftet via ToolSearch at ingen MT5-tools kunne indlaeses. Trin 3-6 ikke udfoert for nogen konto. Aktivitetslog og dashboard opdateret med status=error.","XAUUSD,XAGUSD",0,error
2026-09-14 19:06:04.495005+00:00,"Scan 2026-09-14 (leder Rune Main): control.json paused=false - fuld koersel tilsigtet, men blokeret igen (20. forsoeg i dag). Ingen konto/omdoeb/byt-leder-anmodninger fundet i repoet. Baade metatrader (leder) og metatrader_2 (foelger) MCP-serverne timede ud ved forbindelse (30000ms) allerede ved session-start; bekraeftet to gange via ToolSearch at ingen MT5-tools kunne indlaeses. Trin 3-6 kunne derfor ikke udfoeres for nogen konto (kraever MT5-data). close_all_requested var false, saa intet lukke-behov identificeret ud fra control.json alene.","XAUUSD,XAGUSD",0,error
2026-09-14 19:47:34.808832+00:00,"Begge MT5 MCP-forbindelser stabile hele koerslen. 1 nyt Powell_KeyOpen-signal (XAGUSD short). Leder-ordre FEJLEDE (AutoTrading disabled by client, retcode 10027); foelger Rune Copy#1 lykkedes som pending SELL_STOP (ticket 58449029404), SL/TP korrigeret til praecise vaerdier efter placering. Ingen lukkede trades at afstemme (0 opdateret). Konto-status logget for begge konti.","XAUUSD,XAGUSD",1,warning
2026-09-14 20:04:37.132402+00:00,"Trin 0: leder=Rune Main (metatrader), foelger=Rune Copy#1 (metatrader_2). Trin 1/1b/1c: ingen account_request.json/rename_request.json/swap_leader_request.json fundet. Trin 2: control.json paused=false, close_all_requested=false - fuld koersel tilsigtet. Trin 3-6 blokeret: baade metatrader (leder) og metatrader_2 (foelger) MCP-serverne timede ud ved forbindelse (30000ms) allerede ved session-start, bekraeftet via ToolSearch at ingen MT5-tools kunne indlaeses. Bash-tool ogsaa broken paa denne maskine (fork-fejl), PowerShell brugt i stedet.","XAUUSD,XAGUSD",0,error
2026-09-14 20:27:03.374053+00:00,"Scan 2026-09-14 (leder Rune Main): control.json paused=false - fuld koersel tilsigtet, men blokeret igen. Ingen konto/omdoeb/byt-leder-anmodninger. Baade metatrader (leder) og metatrader_2 (foelger) MCP-serverne timede ud ved forbindelse (30000ms) allerede ved session-start; bekraeftet via ToolSearch at ingen MT5-tools kunne indlaeses. Trin 3-6 ikke udfoert for nogen konto.","XAUUSD,XAGUSD",0,error
2026-09-14 20:33:16.796169+00:00,"Scan 2026-09-14 (leder Rune Main): control.json paused=false - fuld koersel gennemfoert uden fejl. Begge MT5 MCP-forbindelser (metatrader leder, metatrader_2 foelger Rune Copy#1) stabile hele koerslen, ingen timeout. Ingen konto/omdoeb/byt-leder-anmodninger. Afstemning: ingen lukkede handler seneste 7 dage paa hverken leder eller foelger, saa intet at opdatere. Scan af XAUUSD og XAGUSD (M15, 4000 candles): ingen nye signaler paa nogen strategi. Ingen eksekvering noedvendig. Kontostatus logget for begge konti: leder balance $24976.92, Rune Copy#1 balance $25016.79.","XAUUSD,XAGUSD",0,ok
2026-09-14 20:48:23.784191+00:00,Scan 2026-09-14 (leder Rune Main): control.json paused=false - fuld koersel gennemfoert uden fejl. Begge MT5 MCP-forbindelser (leder + Rune Copy#1) stabile hele koerslen. Afstemning: 0 lukkede trades at afstemme paa nogen konto. Scan (4000 M15-candles) paa XAUUSD/XAGUSD: ingen nye signaler. Kontostatus logget for begge konti (0 aabne positioner hver).,"XAUUSD,XAGUSD",0,ok
2026-09-14 21:02:53.574051+00:00,"Scan 2026-09-14 (leder Rune Main): control.json paused=false, close_all_requested=false - fuld koersel gennemfoert uden fejl. Ingen konto/omdoeb/byt-leder-anmodninger. Begge MT5 MCP-forbindelser (leder metatrader, foelger Rune Copy#1 metatrader_2) stabile hele koerslen. Afstemning: ingen lukkede handler paa nogen konto seneste 7 dage (0 opdateret). Scan: 4000 M15-candles hentet for XAUUSD og XAGUSD, ingen nye signaler fra nogen af de 4 strategier. Ingen aabne positioner paa hverken leder eller foelger. Kontostatus logget for begge konti.","XAUUSD,XAGUSD",0,ok
2026-09-14 21:17:22.941384+00:00,"Scan 2026-09-14 (leder Rune Main): control.json paused=false - fuld koersel gennemfoert uden fejl. Ingen konto/omdoeb/byt-leder-anmodninger. Begge MT5 MCP-forbindelser (leder+foelger) stabile hele koerslen. Ingen lukkede trades at afstemme (0 deals seneste 7 dage, begge konti). Ingen nye signaler paa XAUUSD/XAGUSD. Kontostatus logget for leder (Rune Main) og foelger (Rune Copy#1).","XAUUSD,XAGUSD",0,ok
2026-09-14 21:32:11.616924+00:00,"Fuld koersel gennemfoert uden fejl. Ingen konto/omdoeb/byt-leder-anmodninger. control.json paused=false, close_all_requested=false. Begge MT5 MCP-forbindelser (leder+Rune Copy#1) stabile hele koerslen. Ingen lukkede trades at afstemme (tom handelshistorik seneste 7 dage paa begge konti). Ingen nye signaler paa XAUUSD/XAGUSD. Kontostatus logget for leder (Rune Main) og Rune Copy#1, begge 0 aabne positioner.","XAUUSD,XAGUSD",0,ok
2026-09-14 21:49:54.330245+00:00,"Scan 2026-09-14 (leder Rune Main): control.json paused=false - fuld koersel gennemfoert. Ingen konto/omdoeb/byt-leder-anmodninger. Begge MT5 MCP-forbindelser stabile. Ingen lukkede trades at afstemme (leder+foelger, sidste 7 dage). Systemet var under kraftigt hukommelsespres (under 250MB fri RAM) - candle-hentning for XAGUSD fejlede foerst med MemoryError, men lykkedes efter et genforsoeg. Ingen nye signaler paa XAUUSD/XAGUSD. Kontostatus logget for leder (Rune Main, $24.976,92) og Rune Copy#1 ($25.016,79). Ingen aabne positioner paa nogen konto.","XAUUSD,XAGUSD",0,warning
2026-09-14 22:01:44.779734+00:00,"Scan 2026-09-15 (leder Rune Main): control.json paused=false - fuld koersel gennemfoert uden fejl. Ingen konto/omdoeb/byt-leder-anmodninger. Begge MT5 MCP-forbindelser (leder + Rune Copy#1) stabile hele koerslen. Ingen lukkede trades at afstemme (leder 0 deals, foelger 1 aabnings-deal uden matchende pending ticket). Ingen nye signaler paa XAUUSD/XAGUSD (4000 M15-candles hver, alle 4 strategier). Kontostatus logget for leder (balance 24976.92) og Rune Copy#1 (balance 25016.79), begge 0 aabne positioner.","XAUUSD,XAGUSD",0,ok
2026-09-14 22:18:26.478439+00:00,"Scan 2026-09-15 (leder Rune Main): control.json paused=false - fuld koersel gennemfoert uden fejl. Ingen konto/omdoeb/byt-leder-anmodninger. Begge MT5 MCP-forbindelser stabile. Afstemning: 1 lukket trade fundet og opdateret (Rune Copy#1 XAGUSD short Powell_KeyOpen, TP ramt, +38 USD). Leder havde ingen deals i perioden (tidligere AutoTrading-fejl 10027). Ingen nye signaler paa XAUUSD/XAGUSD. Kontostatus logget for leder og Rune Copy#1.","XAUUSD,XAGUSD",0,ok
2026-09-14 22:32:49.876792+00:00,"Scan 2026-09-15 (leder Rune Main): control.json paused=false - fuld koersel gennemfoert uden fejl. Ingen konto/omdoeb/byt-leder-anmodninger fundet. Begge MT5 MCP-forbindelser (leder + Rune Copy#1) stabile. Afstemning: ingen lukkede trades i perioden - leder havde 0 deals seneste 7 dage, foelgeren havde 1 deal men det var en aabning (entry=IN), ikke en lukning, saa intet at afstemme. Scan paa 4000 M15-candles XAUUSD/XAGUSD, alle 4 strategier (CRT_TBS, Trend_OB, ORB, Powell_KeyOpen) - ingen nye signaler. Kontostatus logget for begge konti: Rune Main balance 24976.92 USD, Rune Copy#1 balance 25016.79 USD, ingen aabne positioner paa nogen konto.","XAUUSD,XAGUSD",0,ok
2026-09-14 22:47:25.038451+00:00,"Scan 2026-09-15 (leder Rune Main): control.json paused=false - fuld koersel gennemfoert uden fejl. Ingen konto/omdoeb/byt-leder-anmodninger. Begge MT5 MCP-forbindelser stabile. Afstemning: ingen lukkede trades i perioden (leder 0 deals, foelger 1 deal men det var en aabning ikke en lukning). Ingen nye signaler paa XAUUSD/XAGUSD (4000 M15-candles, alle 4 strategier). Kontostatus logget for leder og Rune Copy#1, ingen aabne positioner paa nogen konto.","XAUUSD,XAGUSD",0,ok
2026-09-14 23:02:38.379310+00:00,"Scan 2026-09-15 (leder Rune Main): control.json paused=false, close_all_requested=false - fuld koersel gennemfoert uden fejl. Ingen konto/omdoeb/byt-leder-anmodninger. Begge MT5 MCP-forbindelser (leder+foelger) stabile. Afstemning: ingen nye lukkede trades at opdatere (leder 0 deals seneste 7 dage, foelger deals matcher allerede LUKKET position 58447635618). Ingen nye signaler paa XAUUSD/XAGUSD (4000 M15-candles, alle 4 strategier). Kontostatus logget for leder (Rune Main, balance 24976.92) og Rune Copy#1 (balance 25016.79), ingen aabne positioner paa nogen konto.","XAUUSD,XAGUSD",0,ok
2026-09-14 23:16:59.334482+00:00,"Scan 2026-09-15 (leder Rune Main): control.json paused=false - fuld koersel gennemfoert uden fejl. Ingen konto/omdoeb/byt-leder-anmodninger. Begge MT5 MCP-forbindelser stabile. Afstemning: ingen nye lukkede trades at opdatere (leder 0 deals, foelger 1 deal men det var en aabning ikke en lukning). Ingen nye signaler paa XAUUSD/XAGUSD (4000 M15-candles, alle 4 strategier). Kontostatus logget for leder og Rune Copy#1, ingen aabne positioner paa nogen konto.","XAUUSD,XAGUSD",0,ok
2026-09-14 23:33:12.055467+00:00,"control.json paused=false - fuld koersel gennemfoert uden fejl. Ingen konto/omdoeb/byt-leder-anmodninger. Begge MT5 MCP-forbindelser stabile. Afstemning: ingen lukkede trades at opdatere (leder 0 deals, foelger 1 deal men det var en aabning ikke en lukning). Ingen nye signaler paa XAUUSD/XAGUSD (4000 M15-candles, alle 4 strategier). Kontostatus logget for leder og Rune Copy#1, ingen aabne positioner paa nogen konto.","XAUUSD,XAGUSD",0,ok
2026-09-14 23:48:29.537252+00:00,"Fuld koersel gennemfoert. Ingen konto/omdoeb/byt-leder-anmodninger. control.json paused=false. Afstemning: ingen lukkede trades (leder 0 deals, foelger 1 deal men det var en aabning). Ingen nye signaler paa XAUUSD/XAGUSD (4000 M15-candles, alle 4 strategier). Kontostatus logget for leder og Rune Copy#1, ingen aabne positioner paa nogen konto. ADVARSEL: systemet var under kraftigt hukommelsestryk (kun ~278MB fri RAM) pga. flere gamle haengende python.exe-processer fra tidligere koersler (der aldrig afsluttede) -- dette forsagede en MemoryError ved candle-parsing. Ryddede 4 gamle python-processer for at frigoere hukommelse og fortsatte koerslen uden yderligere problemer.","XAUUSD,XAGUSD",0,warning
2026-09-15 00:02:16.785749+00:00,"Scan 2026-09-15 (leder Rune Main): control.json paused=false - fuld koersel gennemfoert uden fejl. Ingen konto/omdoeb/byt-leder-anmodninger. Begge MT5 MCP-forbindelser stabile. Afstemning: ingen lukkede trades (leder 0 deals, foelger 1 deal men det var en aabning ikke en lukning). Ingen nye signaler paa XAUUSD/XAGUSD (4000 M15-candles, alle 4 strategier). Kontostatus logget for leder og Rune Copy#1, ingen aabne positioner paa nogen konto.","XAUUSD,XAGUSD",0,ok
2026-09-15 00:17:53.155967+00:00,"Scan 2026-09-15 (leder Rune Main): control.json paused=false - fuld koersel gennemfoert uden fejl. Ingen konto/omdoeb/byt-leder-anmodninger. Begge MT5 MCP-forbindelser stabile. Afstemning: leder 0 deals seneste 7 dage, foelger 1 lukket deal (XAGUSD Powell_KeyOpen, profit 38.0) men den var allerede reconcileret i tidligere koersel (0 nye opdateringer). Ingen nye signaler paa XAUUSD/XAGUSD (4000 M15-candles, alle 4 strategier, begge symboler). Kontostatus logget for leder (Rune Main, balance 24976.92) og Rune Copy#1 (balance 25016.79), ingen aabne positioner paa nogen konto.","XAUUSD,XAGUSD",0,ok
2026-09-15 00:31:52.906255+00:00,"Scan 2026-09-15 (leder Rune Main): control.json paused=false - fuld koersel gennemfoert uden fejl. Ingen konto/omdoeb/byt-leder-anmodninger. Begge MT5 MCP-forbindelser stabile. Afstemning: leder 0 deals (7 dage), foelger 1 lukket deal men allerede reconcileret tidligere (0 nye opdateringer paa tvaers af begge filer). Ingen nye signaler paa XAUUSD/XAGUSD (4000 M15-candles, alle 4 strategier). Kontostatus logget for leder ($24,976.92) og Rune Copy#1 ($25,016.79), ingen aabne positioner paa nogen konto.","XAUUSD,XAGUSD",0,ok
2026-09-15 00:48:16.769332+00:00,"Scan 2026-09-15 (leder Rune Main): control.json paused=false - fuld koersel gennemfoert uden fejl. Ingen konto/omdoeb/byt-leder-anmodninger. Begge MT5 MCP-forbindelser stabile. Afstemning: leder 0 deals (7 dage), foelger 1 deal men det var en aabning ikke en lukning (0 nye opdateringer paa tvaers af begge filer). Ingen nye signaler paa XAUUSD/XAGUSD (4000 M15-candles, alle 4 strategier). Kontostatus logget for leder ($24,976.92) og Rune Copy#1 ($25,016.79), ingen aabne positioner paa nogen konto.","XAUUSD,XAGUSD",0,ok
2026-09-15 01:02:44.800991+00:00,"Scan 2026-09-15 (leder Rune Main): control.json paused=false - fuld koersel gennemfoert uden fejl. Ingen konto/omdoeb/byt-leder-anmodninger. Begge MT5 MCP-forbindelser stabile. Afstemning: leder 0 deals (7 dage), foelger 1 deal men det var en aabning ikke en lukning (0 nye opdateringer paa tvaers af begge filer). Ingen nye signaler paa XAUUSD/XAGUSD (4000 M15-candles, alle 4 strategier). Kontostatus logget for leder ($24,976.92) og Rune Copy#1 ($25,016.79), ingen aabne positioner paa nogen konto.","XAUUSD,XAGUSD",0,ok
2026-09-15 01:16:30.333798+00:00,"control.json paused=false - fuld koersel gennemfoert uden fejl. Ingen konto/omdoeb/byt-leder-anmodninger. Begge MT5 MCP-forbindelser stabile. Afstemning: leder 0 deals (7 dage), foelger 1 deal men det var en aabning ikke en lukning (entry=0), ingen lukkede trades at afstemme. Ingen nye signaler paa XAUUSD/XAGUSD (4000 M15-candles, alle 4 strategier). Kontostatus logget for leder ($24,976.92) og Rune Copy#1 ($25,016.79), ingen aabne positioner paa nogen konto.","XAUUSD,XAGUSD",0,ok
2026-09-15 01:32:53.999868+00:00,"control.json paused=false - fuld koersel gennemfoert uden fejl. Ingen konto/omdoeb/byt-leder-anmodninger. Begge MT5 MCP-forbindelser stabile. Afstemning: leder 0 deals (7 dage), foelger 1 deal men det var en aabning ikke en lukning (entry=0), ingen lukkede trades at afstemme. Ingen nye signaler paa XAUUSD/XAGUSD (4000 M15-candles, alle 4 strategier). Kontostatus logget for leder ($24,976.92) og Rune Copy#1 ($25,016.79), ingen aabne positioner paa nogen konto.","XAUUSD,XAGUSD",0,ok
2026-09-15 01:47:01.989571+00:00,"Scan 2026-09-15 (leder Rune Main): control.json paused=false - fuld koersel gennemfoert uden fejl. Ingen konto/omdoeb/byt-leder-anmodninger. Begge MT5 MCP-forbindelser stabile. Afstemning: leder 0 deals (7 dage), foelger 1 deal men det var en aabning ikke en lukning (entry=0), ingen lukkede trades at afstemme. Ingen nye signaler paa XAUUSD/XAGUSD (4000 M15-candles, alle 4 strategier). Kontostatus logget for leder ($24,976.92) og Rune Copy#1 ($25,016.79), ingen aabne positioner paa nogen konto.","XAUUSD,XAGUSD",0,ok
2026-09-15 02:02:23.896643+00:00,"Scan 2026-09-15 (leder Rune Main): control.json paused=false - fuld koersel gennemfoert uden fejl. Ingen konto/omdoeb/byt-leder-anmodninger. Begge MT5 MCP-forbindelser stabile. Afstemning: leder 0 deals (7 dage), foelger 1 deal men det var en aabning ikke en lukning (entry=0), ingen lukkede trades at afstemme. Ingen nye signaler paa XAUUSD/XAGUSD (4000 M15-candles, alle 4 strategier). Kontostatus logget for leder ($24,976.92) og Rune Copy#1 ($25,016.79), ingen aabne positioner paa nogen konto.","XAUUSD,XAGUSD",0,ok
2026-09-15 02:17:40.768838+00:00,"control.json paused=false - fuld koersel gennemfoert uden fejl. Ingen konto/omdoeb/byt-leder-anmodninger. Begge MT5 MCP-forbindelser stabile. Afstemning: leder 0 deals (7 dage), foelger 1 deal men det var en aabning ikke en lukning (entry=0), ingen lukkede trades at afstemme. Ingen nye signaler paa XAUUSD/XAGUSD (4000 M15-candles, alle 4 strategier). Kontostatus logget for leder ($24,976.92) og Rune Copy#1 ($25,016.79), ingen aabne positioner paa nogen konto.","XAUUSD,XAGUSD",0,ok
2026-09-15 02:31:53.376162+00:00,"Scan 2026-09-15 (leder Rune Main): control.json paused=false - fuld koersel gennemfoert uden fejl. Ingen konto/omdoeb/byt-leder-anmodninger. Begge MT5 MCP-forbindelser stabile. Afstemning: leder 0 deals (7 dage), foelger 1 deal men det var en aabning ikke en lukning (entry=0), ingen lukkede trades at afstemme. Ingen nye signaler paa XAUUSD/XAGUSD (4000 M15-candles, alle 4 strategier). Kontostatus logget for leder ($24,976.92) og Rune Copy#1 ($25,016.79), ingen aabne positioner paa nogen konto.","XAUUSD,XAGUSD",0,ok
2026-09-15 02:47:25.004847+00:00,"Scan 2026-09-15 (leder Rune Main): control.json paused=false - fuld koersel gennemfoert uden fejl. Ingen konto/omdoeb/byt-leder-anmodninger. Begge MT5 MCP-forbindelser stabile. Afstemning: leder 0 deals (7 dage), foelger 1 deal men det var en aabning ikke en lukning (entry=0), ingen lukkede trades at afstemme. Ingen nye signaler paa XAUUSD/XAGUSD (4000 M15-candles, alle 4 strategier). Kontostatus logget for leder ($24,976.92) og Rune Copy#1 ($25,016.79), ingen aabne positioner paa nogen konto.","XAUUSD,XAGUSD",0,ok
2026-09-15 03:02:56.625721+00:00,"Scan 2026-09-15 (leder Rune Main): control.json paused=false - fuld koersel gennemfoert uden fejl. Ingen konto/omdoeb/byt-leder-anmodninger. Begge MT5 MCP-forbindelser stabile. Afstemning: leder 0 deals (7 dage), foelger 1 deal men det var en aabning ikke en lukning (entry=0), ingen lukkede trades at afstemme. Ingen nye signaler paa XAUUSD/XAGUSD (4000 M15-candles, alle 4 strategier). Kontostatus logget for leder ($24,976.92) og Rune Copy#1 ($25,016.79), ingen aabne positioner paa nogen konto.","XAUUSD,XAGUSD",0,ok
2026-09-15 03:17:42.219359+00:00,"Scan 2026-09-15 (leder Rune Main): control.json paused=false - fuld koersel gennemfoert uden fejl. Ingen konto/omdoeb/byt-leder-anmodninger. Begge MT5 MCP-forbindelser stabile. Afstemning: leder 0 deals (7 dage), foelger 1 deal men det var en aabning ikke en lukning (entry=0), ingen lukkede trades at afstemme. Ingen nye signaler paa XAUUSD/XAGUSD (4000 M15-candles, alle 4 strategier). Kontostatus logget for leder ($24,976.92) og Rune Copy#1 ($25,016.79), ingen aabne positioner paa nogen konto.","XAUUSD,XAGUSD",0,ok
2026-09-15 03:31:59.318649+00:00,"Scan 2026-09-15 (leder Rune Main): control.json paused=false - fuld koersel gennemfoert uden fejl. Ingen konto/omdoeb/byt-leder-anmodninger. Begge MT5 MCP-forbindelser stabile. Afstemning: leder 0 deals (7 dage), foelger 1 deal men det var en aabning ikke en lukning (entry=0), ingen lukkede trades at afstemme. Ingen nye signaler paa XAUUSD/XAGUSD (4000 M15-candles, alle 4 strategier). Kontostatus logget for leder ($24,976.92) og Rune Copy#1 ($25,016.79), ingen aabne positioner paa nogen konto.","XAUUSD,XAGUSD",0,ok
2026-09-15 03:47:01.188673+00:00,"Scan 2026-09-15 (leder Rune Main): control.json paused=false - fuld koersel gennemfoert uden fejl. Ingen konto/omdoeb/byt-leder-anmodninger. Begge MT5 MCP-forbindelser stabile. Afstemning: leder 0 deals (7 dage), foelger 1 deal men det var en aabning ikke en lukning (entry=0), ingen lukkede trades at afstemme. Ingen nye signaler paa XAUUSD/XAGUSD (4000 M15-candles, alle 4 strategier). Kontostatus logget for leder ($24,976.92) og Rune Copy#1 ($25,016.79), ingen aabne positioner paa nogen konto.","XAUUSD,XAGUSD",0,ok
2026-09-15 04:02:24.335566+00:00,"Scan 2026-09-15 (leder Rune Main): control.json paused=false - fuld koersel gennemfoert uden fejl. Ingen konto/omdoeb/byt-leder-anmodninger. Begge MT5 MCP-forbindelser stabile. Afstemning: leder 0 deals (7 dage), foelger 1 deal men det var en aabning ikke en lukning (entry=0), ingen lukkede trades at afstemme. Ingen nye signaler paa XAUUSD/XAGUSD (4000 M15-candles, alle 4 strategier). Kontostatus logget for leder ($24,976.92) og Rune Copy#1 ($25,016.79), ingen aabne positioner paa nogen konto.","XAUUSD,XAGUSD",0,ok
2026-09-15 04:17:22.204715+00:00,"Scan 2026-09-15 (leder Rune Main): control.json paused=false - fuld koersel gennemfoert uden fejl. Ingen konto/omdoeb/byt-leder-anmodninger. Begge MT5 MCP-forbindelser stabile. Afstemning: leder 0 deals (7 dage), foelger 1 deal men det var en aabning ikke en lukning (entry=0), ingen lukkede trades at afstemme. Ingen nye signaler paa XAUUSD/XAGUSD (4000 M15-candles, alle 4 strategier). Kontostatus logget for leder ($24,976.92) og Rune Copy#1 ($25,016.79), ingen aabne positioner paa nogen konto.","XAUUSD,XAGUSD",0,ok
2026-09-15 04:31:39.349575+00:00,"control.json paused=false - fuld koersel gennemfoert uden fejl. Ingen konto/omdoeb/byt-leder-anmodninger. Begge MT5 MCP-forbindelser stabile. Afstemning: leder 0 deals (7 dage), foelger 1 deal men det var en aabning ikke en lukning (entry=0), ingen lukkede trades at afstemme. Ingen nye signaler paa XAUUSD/XAGUSD (4000 M15-candles, alle 4 strategier). Kontostatus logget for leder ($24,976.92) og Rune Copy#1 ($25,016.79), ingen aabne positioner paa nogen konto.","XAUUSD,XAGUSD",0,ok
2026-09-15 04:47:29.602014+00:00,"control.json paused=false - fuld koersel gennemfoert uden fejl. Ingen konto/omdoeb/byt-leder-anmodninger. Begge MT5 MCP-forbindelser stabile. Afstemning: leder 0 deals (7 dage), foelger 1 deal men det var en aabning ikke en lukning (entry=0), ingen lukkede trades at afstemme. Ingen nye signaler paa XAUUSD/XAGUSD (4000 M15-candles, alle 4 strategier). Kontostatus logget for leder ($24,976.92) og Rune Copy#1 ($25,016.79), ingen aabne positioner paa nogen konto.","XAUUSD,XAGUSD",0,ok
2026-09-15 05:02:41.781396+00:00,"control.json paused=false - fuld koersel gennemfoert uden fejl. Ingen konto/omdoeb/byt-leder-anmodninger. Begge MT5 MCP-forbindelser stabile. Afstemning: leder 0 deals (7 dage), foelger 1 deal men det var en aabning ikke en lukning (entry=0), ingen lukkede trades at afstemme. Ingen nye signaler paa XAUUSD/XAGUSD (4000 M15-candles, alle 4 strategier). Kontostatus logget for leder ($24,976.92) og Rune Copy#1 ($25,016.79), ingen aabne positioner paa nogen konto.","XAUUSD,XAGUSD",0,ok
2026-09-15 05:17:16.314727+00:00,"control.json paused=false - fuld koersel gennemfoert uden fejl. Ingen konto/omdoeb/byt-leder-anmodninger. Begge MT5 MCP-forbindelser stabile. Afstemning: leder 0 deals (7 dage), foelger 1 deal men det var en aabning ikke en lukning (entry=0), ingen lukkede trades at afstemme. Ingen nye signaler paa XAUUSD/XAGUSD (4000 M15-candles, alle 4 strategier). Kontostatus logget for leder ($24,976.92) og Rune Copy#1 ($25,016.79), ingen aabne positioner paa nogen konto.","XAUUSD,XAGUSD",0,ok
2026-09-15 05:32:38.495583+00:00,"Scan 2026-09-15 (leder Rune Main): control.json paused=false - fuld koersel gennemfoert uden fejl. Ingen konto/omdoeb/byt-leder-anmodninger. Begge MT5 MCP-forbindelser stabile. Afstemning: leder 0 deals (7 dage), foelger 1 deal men det var en aabning ikke en lukning (entry=0), ingen lukkede trades at afstemme. Ingen nye signaler paa XAUUSD/XAGUSD (4000 M15-candles, alle 4 strategier). Kontostatus logget for leder ($24,976.92) og Rune Copy#1 ($25,016.79), ingen aabne positioner paa nogen konto.","XAUUSD,XAGUSD",0,ok
2026-09-15 05:47:15.928263+00:00,"Scan 2026-09-15 (leder Rune Main): control.json paused=false - fuld koersel gennemfoert uden fejl. Ingen konto/omdoeb/byt-leder-anmodninger. Begge MT5 MCP-forbindelser stabile. Afstemning: leder 0 deals (7 dage), foelger 1 deal men det var en aabning ikke en lukning (entry=0), ingen lukkede trades at afstemme. Ingen nye signaler paa XAUUSD/XAGUSD (4000 M15-candles, alle 4 strategier). Kontostatus logget for leder ($24,976.92) og Rune Copy#1 ($25,016.79), ingen aabne positioner paa nogen konto.","XAUUSD,XAGUSD",0,ok
2026-09-15 06:02:20.898027+00:00,"Scan 2026-09-15 (leder Rune Main): control.json paused=false - fuld koersel gennemfoert uden fejl. Ingen konto/omdoeb/byt-leder-anmodninger. Begge MT5 MCP-forbindelser stabile. Afstemning: leder 0 deals (7 dage), foelger 1 deal men det var en aabning ikke en lukning (entry=0), ingen lukkede trades at afstemme. Ingen nye signaler paa XAUUSD/XAGUSD (4000 M15-candles, alle 4 strategier). Kontostatus logget for leder ($24,976.92) og Rune Copy#1 ($25,016.79), ingen aabne positioner paa nogen konto.","XAUUSD,XAGUSD",0,ok
2026-09-15 06:17:53.842440+00:00,"control.json paused=false - fuld koersel gennemfoert. Ingen konto/omdoeb/byt-leder-anmodninger. Begge MT5 MCP-forbindelser stabile. Afstemning: leder 0 deals (7 dage), foelger 1 deal men det var en aabning ikke en lukning (entry=0), ingen lukkede trades at afstemme. Ingen nye signaler paa XAUUSD/XAGUSD (4000 M15-candles, alle 4 strategier) - transient pandas out-of-memory parse-fejl paa XAGUSD-candle-filen loeste sig selv ved genforsoeg i separat proces, ingen data- eller logikfejl. Kontostatus logget for leder ($24,976.92) og Rune Copy#1 ($25,016.79), ingen aabne positioner paa nogen konto.","XAUUSD,XAGUSD",0,warning
2026-09-15 06:32:58.330878+00:00,"Scan 2026-09-15 (leder Rune Main): control.json paused=false - fuld koersel gennemfoert uden fejl. Ingen konto/omdoeb/byt-leder-anmodninger. Begge MT5 MCP-forbindelser stabile. Afstemning: leder 0 deals (7 dage), foelger 1 closed deal (ticket 58447635618, XAGUSD Powell_KeyOpen, profit $38.0) men den var allerede reconcilieret fra tidligere koersel - 0 nye opdateringer. Ingen nye signaler paa XAUUSD/XAGUSD (4000 M15-candles, alle 4 strategier). Kontostatus logget for leder ($24,976.92) og Rune Copy#1 ($25,016.79), ingen aabne positioner paa nogen konto. ADVARSEL: generate_dashboard.py fejlede efter flere forsoeg med pandas.errors.ParserError: out of memory ved laesning af activity_log.csv -- maskinen havde kun ca. 370-400MB fri RAM under koerslen (Windows Memory Compression brugte ~3.3GB). index.html blev IKKE genereret paa ny denne koersel; eksisterende index.html fra tidligere i dag er stadig live.","XAUUSD,XAGUSD",0,warning
2026-09-15 06:47:59.901755+00:00,"Scan 2026-09-15 (leder Rune Main): control.json paused=false - fuld koersel gennemfoert uden fejl. Ingen konto/omdoeb/byt-leder-anmodninger. Begge MT5 MCP-forbindelser stabile (leder $24,976.92, Rune Copy#1 $25,016.79). Afstemning: leder 0 deals (7 dage), foelger 1 closed deal (ticket 58447635618, XAGUSD, profit $38.0) men allerede reconcilieret tidligere - 0 nye opdateringer. Lav-RAM-maskine (~250-300MB fri): pandas-import og CSV-parsing fejlede foerst med MemoryError/ParserError paa scan-koersel, men lykkedes ved genforsoeg. Ingen nye signaler paa XAUUSD/XAGUSD (4000 M15-candles, alle 4 strategier). Kontostatus logget for begge konti, ingen aabne positioner.","XAUUSD,XAGUSD",0,ok
2026-09-15 07:02:42.770094+00:00,"Scan 2026-09-15 (leder Rune Main): control.json paused=false - fuld koersel gennemfoert uden fejl. Ingen konto/omdoeb/byt-leder-anmodninger. Begge MT5 MCP-forbindelser stabile (leder $24,976.92, Rune Copy#1 $25,016.79). Afstemning: leder 0 deals (7 dage), foelger 1 deal men det er en aabning (entry=0) ikke en lukning, ingen lukkede trades at afstemme. Ingen nye signaler paa XAUUSD/XAGUSD (4000 M15-candles, alle 4 strategier). Kontostatus logget for leder og Rune Copy#1, ingen aabne positioner paa nogen konto.","XAUUSD,XAGUSD",0,ok
2026-09-15 07:17:33.838268+00:00,"Scan 2026-09-15 (leder Rune Main): control.json paused=false - fuld koersel gennemfoert uden fejl. Ingen konto/omdoeb/byt-leder-anmodninger. Begge MT5 MCP-forbindelser stabile (leder $24,976.92, Rune Copy#1 $25,016.79). Afstemning: leder 0 deals (7 dage), foelger 1 deal men det er en aabning (entry=0) ikke en lukning, ingen lukkede trades at afstemme. Ingen nye signaler paa XAUUSD/XAGUSD (4000 M15-candles, alle 4 strategier). Kontostatus logget for leder og Rune Copy#1, ingen aabne positioner paa nogen konto.","XAUUSD,XAGUSD",0,ok
2026-09-15 07:32:20.781399+00:00,"Scan 2026-09-15 (leder Rune Main): control.json paused=false - fuld koersel gennemfoert uden fejl. Ingen konto/omdoeb/byt-leder-anmodninger. Begge MT5 MCP-forbindelser stabile (leder $24,976.92, Rune Copy#1 $25,016.79). Afstemning: leder 0 deals (7 dage), foelger 1 deal men det er en aabning (entry=0) ikke en lukning, ingen lukkede trades at afstemme. Ingen nye signaler paa XAUUSD/XAGUSD (4000 M15-candles, alle 4 strategier). Kontostatus logget for leder og Rune Copy#1, ingen aabne positioner paa nogen konto.","XAUUSD,XAGUSD",0,ok
2026-09-15 07:47:43.602364+00:00,"Scan 2026-09-15 (leder Rune Main): control.json paused=false - fuld koersel gennemfoert uden fejl. Ingen konto/omdoeb/byt-leder-anmodninger. Begge MT5 MCP-forbindelser stabile (leder $24,976.92, Rune Copy#1 $25,016.79, 1 aaben position paa Rune Copy#1: XAGUSD SELL 0.01 lot, profit -$6.2). Afstemning: leder 0 deals (7 dage), foelger 1 deal men det er en aabning (entry=0) af en allerede-lukket position, ingen lukkede trades at afstemme. Ingen nye signaler paa XAUUSD/XAGUSD (4000 M15-candles, alle 4 strategier). Kontostatus logget for leder og Rune Copy#1, ingen aabne positioner paa leder.","XAUUSD,XAGUSD",0,ok
2026-09-15 08:02:23.031791+00:00,"control.json paused=false - fuld koersel gennemfoert uden fejl. Ingen konto/omdoeb/byt-leder-anmodninger. Begge MT5 MCP-forbindelser stabile (leder $24,976.92, Rune Copy#1 $25,016.79, 1 aaben position paa Rune Copy#1: XAGUSD SELL 0.01 lot, profit $8.4). Afstemning: leder 0 deals (7 dage), foelger 1 deal men det er en aabning (entry=0) af en allerede-lukket position, ingen lukkede trades at afstemme. Ingen nye signaler paa XAUUSD/XAGUSD (4000 M15-candles, alle 4 strategier). Kontostatus logget for leder og Rune Copy#1, ingen aabne positioner paa leder.","XAUUSD,XAGUSD",0,ok
2026-09-15 08:17:35.995380+00:00,"Scan 2026-09-15 (leder Rune Main): control.json paused=false - fuld koersel gennemfoert uden fejl. Ingen konto/omdoeb/byt-leder-anmodninger. Begge MT5 MCP-forbindelser stabile (leder $24,976.92, Rune Copy#1 $25,016.79, 1 aaben position paa Rune Copy#1: XAGUSD SELL 0.01 lot, profit $0.5). Afstemning: leder 0 deals (7 dage), foelger 1 deal men det er en aabning (entry=0) af en allerede-aaben position, ingen lukkede trades at afstemme. Ingen nye signaler paa XAUUSD/XAGUSD (4000 M15-candles, alle 4 strategier). Kontostatus logget for leder og Rune Copy#1, ingen aabne positioner paa leder.","XAUUSD,XAGUSD",0,ok
2026-09-15 08:32:13.056948+00:00,"Scan 2026-09-15 (leder Rune Main): control.json paused=false - fuld koersel gennemfoert uden fejl. Ingen konto/omdoeb/byt-leder-anmodninger. Begge MT5 MCP-forbindelser stabile (leder balance=24976.92 equity=24976.92 0 aabne positioner, Rune Copy#1 balance=25016.79 equity=25014.94 1 aaben position: XAGUSD SELL 0.01 lot @62.83, profit -1.85). Afstemning: leder 0 deals (7 dage). Foelger 1 deal (ticket 58073351084) men entry=0 er en aabning af allerede-aaben position, ingen lukkede trades at afstemme. Ingen nye signaler paa XAUUSD/XAGUSD (4000 M15-candles, alle 4 strategier: CRT_TBS, Trend_OB, ORB, Powell_KeyOpen). Kontostatus logget for leder og Rune Copy#1.","XAUUSD,XAGUSD",0,ok
2026-09-15 08:49:05.671104+00:00,"control.json paused=false - fuld koersel gennemfoert. Ingen konto/omdoeb/byt-leder-anmodninger. Afstemning: leder 0 deals (7 dage), foelger 1 deal men aabning (entry=0) af allerede-aaben position, ingen lukkede trades. Scan: 4000 M15-candles XAUUSD+XAGUSD, alle 4 strategier. 1 nyt signal: XAGUSD Powell_KeyOpen short @63.319, SL 63.695136, TP 62.566728, lot 0.01. Eksekvering: leder-ordre FEJLEDE (AutoTrading disabled by client, retcode 10027 - kraever manuel Algo-genaktivering paa leder-terminalen), foelger-ordre LYKKEDES (pending SELL_LIMIT, ticket 58458050338). Konto-status logget for begge konti (leder ,976.92, Rune Copy#1 ,016.79, 1 aaben position paa foelger: XAGUSD SELL 0.01 lot, profit .75).","XAUUSD,XAGUSD",1,warning
2026-09-15 09:02:00.895636+00:00,"Scan 2026-09-15 (leder Rune Main): control.json paused=false - fuld koersel gennemfoert uden fejl. Ingen konto/omdoeb/byt-leder-anmodninger. Begge MT5 MCP-forbindelser stabile (leder balance/equity 24976.92, 0 aabne positioner; Rune Copy#1 balance 25016.79 equity 25016.74, 1 aaben position: XAGUSD SELL 0.01 lot, profit -0.05). Afstemning: leder 0 deals (7 dage), foelger 1 deal men det er en aabning (entry=0) af en allerede-aaben position, ingen lukkede trades at afstemme. Ingen nye signaler paa XAUUSD/XAGUSD (4000 M15-candles, alle 4 strategier). Kontostatus logget for leder og Rune Copy#1.","XAUUSD,XAGUSD",0,ok
2026-09-15 09:16:38.510034+00:00,"control.json paused=false - fuld koersel gennemfoert uden fejl. Ingen konto/omdoeb/byt-leder-anmodninger. Begge MT5 MCP-forbindelser stabile (leder balance/equity 24976.92, 0 aabne positioner; Rune Copy#1 balance 25016.79 equity 25015.84, 1 aaben position: XAGUSD SELL 0.01 lot, profit -0.95). Afstemning: leder 0 deals (7 dage), foelger 1 deal men det er en aabning (entry=0) af en allerede-aaben position, ingen lukkede trades at afstemme. Ingen nye signaler paa XAUUSD/XAGUSD (4000 M15-candles, alle 4 strategier). Kontostatus logget for leder og Rune Copy#1.","XAUUSD,XAGUSD",0,ok
2026-09-15 09:32:30.336995+00:00,"Scan 2026-09-15 (leder Rune Main): control.json paused=false - fuld koersel gennemfoert uden fejl. Ingen konto/omdoeb/byt-leder-anmodninger. Begge MT5 MCP-forbindelser stabile (leder balance/equity 24976.92, 0 aabne positioner; Rune Copy#1 balance 25016.79 equity 25015.49, 1 aaben position: XAGUSD SELL 0.01 lot, profit -1.30). Afstemning: leder 0 deals (7 dage), foelger 1 deal men det er en aabning (entry=0) af en allerede-aaben position, ingen lukkede trades at afstemme. Ingen nye signaler paa XAUUSD/XAGUSD (4000 M15-candles, alle 4 strategier). Kontostatus logget for leder og Rune Copy#1.","XAUUSD,XAGUSD",0,ok
2026-09-15 09:48:08.335054+00:00,"Scan 2026-09-15 (leder Rune Main): control.json paused=false - fuld koersel gennemfoert uden fejl. Ingen konto/omdoeb/byt-leder-anmodninger. Begge MT5 MCP-forbindelser stabile (leder balance/equity 24976.92, 0 aabne positioner; Rune Copy#1 balance 25016.79 equity 25010.19, 1 aaben position: XAGUSD SELL 0.01 lot, profit -9.30). Afstemning: leder 0 deals (7 dage), foelger 1 deal men det er en aabning (entry=0) af en allerede-aaben position, ingen lukkede trades at afstemme. Scan: 4000 M15-candles XAUUSD+XAGUSD, alle 4 strategier. 1 nyt signal: XAUUSD Powell_KeyOpen short @4303.43, SL 4322.09694, TP 4266.09612, lot 0.01. Eksekvering: leder-ordre FEJLEDE (AutoTrading disabled by client, retcode 10027), foelger-ordre LYKKEDES (pending SELL_LIMIT, ticket 58459093980). Kontostatus logget for leder og Rune Copy#1.","XAUUSD,XAGUSD",1,warning
2026-09-15 10:01:30.949749+00:00,"Scan 2026-09-15 (leder Rune Main): control.json paused=false - fuld koersel gennemfoert uden fejl. Ingen konto/omdoeb/byt-leder-anmodninger. Begge MT5 MCP-forbindelser stabile (leder balance/equity 24976.92, 0 aabne positioner; Rune Copy#1 balance 25016.79 equity 25001.94, 1 aaben position: XAGUSD SELL 0.01 lot, profit -14.85). Afstemning: leder 0 deals (7 dage), foelger 1 deal men det er en aabning (entry=0) af en allerede-aaben position, ingen lukkede trades at afstemme. Scan: 4000 M15-candles XAUUSD+XAGUSD, alle 4 strategier. Ingen nye signaler. Kontostatus logget for leder og Rune Copy#1.","XAUUSD,XAGUSD",0,ok
2026-09-15 10:18:29.472907+00:00,"Scan 2026-09-15 (leder Rune Main): control.json paused=false - fuld koersel gennemfoert uden fejl. Ingen konto/omdoeb/byt-leder-anmodninger. Begge MT5 MCP-forbindelser stabile (leder balance/equity 24976.92, 0 aabne positioner; Rune Copy#1 balance/equity 24997.54, 0 aabne positioner). Afstemning: leder 0 deals (7 dage), foelger fandt 2 nye lukkede deals siden sidste afstemning - XAGUSD Powell_KeyOpen (ticket 58449029404, SL ramt, profit -19.25) blev afstemt og logget som LUKKET/loss. En anden position (ticket 58447635618) var allerede afstemt tidligere (TP, +38.0). Ingen nye lukkede leder-trades. Scan: 4000 M15-candles XAUUSD+XAGUSD, alle 4 strategier. Ingen nye signaler paa XAUUSD/XAGUSD. Kontostatus logget for leder og Rune Copy#1.","XAUUSD,XAGUSD",0,ok
2026-09-15 10:32:46.999137+00:00,"Scan 2026-09-15 (leder Rune Main): control.json paused=false - fuld koersel gennemfoert uden fejl. Ingen konto/omdoeb/byt-leder-anmodninger. Begge MT5 MCP-forbindelser stabile (leder balance/equity 24976.92, 0 aabne positioner; Rune Copy#1 balance/equity 24997.54, 0 aabne positioner). Afstemning: leder 0 deals (7 dage), foelger 1 deal men det er en aabning (entry=0) af en allerede-lukket/ekisterende position-referance, ingen lukkede trades at afstemme. Scan: 4000 M15-candles XAUUSD+XAGUSD, alle 4 strategier. Ingen nye signaler paa XAUUSD/XAGUSD. Kontostatus logget for leder og Rune Copy#1.","XAUUSD,XAGUSD",0,ok
2026-09-15 10:48:00.647463+00:00,"Scan 2026-09-15 (leder Rune Main): control.json paused=false - fuld koersel gennemfoert uden fejl. Ingen konto/omdoeb/byt-leder-anmodninger. Begge MT5 MCP-forbindelser stabile (leder balance/equity 24976.92, 0 aabne positioner; Rune Copy#1 balance/equity 24997.54, 0 aabne positioner). Afstemning: leder 0 deals (7 dage), foelger 1 deal men det er en aabning (entry=0) af en allerede-aaben/lukket position-reference, ingen lukkede trades at afstemme. Scan: 4000 M15-candles XAUUSD+XAGUSD, alle 4 strategier (maatte omgaa en pandas C-parser out-of-memory fejl pga. lav ledig systemhukommelse ved at parse CSV manuelt med csv-modulet i stedet for read_csv). Ingen nye signaler paa XAUUSD/XAGUSD. Kontostatus logget for leder og Rune Copy#1.","XAUUSD,XAGUSD",0,ok
2026-09-15 11:02:41.537691+00:00,"Scan 2026-09-15 (leder Rune Main): control.json paused=false - fuld koersel gennemfoert uden fejl. Ingen konto/omdoeb/byt-leder-anmodninger. Begge MT5 MCP-forbindelser stabile (leder balance/equity 24976.92, 0 aabne positioner; Rune Copy#1 balance/equity 24997.54, 0 aabne positioner). Afstemning: leder 0 deals (7 dage), foelger 1 deal men det er en aabning (entry=0), ingen lukkede trades at afstemme. Scan: 4000 M15-candles XAUUSD+XAGUSD, alle 4 strategier. Ingen nye signaler. Kontostatus logget for leder og Rune Copy#1. Bemaerk: pandas C-parser gav out-of-memory ved lav ledig systemhukommelse (258MB fri ud af 8GB), omgaaet med engine=python.","XAUUSD,XAGUSD",0,ok
2026-09-15 11:16:10.401339+00:00,"Scan 2026-09-15 (leder Rune Main): control.json paused=false - fuld koersel gennemfoert uden fejl. Ingen konto/omdoeb/byt-leder-anmodninger. Begge MT5 MCP-forbindelser stabile (leder balance/equity 24976.92, 0 aabne positioner; Rune Copy#1 balance/equity 24997.54, 0 aabne positioner). Afstemning: leder 0 deals (7 dage), foelger 1 deal men det er en aabning (entry=0) af en allerede-afstemt position (58447635618), ingen nye lukkede trades at afstemme. Scan: 4000 M15-candles XAUUSD+XAGUSD (leder-forbindelse), alle 4 strategier. Ingen nye signaler. Kontostatus logget for leder og Rune Copy#1.","XAUUSD,XAGUSD",0,ok
2026-09-15 11:32:33.009083+00:00,"Scan 2026-09-15 (leder Rune Main): control.json paused=false - fuld koersel gennemfoert uden fejl. Ingen konto/omdoeb/byt-leder-anmodninger. Begge MT5 MCP-forbindelser stabile (leder balance/equity 24976.92, 0 aabne positioner; Rune Copy#1 balance/equity 24997.54, 0 aabne positioner). Afstemning: leder 0 deals (7 dage), foelger 1 deal men det er en aabning (entry=0) af en allerede-afstemt position (58447635618), ingen nye lukkede trades at afstemme. Scan: 4000 M15-candles XAUUSD+XAGUSD (leder-forbindelse), alle 4 strategier. Ingen nye signaler paa XAUUSD/XAGUSD. Kontostatus logget for leder og Rune Copy#1.","XAUUSD,XAGUSD",0,ok
2026-09-15 11:47:29.202900+00:00,"Scan 2026-09-15 (leder Rune Main): control.json paused=false - fuld koersel gennemfoert uden fejl. Ingen konto/omdoeb/byt-leder-anmodninger. Begge MT5 MCP-forbindelser stabile (leder balance/equity 24976.92, 0 aabne positioner; Rune Copy#1 balance/equity 24997.54, 0 aabne positioner). Afstemning: leder 0 deals (7 dage), foelger 1 deal men det er en aabning (entry=0) af en allerede-afstemt position (58447635618), ingen nye lukkede trades at afstemme. Scan: 4000 M15-candles XAUUSD+XAGUSD (leder-forbindelse), alle 4 strategier. Ingen nye signaler paa XAUUSD/XAGUSD. Kontostatus logget for leder og Rune Copy#1.","XAUUSD,XAGUSD",0,ok
2026-09-15 12:04:40.706217+00:00,"Scan 2026-09-15 (leder Rune Main): control.json paused=false - fuld koersel gennemfoert uden fejl. Ingen konto/omdoeb/byt-leder-anmodninger. Begge MT5 MCP-forbindelser stabile (leder balance/equity 24976.92, 0 aabne positioner, 0 pending; Rune Copy#1 balance/equity 24997.54, 0 aabne positioner, 4 pending SELL_LIMIT-ordrer paa XAUUSD/XAGUSD). Afstemning: leder 0 deals (7 dage). Foelger havde 2 deals: en allerede-afstemt lukket position (58447635618, win +38.0, uaendret) og en ny aabningsdeal (58449029404, entry=0, ingen lukning endnu) -- bemaerk: dette ticketnummer findes allerede LUKKET/loss -19.25 i multi_account_log.csv fra en tidligere koersel (logget 2026-09-14 19:43), formentlig ticket-genbrug paa den gratis MetaQuotes-Demo-server; eksisterende raekke ikke overskrevet, ingen nye afstemninger foretaget. Scan: 4000 M15-candles XAUUSD+XAGUSD (leder-forbindelse, count=4000 da 5000 fejler), alle 4 strategier. Ingen nye signaler paa XAUUSD/XAGUSD. Kontostatus logget for leder og Rune Copy#1.","XAUUSD,XAGUSD",0,ok
2026-09-15 12:17:28.691404+00:00,"Scan 2026-09-15 (leder Rune Main): control.json paused=false - fuld koersel gennemfoert uden fejl. Ingen konto/omdoeb/byt-leder-anmodninger. Begge MT5 MCP-forbindelser stabile (leder balance/equity 24976.92, 0 aabne positioner, 0 pending; Rune Copy#1 balance/equity 24997.54, 0 aabne positioner, 4 pending SELL_LIMIT-ordrer paa XAUUSD/XAGUSD). Afstemning: leder 0 deals (7 dage). Foelger havde 1 deal: en aabningsdeal (entry=0, ticket 58073351084, position_id 58447635618, profit=0) - ticket-genbrug paa position der allerede er LUKKET/win 38.0 i multi_account_log.csv fra tidligere koersel; ingen match mod pending log-raekker, 0 opdateringer. Scan: 4000 M15-candles XAUUSD+XAGUSD (leder-forbindelse), alle 4 strategier. Ingen nye signaler.","XAUUSD,XAGUSD",0,ok
2026-09-15 12:32:33.290415+00:00,"Scan 2026-09-15 (leder Rune Main): control.json paused=false - fuld koersel gennemfoert uden fejl. Ingen konto/omdoeb/byt-leder-anmodninger. Begge MT5 MCP-forbindelser stabile (leder balance/equity 24976.92, 0 aabne positioner, 0 pending, 0 deals 7 dage; Rune Copy#1 balance 24997.54/equity 24996.34, 1 aaben position XAGUSD SELL 0.01 lot profit -1.20, 1 deal (7 dage): aabningsdeal (entry=0, ticket 58073351084, position_id 58447635618, profit=0) - ticket-genbrug paa position der allerede er LUKKET/win 38.0 i multi_account_log.csv fra tidligere koersel; reconcile 0 opdateringer paa begge konti). Scan: 4000 M15-candles XAUUSD+XAGUSD (leder-forbindelse), alle 4 strategier. Ingen nye signaler paa XAUUSD/XAGUSD. Kontostatus logget for leder og Rune Copy#1.","XAUUSD,XAGUSD",0,ok
2026-09-15 12:47:24.491157+00:00,"Scan 2026-09-15 (leder Rune Main): control.json paused=false - fuld koersel gennemfoert uden fejl. Ingen konto/omdoeb/byt-leder-anmodninger. Begge MT5 MCP-forbindelser stabile (leder balance/equity 24976.92, 0 aabne positioner, 0 pending, 0 deals 7 dage; Rune Copy#1 balance 24997.54/equity 24989.29, 1 aaben position XAGUSD SELL 0.01 lot profit -8.25, 3 pending SELL_LIMIT-ordrer paa XAUUSD/XAGUSD, 5 deals 7 dage). Afstemning: leder 0 deals; foelger 2 lukkede positioner (58447635618 win +38.0, 58449029404 loss -19.25) begge allerede afstemt fra tidligere koersler, 0 nye opdateringer paa tvaers af begge filer. Scan: 4000 M15-candles XAUUSD+XAGUSD (leder-forbindelse), alle 4 strategier. Ingen nye signaler paa XAUUSD/XAGUSD. Kontostatus logget for leder og Rune Copy#1.","XAUUSD,XAGUSD",0,ok
2026-09-15 13:02:41.370307+00:00,"Scan 2026-09-15 (leder Rune Main): control.json paused=false - fuld koersel gennemfoert uden fejl. Ingen konto/omdoeb/byt-leder-anmodninger. Begge MT5 MCP-forbindelser stabile (leder balance/equity 24976.92, 0 aabne positioner, 0 pending, 0 deals 7 dage; Rune Copy#1 balance/equity 24978.74, 0 aabne positioner, 3 pending SELL_LIMIT-ordrer paa XAUUSD, 1 deal 7 dage: aabningsdeal entry=0 paa kendt ticket-genbrug 58073351084/position 58447635618, allerede afstemt win +38.0 fra tidligere koersel, ingen nye lukninger). Afstemning: leder 0 nye, foelger 0 nye (opening-deal ikke talt som lukning). Scan: 4000 M15-candles XAUUSD+XAGUSD (leder-forbindelse), alle 4 strategier. Ingen nye signaler paa XAUUSD/XAGUSD. Kontostatus logget for leder og Rune Copy#1.","XAUUSD,XAGUSD",0,ok
2026-09-15 13:17:00.183902+00:00,"Scan 2026-09-15 (leder Rune Main): control.json paused=false - fuld koersel gennemfoert uden fejl. Ingen konto/omdoeb/byt-leder-anmodninger. Begge MT5 MCP-forbindelser stabile (leder balance/equity 24976.92, 0 aabne positioner, 0 pending, 0 deals 7 dage; Rune Copy#1 balance/equity 24978.74, 0 aabne positioner, 3 pending SELL_LIMIT-ordrer paa XAUUSD, 1 deal 7 dage: aabningsdeal entry=0 paa kendt ticket-genbrug 58073351084/position 58447635618, allerede afstemt fra tidligere koersel, 0 nye opdateringer). Afstemning: leder 0 deals, foelger 0 nye opdateringer. Scan: 4000 M15-candles XAUUSD+XAGUSD (leder-forbindelse), alle 4 strategier. Ingen nye signaler paa XAUUSD/XAGUSD. Kontostatus logget for leder og Rune Copy#1.","XAUUSD,XAGUSD",0,ok
2026-09-15 13:32:09.378562+00:00,"Scan 2026-09-15 (leder Rune Main): control.json paused=false - fuld koersel gennemfoert uden fejl. Ingen konto/omdoeb/byt-leder-anmodninger. Begge MT5 MCP-forbindelser stabile (leder balance/equity 24976.92, 0 aabne positioner, 0 pending, 0 deals 7 dage; Rune Copy#1 balance/equity 24978.74, 0 aabne positioner, 3 pending SELL_LIMIT-ordrer paa XAUUSD, 1 deal 7 dage: aabningsdeal entry=0 paa kendt ticket-genbrug 58073351084/position 58447635618, allerede afstemt fra tidligere koersel, 0 nye opdateringer). Afstemning: leder 0 deals, foelger 0 nye opdateringer. Scan: 4000 M15-candles XAUUSD+XAGUSD (leder-forbindelse), alle 4 strategier. Ingen nye signaler paa XAUUSD/XAGUSD. Kontostatus logget for leder og Rune Copy#1.","XAUUSD,XAGUSD",0,ok
2026-09-15 13:47:19.146788+00:00,"Scan 2026-09-15 (leder Rune Main): control.json paused=false - fuld koersel gennemfoert uden fejl. Ingen konto/omdoeb/byt-leder-anmodninger. Begge MT5 MCP-forbindelser stabile (leder balance/equity 24976.92, 0 aabne positioner, 0 deals 7 dage; Rune Copy#1 balance/equity 24978.74, 0 aabne positioner, 1 deal 7 dage: aabningsdeal entry=0 paa kendt ticket-genbrug 58073351084/position 58447635618, allerede afstemt fra tidligere koersel, 0 nye opdateringer). Afstemning: leder 0 deals, foelger 0 nye opdateringer. Scan: 4000 M15-candles XAUUSD+XAGUSD (leder-forbindelse), alle 4 strategier. Ingen nye signaler paa XAUUSD/XAGUSD. Kontostatus logget for leder og Rune Copy#1.","XAUUSD,XAGUSD",0,ok
2026-09-15 14:02:26.375944+00:00,"Scan 2026-09-15 (leder Rune Main): control.json paused=false - fuld koersel gennemfoert uden fejl. Ingen konto/omdoeb/byt-leder-anmodninger. Begge MT5 MCP-forbindelser stabile (leder balance/equity 24976.92, 0 aabne positioner, 0 deals 7 dage; Rune Copy#1 balance/equity 24978.74, 0 aabne positioner, 1 deal 7 dage: aabningsdeal entry=0 paa kendt ticket-genbrug 58073351084/position 58447635618, allerede afstemt fra tidligere koersel, 0 nye opdateringer). Afstemning: leder 0 deals, foelger 0 nye opdateringer. Scan: 4000 M15-candles XAUUSD+XAGUSD (leder-forbindelse), alle 4 strategier. Ingen nye signaler paa XAUUSD/XAGUSD. Kontostatus logget for leder og Rune Copy#1.","XAUUSD,XAGUSD",0,ok
2026-09-15 14:16:55.973197+00:00,"Scan 2026-09-15 (leder Rune Main): control.json paused=false - fuld koersel gennemfoert uden fejl. Ingen konto/omdoeb/byt-leder-anmodninger. Begge MT5 MCP-forbindelser stabile (leder balance/equity 24976.92, 0 aabne positioner, 0 deals 7 dage; Rune Copy#1 balance/equity 24978.74, 0 aabne positioner, 1 deal 7 dage: aabningsdeal entry=0 paa kendt ticket-genbrug 58073351084/position 58447635618, allerede afstemt fra tidligere koersel, 0 nye opdateringer). Afstemning: leder 0 deals, foelger 0 nye opdateringer. Scan: 4000 M15-candles XAUUSD+XAGUSD (leder-forbindelse), alle 4 strategier. Ingen nye signaler paa XAUUSD/XAGUSD. Kontostatus logget for leder og Rune Copy#1.","XAUUSD,XAGUSD",0,ok
2026-09-15 14:34:45.664116+00:00,"Scan 2026-09-15 (leder Rune Main): control.json paused=false, close_all_requested=false - ingen konto/omdoeb/byt-leder-anmodninger fundet. KRITISK FEJL: begge MT5 MCP-forbindelser (metatrader og metatrader_2) fejlede med CONNECT_TIMEOUT for hele sessionen og kunne ikke genoprettes - kendt tilbagevendende problem der kraever sessionsgenstart. Trin 3 (afstemning), trin 4 (candle-scan), trin 5 (eksekvering) og trin 6 (kontostatus for leder og Rune Copy#1) kunne IKKE gennemfoeres denne koersel. Ingen data blev aendret paa MT5-siden. Naeste koersel boer forsoege igen.","XAUUSD,XAGUSD",0,error
2026-09-15 14:46:34.415018+00:00,"Scan 2026-09-15 (leder Rune Main): control.json paused=false, close_all_requested=false. Ingen konto/omdoeb/byt-leder-anmodninger (ingen request-filer fundet). KRITISK: begge MT5 MCP-forbindelser (metatrader, metatrader_2) CONNECT_TIMEOUT ved sessionsstart, kunne ikke genoprettes efter ny sogning. Trin 3-6 (afstemning/scan/eksekvering/kontostatus) sprunget over pga. forbindelsesfejl. Kun activity_log/dashboard opdateret.","XAUUSD,XAGUSD",0,error
2026-09-15 15:02:33.223821+00:00,"Scan 2026-09-15 (leder Rune Main): control.json paused=false - fuld koersel gennemfoert uden fejl. Ingen konto/omdoeb/byt-leder-anmodninger. Begge MT5 MCP-forbindelser stabile denne session (leder balance/equity 24976.92, 0 aabne positioner, 0 deals 7 dage; Rune Copy#1 balance/equity 24978.74, 0 aabne positioner, 1 deal 7 dage: aabningsdeal entry=0 paa kendt ticket-genbrug 58073351084/position 58447635618, allerede afstemt fra tidligere koersel, 0 nye opdateringer). Afstemning: leder 0 deals, foelger 0 nye opdateringer. Scan: 4000 M15-candles XAUUSD+XAGUSD (leder-forbindelse), alle 4 strategier. Ingen nye signaler paa XAUUSD/XAGUSD. Kontostatus logget for leder og Rune Copy#1.","XAUUSD,XAGUSD",0,ok
2026-09-15 18:32:46.273569+00:00,"Scan 2026-09-15 (leder Rune Main): control.json paused=false - fuld koersel gennemfoert uden fejl. Ingen konto/omdoeb/byt-leder-anmodninger. Begge MT5 MCP-forbindelser stabile denne session (leder balance/equity 24976.92, 0 aabne positioner, 0 deals 7 dage; Rune Copy#1 balance 24978.74/equity 24979.18, 1 aaben position XAUUSD SELL 0.01 lot (profit 0.30), 1 deal 7 dage: allerede afstemt fra tidligere koersel, 0 nye opdateringer). Afstemning: leder 0 deals, foelger 0 nye opdateringer. Scan: 4000 M15-candles XAUUSD+XAGUSD (leder-forbindelse), alle 4 strategier. Ingen nye signaler paa XAUUSD/XAGUSD. Kontostatus logget for leder og Rune Copy#1.","XAUUSD,XAGUSD",0,ok
2026-09-15 18:48:02.823238+00:00,"Scan 2026-09-15 (leder Rune Main): control.json paused=false - fuld koersel gennemfoert uden fejl. Ingen konto/omdoeb/byt-leder-anmodninger. Begge MT5 MCP-forbindelser stabile denne session (leder balance/equity 24976.92, 0 aabne positioner, 0 deals 7 dage; Rune Copy#1 balance 24978.74/equity 24976.98, 1 aaben position XAUUSD SELL 0.01 lot (profit -3.57), 1 deal 7 dage: allerede afstemt fra tidligere koersel, 0 nye opdateringer). Afstemning: leder 0 deals, foelger 0 nye opdateringer. Scan: 4000 M15-candles XAUUSD+XAGUSD (leder-forbindelse), alle 4 strategier. Ingen nye signaler paa XAUUSD/XAGUSD. Kontostatus logget for leder og Rune Copy#1.","XAUUSD,XAGUSD",0,ok
2026-09-15 19:02:32.832722+00:00,"Scan 2026-09-15 (leder Rune Main): control.json paused=false - fuld koersel gennemfoert uden fejl. Ingen konto/omdoeb/byt-leder-anmodninger. Begge MT5 MCP-forbindelser stabile denne session (leder balance/equity 24976.92, 0 aabne positioner, 0 deals 7 dage; Rune Copy#1 balance 24978.74/equity 24973.61, 1 aaben position XAUUSD SELL 0.01 lot (profit -5.17), 1 deal 7 dage: en opening-deal for ticket 58447635618 (XAGUSD) som allerede staar LUKKET/win/38.0 i multi_account_log.csv fra tidligere koersel - kendt MT5-ticket-genbrugs-anomali paa denne demo-konto, ingen positioner aabne under dette ticket-id nu, reconcile ignorerede raekken korrekt (allerede resolved), 0 nye opdateringer). Afstemning: leder 0 deals, foelger 0 nye opdateringer. Scan: 4000 M15-candles XAUUSD+XAGUSD (leder-forbindelse), alle 4 strategier. Ingen nye signaler paa XAUUSD/XAGUSD. Kontostatus logget for leder og Rune Copy#1.","XAUUSD,XAGUSD",0,ok
2026-09-15 19:17:46.527912+00:00,"Scan 2026-09-15 (leder Rune Main): control.json paused=false - fuld koersel gennemfoert uden fejl. Ingen konto/omdoeb/byt-leder-anmodninger. Begge MT5 MCP-forbindelser stabile (leder balance/equity 24976.92, 0 aabne positioner, 0 deals 7 dage; Rune Copy#1 balance 24978.74/equity 24981.32, 1 aaben position XAUUSD SELL 0.01 lot (profit 2.65), 1 deal 7 dage: ticket 58447635618 (XAGUSD) allerede afstemt fra tidligere koersel, 0 nye opdateringer). Afstemning: leder 0 deals, foelger 0 nye opdateringer. Scan: 4000 M15-candles XAUUSD+XAGUSD (leder-forbindelse), alle 4 strategier. Ingen nye signaler paa XAUUSD/XAGUSD. Kontostatus logget for leder og Rune Copy#1.","XAUUSD,XAGUSD",0,ok
2026-09-15 19:33:43.403603+00:00,"Scan 2026-09-15 (leder Rune Main): control.json paused=false - fuld koersel gennemfoert uden fejl. Ingen konto/omdoeb/byt-leder-anmodninger. Begge MT5 MCP-forbindelser stabile denne session (leder balance/equity 24976.92, 0 aabne positioner, 0 deals 7 dage; Rune Copy#1 balance 24978.74/equity 24979.62, 1 aaben position XAUUSD SELL 0.01 lot (profit 0.88), 1 deal 7 dage: ticket 58447635618 allerede afstemt fra tidligere koersel (kendt ticket-genbrugs-anomali), 0 nye opdateringer). Afstemning: leder 0 deals, foelger 0 nye opdateringer. Scan: 4000 M15-candles XAUUSD+XAGUSD (leder-forbindelse), alle 4 strategier. Ingen nye signaler paa XAUUSD/XAGUSD. Kontostatus logget for leder og Rune Copy#1.","XAUUSD,XAGUSD",0,ok
2026-09-15 19:47:27.709528+00:00,"Scan 2026-09-15 (leder Rune Main): control.json paused=false - fuld koersel gennemfoert uden fejl. Ingen konto/omdoeb/byt-leder-anmodninger. Begge MT5 MCP-forbindelser stabile denne session (leder balance/equity 24976.92, 0 aabne positioner, 0 deals 7 dage; Rune Copy#1 balance 24978.74/equity 24983.90, 1 aaben position XAUUSD SELL 0.01 lot (profit 5.16), 1 deal 7 dage: en aabnings-deal for ticket 58447635618 (XAGUSD, entry=0/IN) - kendt MT5-ticket-genbrugs-anomali, ingen tilhoerende lukkende deal i vinduet, saa intet at afstemme, 0 nye opdateringer). Afstemning: leder 0 deals, foelger 0 lukkede deals (kun 1 aabnings-deal, sprunget over). Scan: 4000 M15-candles XAUUSD+XAGUSD (leder-forbindelse), alle 4 strategier. Ingen nye signaler paa XAUUSD/XAGUSD. Kontostatus logget for leder og Rune Copy#1.","XAUUSD,XAGUSD",0,ok
2026-09-15 20:06:24.854177+00:00,"Scan 2026-09-15 (leder Rune Main): control.json paused=false, close_all_requested=false - ingen kill-switch-handling noedvendig. Ingen konto/omdoeb/byt-leder-anmodninger (ingen request-filer fundet). BEGGE MT5 MCP-forbindelser (metatrader og metatrader_2) fejlede med CONNECT_TIMEOUT denne session - ingen af dem etablerede forbindelse overhovedet. Kunne derfor IKKE gennemfoere: afstemning af lukkede trades (trin 3), candle-scan for nye signaler (trin 4), eksekvering (trin 5), eller kontostatus-logning for leder/Rune Copy#1 (trin 6). Koersel ufuldstaendig pga. MT5-forbindelsesfejl, kraever formentlig sessionsgenstart. Ingen data blev afstemt eller scannet denne gang.","XAUUSD,XAGUSD",0,error
2026-09-15 20:17:13.631196+00:00,"Scan 2026-09-15 (leder Rune Main): control.json paused=false, close_all_requested=false - ingen kill-switch-handling. Ingen konto/omdoeb/byt-leder-anmodninger. Begge MT5 MCP-forbindelser stabile denne session (leder balance/equity 24976.92, 0 aabne positioner, 0 deals 7 dage; Rune Copy#1 balance 24978.74/equity 24984.26, 1 aaben position XAUUSD SELL 0.01 lot (profit 5.52), 1 deal 7 dage: en aabnings-deal for ticket 58447635618 (XAGUSD, entry=0/IN) - kendt MT5-ticket-genbrugs-anomali, allerede resolved LUKKET fra tidligere koersel, 0 nye opdateringer). Afstemning: leder 0 deals, foelger 0 nye opdateringer (allerede resolved sprunget over). Scan: 4000 M15-candles XAUUSD+XAGUSD (leder-forbindelse), alle 4 strategier. Ingen nye signaler paa XAUUSD/XAGUSD. Kontostatus logget for leder og Rune Copy#1.","XAUUSD,XAGUSD",0,ok
2026-09-15 20:32:16.567508+00:00,"Scan 2026-09-15 (leder Rune Main): control.json paused=false, close_all_requested=false - ingen kill-switch-handling. Ingen konto/omdoeb/byt-leder-anmodninger. Begge MT5 MCP-forbindelser stabile denne session (leder balance/equity 24976.92, 0 aabne positioner, 0 deals 7 dage; Rune Copy#1 balance 24978.74/equity 24984.26, 1 aaben position XAUUSD SELL 0.01 lot (profit 5.52), 1 deal 7 dage: en aabnings-deal for ticket 58447635618 (XAGUSD, entry=0/IN) - kendt MT5-ticket-genbrugs-anomali, allerede resolved LUKKET fra tidligere koersel, 0 nye opdateringer). Afstemning: leder 0 deals, foelger 0 nye opdateringer (allerede resolved sprunget over). Scan: 4000 M15-candles XAUUSD+XAGUSD (leder-forbindelse), alle 4 strategier. Ingen nye signaler paa XAUUSD/XAGUSD. Kontostatus logget for leder og Rune Copy#1.","XAUUSD,XAGUSD",0,ok
2026-09-15 20:47:38.431273+00:00,"Scan 2026-09-15 (leder Rune Main): control.json paused=false, close_all_requested=false - ingen kill-switch-handling. Ingen konto/omdoeb/byt-leder-anmodninger. Begge MT5 MCP-forbindelser stabile denne session (leder balance/equity 24976.92, 0 aabne positioner, 0 deals 7 dage; Rune Copy#1 balance 24978.74/equity 24984.26, 1 aaben position XAUUSD SELL 0.01 lot (profit 5.52), 1 deal 7 dage: en aabnings-deal for ticket 58447635618 (XAGUSD, entry=0/IN) - kendt MT5-ticket-genbrugs-anomali, allerede resolved LUKKET fra tidligere koersel, 0 nye opdateringer). Afstemning: leder 0 deals, foelger 0 nye opdateringer (allerede resolved sprunget over). Scan: 4000 M15-candles XAUUSD+XAGUSD (leder-forbindelse), alle 4 strategier. Ingen nye signaler paa XAUUSD/XAGUSD. Kontostatus logget for leder og Rune Copy#1.","XAUUSD,XAGUSD",0,ok
2026-09-15 21:01:39.505121+00:00,"Scan 2026-09-15 (leder Rune Main): control.json paused=false, close_all_requested=false - ingen kill-switch-handling. Ingen konto/omdoeb/byt-leder-anmodninger. Begge MT5 MCP-forbindelser stabile denne session (leder balance/equity 24976.92, 0 aabne positioner, 0 deals 7 dage; Rune Copy#1 balance 24978.74/equity 24984.21, 1 aaben position XAUUSD SELL 0.01 lot (profit 5.52), 1 deal 7 dage: en aabnings-deal for ticket 58073351084/58447635618 (XAGUSD, entry=0/IN) - kendt MT5-ticket-genbrugs-anomali, allerede resolved LUKKET fra tidligere koersel, 0 nye opdateringer). Afstemning: leder 0 deals, foelger 0 nye opdateringer (allerede resolved sprunget over). Scan: 4000 M15-candles XAUUSD+XAGUSD (leder-forbindelse), alle 4 strategier. Ingen nye signaler paa XAUUSD/XAGUSD. Kontostatus logget for leder og Rune Copy#1.","XAUUSD,XAGUSD",0,ok
2026-09-15 21:17:05.740939+00:00,"Scan 2026-09-15 (leder Rune Main): control.json paused=false, close_all_requested=false - ingen kill-switch-handling. Ingen konto/omdoeb/byt-leder-anmodninger. Begge MT5 MCP-forbindelser stabile denne session (leder balance/equity 24976.92, 0 aabne positioner, 0 deals 7 dage; Rune Copy#1 balance 24978.74/equity 24984.21, 1 aaben position XAUUSD SELL 0.01 lot (profit 5.52), 1 deal 7 dage: en aabnings-deal for ticket 58073351084/58447635618 (XAGUSD, entry=0/IN) - kendt MT5-ticket-genbrugs-anomali, allerede resolved LUKKET fra tidligere koersel, 0 nye opdateringer). Afstemning: leder 0 deals, foelger 0 nye opdateringer (allerede resolved sprunget over). Scan: 4000 M15-candles XAUUSD+XAGUSD (leder-forbindelse), alle 4 strategier. Ingen nye signaler paa XAUUSD/XAGUSD. Kontostatus logget for leder og Rune Copy#1.","XAUUSD,XAGUSD",0,ok
2026-09-15 21:31:33.914093+00:00,"Scan 2026-09-15 (leder Rune Main): control.json paused=false, close_all_requested=false - ingen kill-switch-handling. Ingen konto/omdoeb/byt-leder-anmodninger. Begge MT5 MCP-forbindelser stabile denne session (leder balance/equity 24976.92, 0 aabne positioner, 0 deals 7 dage; Rune Copy#1 balance 24978.74/equity 24984.21, 1 aaben position XAUUSD SELL 0.01 lot (profit 5.52), 1 deal 7 dage: en aabnings-deal for ticket 58073351084/58447635618 (XAGUSD, entry=0/IN) - kendt MT5-ticket-genbrugs-anomali, allerede resolved LUKKET fra tidligere koersel, 0 nye opdateringer). Afstemning: leder 0 deals, foelger 0 nye opdateringer (allerede resolved sprunget over). Scan: 4000 M15-candles XAUUSD+XAGUSD (leder-forbindelse), alle 4 strategier. Ingen nye signaler paa XAUUSD/XAGUSD. Kontostatus logget for leder og Rune Copy#1.","XAUUSD,XAGUSD",0,ok
2026-09-15 21:46:50.321865+00:00,"Scan 2026-09-15 (leder Rune Main): control.json paused=false, close_all_requested=false - ingen kill-switch-handling. Ingen konto/omdoeb/byt-leder-anmodninger. Begge MT5 MCP-forbindelser stabile denne session (leder balance/equity 24976.92, 0 aabne positioner, 0 deals 7 dage; Rune Copy#1 balance 24978.74/equity 24984.21, 1 aaben position XAUUSD SELL 0.01 lot (profit 5.52), 1 deal 7 dage: en aabnings-deal for ticket 58073351084/58447635618 (XAGUSD, entry=0/IN) - kendt MT5-ticket-genbrugs-anomali, allerede resolved LUKKET fra tidligere koersel, 0 nye opdateringer). Afstemning: leder 0 deals, foelger 0 nye opdateringer (allerede resolved sprunget over). Scan: 4000 M15-candles XAUUSD+XAGUSD (leder-forbindelse), alle 4 strategier. Ingen nye signaler paa XAUUSD/XAGUSD. Kontostatus logget for leder og Rune Copy#1.","XAUUSD,XAGUSD",0,ok
2026-09-15 22:02:19.855070+00:00,"Scan 2026-09-16 (leder Rune Main): control.json paused=false, close_all_requested=false - ingen kill-switch-handling. Ingen konto/omdoeb/byt-leder-anmodninger. Begge MT5 MCP-forbindelser stabile denne session (leder balance/equity 24976.92, 0 aabne positioner, 0 deals 7 dage; Rune Copy#1 balance 24978.74/equity 24985.63, 1 aaben position XAUUSD SELL 0.01 lot (profit 8.32), 7 deals 7 dage: opdagede 1 NY lukket trade siden sidste koersel - position 58458050338 (XAGUSD SELL, SL-ramt, profit -18.80) - reconcile_trades opdaterede denne raekke fra pending til LUKKET/loss. De oevrige 6 deals var allerede resolved (kendt MT5-ticket-genbrugs-anomali for position 58447635618/58449029404, samt aabnings-deal for den fortsat aabne position 58459093980). Afstemning: leder 0 deals, foelger 1 nyt udfald reconciled). Scan: 4000 M15-candles XAUUSD+XAGUSD (leder-forbindelse), alle 4 strategier. Ingen nye signaler paa XAUUSD/XAGUSD. Kontostatus logget for leder og Rune Copy#1.","XAUUSD,XAGUSD",0,ok
2026-09-15 22:17:28.448022+00:00,"Scan 2026-09-16 (leder Rune Main): control.json paused=false, close_all_requested=false - ingen kill-switch-handling. Ingen konto/omdoeb/byt-leder-anmodninger. Begge MT5 MCP-forbindelser stabile (leder balance/equity 24976.92, 0 aabne positioner, 0 deals 7 dage; Rune Copy#1 balance 24978.74/equity 24988.36, 1 aaben position XAUUSD SELL 0.01 lot (profit 9.67), 7 deals 7 dage - samme datasaet som forrige koersel, alle 3 lukkede positioner (58447635618/58449029404/58458050338) allerede reconciled, 0 nye opdateringer). Afstemning: leder 0 deals, foelger 0 nye opdateringer. Scan: 4000 M15-candles XAUUSD+XAGUSD (leder-forbindelse), alle 4 strategier. Ingen nye signaler paa XAUUSD/XAGUSD. Kontostatus logget for leder og Rune Copy#1.","XAUUSD,XAGUSD",0,ok
2026-09-15 22:32:02.859130+00:00,"Scan 2026-09-16 (leder Rune Main): control.json paused=false, close_all_requested=false - ingen kill-switch-handling. Ingen konto/omdoeb/byt-leder-anmodninger. Begge MT5 MCP-forbindelser stabile (leder balance/equity 24976.92, 0 aabne positioner, 0 deals 7 dage; Rune Copy#1 balance 24978.74/equity 24984.36, 1 aaben position XAUUSD SELL 0.01 lot (profit 5.62), 7 deals 7 dage - samme datasaet som forrige koersel, alle 3 lukkede positioner (58447635618/58449029404/58458050338) allerede reconciled, 0 nye opdateringer). Afstemning: leder 0 deals, foelger 0 nye opdateringer. Scan: 4000 M15-candles XAUUSD+XAGUSD (leder-forbindelse), alle 4 strategier ( _scan_runner.py genskabt, var forsvundet siden sidste session). Ingen nye signaler paa XAUUSD/XAGUSD. Kontostatus logget for leder og Rune Copy#1.","XAUUSD,XAGUSD",0,ok
2026-09-15 22:47:21.538733+00:00,"Scan 2026-09-16 (leder Rune Main): control.json paused=false, close_all_requested=false - ingen kill-switch-handling. Ingen konto/omdoeb/byt-leder-anmodninger. Begge MT5 MCP-forbindelser stabile (leder balance/equity 24976.92, 0 aabne positioner, 0 deals 7 dage; Rune Copy#1 balance 24978.74/equity 24986.81, 1 aaben position XAUUSD SELL 0.01 lot (profit 8.05), 7 deals 7 dage - samme datasaet som forrige koersel, alle 3 lukkede positioner allerede reconciled, 0 nye opdateringer). Afstemning: leder 0 deals, foelger 0 nye opdateringer. Scan: 4000 M15-candles XAUUSD+XAGUSD (leder-forbindelse), alle 4 strategier. Ingen nye signaler paa XAUUSD/XAGUSD. Kontostatus logget for leder og Rune Copy#1.","XAUUSD,XAGUSD",0,ok
2026-09-15 23:02:45.897153+00:00,"Scan 2026-09-16 (leder Rune Main): control.json paused=false, close_all_requested=false - ingen kill-switch-handling. Ingen konto/omdoeb/byt-leder-anmodninger. Begge MT5 MCP-forbindelser stabile (leder balance/equity 24976.92, 0 aabne positioner, 0 deals 7 dage; Rune Copy#1 balance 24978.74/equity 24995.25, 1 aaben position XAUUSD SELL 0.01 lot (profit 16.56), 7 deals 7 dage - samme datasaet som forrige koersler, alle 3 lukkede positioner (58447635618/58449029404/58458050338) allerede reconciled, 0 nye opdateringer. NB: under afstemning inkluderede jeg fejlagtigt aabningsdealen for den fortsat aabne position 58459093980 som om den var en lukket handel (profit 0.0), hvilket midlertidigt markerede raekken LUKKET/breakeven i multi_account_log.csv - opdaget og rettet tilbage til pending samme koersel, ingen data gik tabt). Afstemning: leder 0 deals, foelger 0 reelle nye opdateringer. Scan: 4000 M15-candles XAUUSD+XAGUSD (leder-forbindelse), alle 4 strategier. Ingen nye signaler paa XAUUSD/XAGUSD. Kontostatus logget for leder og Rune Copy#1.","XAUUSD,XAGUSD",0,ok
2026-09-15 23:17:15.114795+00:00,"Scan 2026-09-16 (leder Rune Main): control.json paused=false, close_all_requested=false - ingen kill-switch-handling. Ingen konto/omdoeb/byt-leder-anmodninger. Begge MT5 MCP-forbindelser stabile (leder balance/equity 24976.92, 0 aabne positioner, 0 deals 7 dage; Rune Copy#1 balance 24978.74/equity 24994.94, 1 aaben position XAUUSD SELL 0.01 lot (profit 16.25), 7 deals 7 dage - samme datasaet som forrige koersler, alle 3 lukkede positioner (58447635618/58449029404/58458050338) allerede reconciled, 0 nye opdateringer). Afstemning: leder 0 deals, foelger 0 nye opdateringer. Scan: 4000 M15-candles XAUUSD+XAGUSD (leder-forbindelse), alle 4 strategier. Ingen nye signaler paa XAUUSD/XAGUSD. Kontostatus logget for leder og Rune Copy#1.","XAUUSD,XAGUSD",0,ok
2026-09-15 23:31:39.343176+00:00,"Scan 2026-09-16 (leder Rune Main): control.json paused=false, close_all_requested=false - ingen kill-switch-handling. Ingen konto/omdoeb/byt-leder-anmodninger. Begge MT5 MCP-forbindelser stabile (leder balance/equity 24976.92, 0 aabne positioner, 0 deals 7 dage; Rune Copy#1 balance 24978.74/equity 24998.33, 1 aaben position XAUUSD SELL 0.01 lot (profit 19.61), 2 pending SELL_LIMIT-ordrer paa XAUUSD (58447634934/58447635498), 7 deals 7 dage - samme datasaet som forrige koersler, alle 3 lukkede positioner (58447635618/58449029404/58458050338) allerede reconciled, 0 nye opdateringer). Afstemning: leder 0 deals, foelger 0 nye opdateringer. Scan: 4000 M15-candles XAUUSD+XAGUSD (leder-forbindelse), alle 4 strategier. Ingen nye signaler paa XAUUSD/XAGUSD. Kontostatus logget for leder og Rune Copy#1.","XAUUSD,XAGUSD",0,ok
2026-09-15 23:48:02.100597+00:00,"Scan 2026-09-16 (leder Rune Main): control.json paused=false, close_all_requested=false - ingen kill-switch-handling. Ingen konto/omdoeb/byt-leder-anmodninger. Begge MT5 MCP-forbindelser stabile (leder balance/equity 24976.92, 0 aabne positioner, 0 deals 7 dage; Rune Copy#1 balance 24978.74/equity 24995.74, 1 aaben position XAUUSD SELL 0.01 lot (profit 17.05), 7 deals 7 dage - samme datasaet som forrige koersler, alle 3 lukkede positioner (58447635618/58449029404/58458050338) allerede reconciled, 0 nye opdateringer). Afstemning: leder 0 deals, foelger 0 nye opdateringer. Scan: 4000 M15-candles XAUUSD+XAGUSD (leder-forbindelse), alle 4 strategier. Ingen nye signaler paa XAUUSD/XAGUSD. Kontostatus logget for leder og Rune Copy#1.","XAUUSD,XAGUSD",0,ok
2026-09-16 00:01:48.464899+00:00,"Scan 2026-09-16 (leder Rune Main): control.json paused=false, close_all_requested=false - ingen kill-switch-handling. Ingen konto/omdoeb/byt-leder-anmodninger (account_request.json/rename_request.json/swap_leader_request.json ingen af dem fandtes). Begge MT5 MCP-forbindelser stabile (leder balance/equity 24976.92, 0 aabne positioner, 0 deals 7 dage; Rune Copy#1 balance 24978.74/equity 24999.98, 1 aaben position XAUUSD SELL 0.01 lot (profit 21.28), 7 deals 7 dage - samme datasaet som forrige koersler, alle 3 lukkede positioner (58447635618/58449029404/58458050338) allerede reconciled, 0 nye opdateringer). Afstemning: leder 0 deals, foelger 0 nye opdateringer. Scan: 4000 M15-candles XAUUSD+XAGUSD (leder-forbindelse), alle 4 strategier. Ingen nye signaler paa XAUUSD/XAGUSD. Kontostatus logget for leder og Rune Copy#1.","XAUUSD,XAGUSD",0,ok
2026-09-16 00:16:57.987426+00:00,"Scan 2026-09-16 (leder Rune Main): control.json paused=false, close_all_requested=false - ingen kill-switch-handling. Ingen konto/omdoeb/byt-leder-anmodninger. Begge MT5 MCP-forbindelser stabile (leder balance/equity 24976.92, 0 aabne positioner, 0 deals 7 dage; Rune Copy#1 balance 24978.74/equity 24998.39, 1 aaben position XAUUSD SELL 0.01 lot (profit 19.70), 7 deals 7 dage - samme datasaet som forrige koersler, alle 3 lukkede positioner (58447635618/58449029404/58458050338) allerede reconciled, 0 nye opdateringer). Afstemning: leder 0 deals, foelger 0 nye opdateringer. Scan: 4000 M15-candles XAUUSD+XAGUSD (leder-forbindelse), alle 4 strategier. Ingen nye signaler paa XAUUSD/XAGUSD. Kontostatus logget for leder og Rune Copy#1.","XAUUSD,XAGUSD",0,ok
2026-09-16 00:31:57.812519+00:00,"Scan 2026-09-16 (leder Rune Main): control.json paused=false, close_all_requested=false - ingen kill-switch-handling. Ingen konto/omdoeb/byt-leder-anmodninger. Begge MT5 MCP-forbindelser stabile (leder balance/equity 24976.92, 0 aabne positioner, 0 deals 7 dage; Rune Copy#1 balance 24978.74/equity 24997.25, 1 aaben position XAUUSD SELL 0.01 lot (profit 18.51), 7 deals 7 dage - samme datasaet som forrige koersler, alle 3 lukkede positioner (58447635618/58449029404/58458050338) allerede reconciled, 0 nye opdateringer). Afstemning: leder 0 deals, foelger 0 nye opdateringer. Scan: 4000 M15-candles XAUUSD+XAGUSD (leder-forbindelse), alle 4 strategier. Ingen nye signaler paa XAUUSD/XAGUSD. Kontostatus logget for leder og Rune Copy#1.","XAUUSD,XAGUSD",0,ok
2026-09-16 00:46:44.838445+00:00,"Scan 2026-09-16 (leder Rune Main): control.json paused=false, close_all_requested=false - ingen kill-switch-handling. Ingen konto/omdoeb/byt-leder-anmodninger. Begge MT5 MCP-forbindelser stabile (leder balance/equity 24976.92, 0 aabne positioner, 0 deals 7 dage; Rune Copy#1 balance 24978.74/equity 24998.59, 1 aaben position XAUUSD SELL 0.01 lot (profit 19.86), 7 deals 7 dage - samme datasaet som forrige koersler, alle 3 lukkede positioner (58447635618/58449029404/58458050338) allerede reconciled, 0 nye opdateringer). Afstemning: leder 0 deals, foelger 0 nye opdateringer. Scan: 4000 M15-candles XAUUSD+XAGUSD (leder-forbindelse), alle 4 strategier. Ingen nye signaler paa XAUUSD/XAGUSD. Kontostatus logget for leder og Rune Copy#1.","XAUUSD,XAGUSD",0,ok
2026-09-16 01:03:01.195197+00:00,"Scan 2026-09-16 (leder Rune Main): control.json paused=false, close_all_requested=false - ingen kill-switch-handling. Ingen konto/omdoeb/byt-leder-anmodninger. Begge MT5 MCP-forbindelser stabile (leder balance/equity 24976.92, 0 aabne positioner, 0 deals 7 dage; Rune Copy#1 balance 24978.74/equity 24998.22, 1 aaben position XAUUSD SELL 0.01 lot (profit 19.57), 0 deals 7 dage - samme datasaet som forrige koersler, alle 3 lukkede positioner (58447635618/58449029404/58458050338) allerede reconciled, 0 nye opdateringer). Afstemning: leder 0 deals, foelger 0 nye opdateringer. Scan: 4000 M15-candles XAUUSD+XAGUSD (leder-forbindelse), alle 4 strategier. Ingen nye signaler paa XAUUSD/XAGUSD. Kontostatus logget for leder og Rune Copy#1.","XAUUSD,XAGUSD",0,ok
2026-09-16 01:17:39.745175+00:00,"Scan 2026-09-16 (leder Rune Main): control.json paused=false, close_all_requested=false - ingen kill-switch-handling. Ingen konto/omdoeb/byt-leder-anmodninger. Begge MT5 MCP-forbindelser stabile (leder balance/equity 24976.92, 0 aabne positioner, 0 deals 7 dage; Rune Copy#1 balance 24978.74/equity 24996.08, 1 aaben position XAUUSD SELL 0.01 lot (profit 17.28), samme datasaet som forrige koersler, alle 3 lukkede positioner (58447635618/58449029404/58458050338) allerede reconciled, 0 nye opdateringer). Afstemning: leder 0 deals, foelger 0 nye opdateringer. Scan: 4000 M15-candles XAUUSD+XAGUSD (leder-forbindelse), alle 4 strategier. Ingen nye signaler paa XAUUSD/XAGUSD. Kontostatus logget for leder og Rune Copy#1.","XAUUSD,XAGUSD",0,ok
2026-09-16 01:33:00.764230+00:00,"Scan 2026-09-16 (leder Rune Main): control.json paused=false, close_all_requested=false - ingen kill-switch-handling. Ingen konto/omdoeb/byt-leder-anmodninger. Begge MT5 MCP-forbindelser stabile (leder balance/equity 24976.92, 0 aabne positioner, 0 deals 7 dage; Rune Copy#1 balance 24978.74/equity 24992.56, 1 aaben position XAUUSD SELL 0.01 lot (profit 13.87) - samme datasaet som forrige koersler, alle 3 lukkede positioner (58447635618/58449029404/58458050338) allerede reconciled, 0 nye opdateringer). Afstemning: leder 0 deals, foelger 0 nye opdateringer. Scan: 4000 M15-candles XAUUSD+XAGUSD (leder-forbindelse), alle 4 strategier. Ingen nye signaler paa XAUUSD/XAGUSD. Kontostatus logget for leder og Rune Copy#1.","XAUUSD,XAGUSD",0,ok
2026-09-16 01:47:35.114111+00:00,"Scan 2026-09-16 (leder Rune Main): control.json paused=false, close_all_requested=false - ingen kill-switch-handling. Ingen konto/omdoeb/byt-leder-anmodninger. Begge MT5 MCP-forbindelser stabile (leder balance/equity 24976.92, 0 aabne positioner, 0 deals 7 dage; Rune Copy#1 balance 24978.74/equity 24993.08, 1 aaben position XAUUSD SELL 0.01 lot (profit 14.39), samme datasaet som forrige koersler, alle 3 lukkede positioner (58447635618/58449029404/58458050338) allerede reconciled, 0 nye opdateringer). Afstemning: leder 0 deals, foelger 0 nye opdateringer. Scan: 4000 M15-candles XAUUSD+XAGUSD (leder-forbindelse), alle 4 strategier. Ingen nye signaler paa XAUUSD/XAGUSD. Kontostatus logget for leder og Rune Copy#1.","XAUUSD,XAGUSD",0,ok
2026-09-16 02:02:20.816659+00:00,"Scan 2026-09-16 (leder Rune Main): control.json paused=false, close_all_requested=false - ingen kill-switch-handling. Ingen konto/omdoeb/byt-leder-anmodninger. Begge MT5 MCP-forbindelser stabile (leder balance/equity 24976.92, 0 aabne positioner, 0 deals 7 dage; Rune Copy#1 balance 24978.74/equity 24996.46, 1 aaben position XAUUSD SELL 0.01 lot (profit 17.76), samme datasaet som forrige koersler, alle 3 lukkede positioner (58447635618/58449029404/58458050338) allerede reconciled, 0 nye opdateringer). Afstemning: leder 0 deals, foelger 0 nye opdateringer. Scan: 4000 M15-candles XAUUSD+XAGUSD (leder-forbindelse), alle 4 strategier. Ingen nye signaler paa XAUUSD/XAGUSD. Kontostatus logget for leder og Rune Copy#1.","XAUUSD,XAGUSD",0,ok
2026-09-16 02:16:59.561279+00:00,"Scan 2026-09-16 (leder Rune Main): control.json paused=false, close_all_requested=false - ingen kill-switch-handling. Ingen konto/omdoeb/byt-leder-anmodninger. Begge MT5 MCP-forbindelser stabile (leder balance/equity 24976.92, 0 aabne positioner, 0 deals 7 dage; Rune Copy#1 balance 24978.74/equity 24990.84, 1 aaben position XAUUSD SELL 0.01 lot (profit 12.24), samme datasaet som forrige koersler, alle 3 lukkede positioner (58447635618/58449029404/58458050338) allerede reconciled, 0 nye opdateringer). Afstemning: leder 0 deals, foelger 0 nye opdateringer. Scan: 4000 M15-candles XAUUSD+XAGUSD (leder-forbindelse), alle 4 strategier. Ingen nye signaler paa XAUUSD/XAGUSD. Kontostatus logget for leder og Rune Copy#1.","XAUUSD,XAGUSD",0,ok
2026-09-16 02:32:32.961638+00:00,"Scan 2026-09-16 (leder Rune Main): control.json paused=false, close_all_requested=false - ingen kill-switch-handling. Ingen konto/omdoeb/byt-leder-anmodninger. Begge MT5 MCP-forbindelser stabile (leder balance/equity 24976.92, 0 aabne positioner, 0 deals 7 dage; Rune Copy#1 balance 24978.74/equity 24971.96, 1 aaben position XAUUSD SELL 0.01 lot (profit -6.72), samme datasaet som forrige koersler, alle 3 lukkede positioner (58447635618/58449029404/58458050338) allerede reconciled, 0 nye opdateringer). Afstemning: leder 0 deals, foelger 0 nye opdateringer. Scan: 4000 M15-candles XAUUSD+XAGUSD (leder-forbindelse), alle 4 strategier. Ingen nye signaler paa XAUUSD/XAGUSD. Kontostatus logget for leder og Rune Copy#1.","XAUUSD,XAGUSD",0,ok
2026-09-16 02:47:24.919401+00:00,"Scan 2026-09-16 (leder Rune Main): control.json paused=false, close_all_requested=false - ingen kill-switch-handling. Ingen konto/omdoeb/byt-leder-anmodninger. Begge MT5 MCP-forbindelser stabile (leder balance/equity 24976.92, 0 aabne positioner, 0 deals 7 dage; Rune Copy#1 balance 24978.74/equity 24967.82, 1 aaben position XAUUSD SELL 0.01 lot (profit -10.87), samme datasaet som forrige koersler, alle 3 lukkede positioner (58447635618/58449029404/58458050338) allerede reconciled, 0 nye opdateringer). Afstemning: leder 0 deals, foelger 0 nye opdateringer. Scan: 4000 M15-candles XAUUSD+XAGUSD (leder-forbindelse), alle 4 strategier. Ingen nye signaler paa XAUUSD/XAGUSD. Kontostatus logget for leder og Rune Copy#1.","XAUUSD,XAGUSD",0,ok
2026-09-16 03:02:34.426246+00:00,"Scan 2026-09-16 (leder Rune Main): control.json paused=false, close_all_requested=false - ingen kill-switch-handling. Ingen konto/omdoeb/byt-leder-anmodninger. Begge MT5 MCP-forbindelser stabile. Leder balance/equity 24976.92, 0 aabne positioner, 0 deals. Rune Copy#1 balance/equity 24960.02, 0 aabne positioner (XAUUSD SELL 0.01 lot lukket via SL siden sidste koersel, ticket 58459093980, pnl -18.67, nu reconciled). Afstemning: leder 0 deals, foelger 1 nyt lukket trade reconciled. Scan: 4000 M15-candles XAUUSD+XAGUSD (leder-forbindelse), alle 4 strategier. Ingen nye signaler. Kontostatus logget for leder og Rune Copy#1.","XAUUSD,XAGUSD",0,ok
2026-09-16 03:17:58.149558+00:00,"Scan 2026-09-16 (leder Rune Main): control.json paused=false, close_all_requested=false - ingen kill-switch-handling. Ingen konto/omdoeb/byt-leder-anmodninger. Begge MT5 MCP-forbindelser stabile. Leder balance/equity 24976.92, 0 aabne positioner, 0 deals 7 dage. Rune Copy#1 balance 24960.02/equity 24951.78, 1 aaben position XAUUSD SELL 0.01 lot (profit -8.08, ticket 58447635498). Afstemning: leder 0 deals, foelger 4 lukkede deals (alle allerede reconciled fra tidligere koersler, 0 nye opdateringer). Scan: 4000 M15-candles XAUUSD+XAGUSD (leder-forbindelse), alle 4 strategier. Ingen nye signaler paa XAUUSD/XAGUSD. Kontostatus logget for leder og Rune Copy#1.","XAUUSD,XAGUSD",0,ok
2026-09-16 03:32:38.757694+00:00,"Scan 2026-09-16 (leder Rune Main): control.json paused=false, close_all_requested=false - ingen kill-switch-handling. Ingen konto/omdoeb/byt-leder-anmodninger. Begge MT5 MCP-forbindelser stabile. Leder balance/equity 24976.92, 0 aabne positioner, 0 deals seneste 7 dage. Rune Copy#1 balance 24960.02/equity 24959.88, 1 aaben position XAUUSD SELL 0.01 lot (profit -0.14, ticket 58447635498). Afstemning: leder 0 deals, foelger 0 nye opdateringer (3 tidligere lukkede positioner 58447635618/58449029404/58458050338 allerede reconciled). Scan: 4000 M15-candles XAUUSD+XAGUSD (leder-forbindelse), alle 4 strategier. Ingen nye signaler paa XAUUSD/XAGUSD. Kontostatus logget for leder og Rune Copy#1.","XAUUSD,XAGUSD",0,ok
2026-09-16 03:47:13.538070+00:00,"Scan 2026-09-16 (leder Rune Main): control.json paused=false, close_all_requested=false - ingen kill-switch-handling. Ingen konto/omdoeb/byt-leder-anmodninger. Begge MT5 MCP-forbindelser stabile. Leder balance/equity 24976.92, 0 aabne positioner, 0 deals seneste 7 dage. Rune Copy#1 balance 24960.02/equity 24962.34, 1 aaben position XAUUSD SELL 0.01 lot (profit +2.34, ticket 58447635498). Afstemning: leder 0 deals, foelger 3 lukkede deals (alle allerede reconciled, 0 nye opdateringer). Scan: 4000 M15-candles XAUUSD+XAGUSD (leder-forbindelse), alle 4 strategier. Ingen nye signaler paa XAUUSD/XAGUSD. Kontostatus logget for leder og Rune Copy#1.","XAUUSD,XAGUSD",0,ok
2026-09-16 04:02:34.806491+00:00,"Scan 2026-09-16 (leder Rune Main): control.json paused=false, close_all_requested=false - ingen kill-switch-handling. Ingen konto/omdoeb/byt-leder-anmodninger. Begge MT5 MCP-forbindelser stabile. Leder balance/equity 24976.92, 0 aabne positioner, 0 deals seneste 7 dage. Rune Copy#1 balance 24960.02/equity 24961.83, 1 aaben position XAUUSD SELL 0.01 lot (profit +1.85, ticket 58447635498). Afstemning: leder 0 deals, foelger 3 lukkede deals (alle allerede reconciled, 0 nye opdateringer). Scan: 4000 M15-candles XAUUSD+XAGUSD (leder-forbindelse), alle 4 strategier. Ingen nye signaler paa XAUUSD/XAGUSD. Kontostatus logget for leder og Rune Copy#1.","XAUUSD,XAGUSD",0,ok
2026-09-16 04:17:22.296193+00:00,"Scan 2026-09-16 (leder Rune Main): control.json paused=false, close_all_requested=false - ingen kill-switch-handling. Ingen konto/omdoeb/byt-leder-anmodninger. Begge MT5 MCP-forbindelser stabile. Leder balance/equity 24976.92, 0 aabne positioner, 0 deals seneste 7 dage. Rune Copy#1 balance 24960.02/equity 24963.27, 1 aaben position XAUUSD SELL 0.01 lot (profit +3.34, ticket 58447635498). Afstemning: leder 0 deals, foelger 3 lukkede deals (alle allerede reconciled, 0 nye opdateringer). Scan: 4000 M15-candles XAUUSD+XAGUSD (leder-forbindelse), alle 4 strategier. Ingen nye signaler paa XAUUSD/XAGUSD. Kontostatus logget for leder og Rune Copy#1.","XAUUSD,XAGUSD",0,ok
2026-09-16 04:33:29.662196+00:00,"Scan 2026-09-16 (leder Rune Main): control.json paused=false, close_all_requested=false - ingen kill-switch-handling. Ingen konto/omdoeb/byt-leder-anmodninger. Begge MT5 MCP-forbindelser stabile. Leder balance/equity 24976.92, 0 aabne positioner, 0 deals seneste 7 dage. Rune Copy#1 balance 24960.02/equity 24962.13, 1 aaben position XAUUSD SELL 0.01 lot (profit +1.48, ticket 58447635498). Afstemning: leder 0 deals, foelger 3 lukkede deals (alle allerede reconciled, 0 nye opdateringer). Scan: 4000 M15-candles XAUUSD+XAGUSD (leder-forbindelse), alle 4 strategier. Ingen nye signaler paa XAUUSD/XAGUSD. Kontostatus logget for leder og Rune Copy#1.","XAUUSD,XAGUSD",0,ok
2026-09-16 04:46:30.050611+00:00,"Scan 2026-09-16 (leder Rune Main): control.json paused=false, close_all_requested=false - ingen kill-switch-handling. Ingen konto/omdoeb/byt-leder-anmodninger. Begge MT5 MCP-forbindelser stabile. Leder balance/equity 24976.92, 0 aabne positioner, 0 deals seneste 7 dage. Rune Copy#1 balance 24960.02/equity 24966.64, 1 aaben position XAUUSD SELL 0.01 lot (profit +6.62, ticket 58447635498). Afstemning: leder 0 deals, foelger 3 lukkede deals (alle allerede reconciled, 0 nye opdateringer). Scan: 4000 M15-candles XAUUSD+XAGUSD (leder-forbindelse), alle 4 strategier. Ingen nye signaler paa XAUUSD/XAGUSD. Kontostatus logget for leder og Rune Copy#1.","XAUUSD,XAGUSD",0,ok
2026-09-16 05:02:34.379971+00:00,"Scan 2026-09-16 (leder Rune Main): control.json paused=false, close_all_requested=false - ingen kill-switch-handling. Ingen konto/omdoeb/byt-leder-anmodninger. Begge MT5 MCP-forbindelser stabile. Leder balance/equity 24976.92, 0 aabne positioner, 0 deals seneste 7 dage. Rune Copy#1 balance 24960.02/equity 24968.19, 1 aaben position XAUUSD SELL 0.01 lot (profit +8.45, ticket 58447635498). Afstemning: leder 0 deals, foelger 3 lukkede deals (alle allerede reconciled, 0 nye opdateringer). Scan: 4000 M15-candles XAUUSD+XAGUSD (leder-forbindelse), alle 4 strategier. Ingen nye signaler paa XAUUSD/XAGUSD. Kontostatus logget for leder og Rune Copy#1.","XAUUSD,XAGUSD",0,ok
2026-09-16 05:16:44.108270+00:00,"Scan 2026-09-16 (leder Rune Main): control.json paused=false, close_all_requested=false - ingen kill-switch-handling. Ingen konto/omdoeb/byt-leder-anmodninger. Begge MT5 MCP-forbindelser stabile. Leder balance/equity 24976.92, 0 aabne positioner, 0 deals seneste 7 dage. Rune Copy#1 balance 24960.02/equity 24967.01, 1 aaben position XAUUSD SELL 0.01 lot (profit +6.99, ticket 58447635498). Afstemning: leder 0 deals, foelger 3 lukkede deals (alle allerede reconciled, 0 nye opdateringer). Scan: 4000 M15-candles XAUUSD+XAGUSD (leder-forbindelse), alle 4 strategier. Ingen nye signaler paa XAUUSD/XAGUSD. Kontostatus logget for leder og Rune Copy#1.","XAUUSD,XAGUSD",0,ok
2026-09-16 05:33:26.645971+00:00,"Scan 2026-09-16 (leder Rune Main): control.json paused=false, close_all_requested=false - ingen kill-switch-handling. Ingen konto/omdoeb/byt-leder-anmodninger. Begge MT5 MCP-forbindelser stabile. Leder balance/equity 24976.92, 0 aabne positioner, 0 deals seneste 7 dage. Rune Copy#1 balance 24960.02/equity 24963.07, 1 aaben position XAUUSD SELL 0.01 lot (profit +3.14, ticket 58447635498). Afstemning: leder 0 deals, foelger 3 lukket/genkendt deals (alle allerede reconciled, 0 nye opdateringer). Bemaerk: foelger-ticket 58459093980 (allerede LUKKET/loss/-18.67 logget 2026-09-15 09:46) dukkede op igen som en ny entry=0-aabningsdeal 2026-09-15 21:13 -- kendt ticket-genbrugs-anomali paa MetaQuotes-Demo, ingen handling foretaget, eksisterende raekke ikke overskrevet. Scan: 4000 M15-candles XAUUSD+XAGUSD (leder-forbindelse), alle 4 strategier. Ingen nye signaler paa XAUUSD/XAGUSD. Kontostatus logget for leder og Rune Copy#1.","XAUUSD,XAGUSD",0,warning
2026-09-16 05:46:42.428830+00:00,"Scan 2026-09-16 (leder Rune Main): control.json paused=false, close_all_requested=false - ingen kill-switch-handling. Ingen konto/omdoeb/byt-leder-anmodninger. Begge MT5 MCP-forbindelser stabile. Leder balance/equity 24976.92, 0 aabne positioner, 0 deals seneste 7 dage. Rune Copy#1 balance 24960.02/equity 24956.87, 1 aaben position XAUUSD SELL 0.01 lot (profit -3.15, ticket 58447635498). Afstemning: leder 0 deals, foelger 4 lukkede deals fundet (alle allerede reconciled tidligere, 0 nye opdateringer). Scan: 4000 M15-candles XAUUSD+XAGUSD (leder-forbindelse), alle 4 strategier. Ingen nye signaler paa XAUUSD/XAGUSD. Kontostatus logget for leder og Rune Copy#1.","XAUUSD,XAGUSD",0,ok
2026-09-16 06:03:03.028959+00:00,"Scan 2026-09-16 (leder Rune Main): control.json paused=false, close_all_requested=false - ingen kill-switch-handling. Ingen konto/omdoeb/byt-leder-anmodninger. Begge MT5 MCP-forbindelser stabile. Leder balance/equity 24976.92, 0 aabne positioner, 0 deals seneste 7 dage. Rune Copy#1 balance 24960.02/equity 24959.96, 1 aaben position XAUUSD SELL 0.01 lot (profit -0.36, ticket 58447635498). Afstemning: leder 0 deals, foelger 3 lukkede deals (alle allerede reconciled tidligere, 0 nye opdateringer). Bemaerk: foelger-ticket 58459093980 (tidligere LUKKET/loss) dukkede op igen som ny aabningsdeal 2026-09-15 21:13 -- kendt ticket-genbrugs-anomali, ingen handling foretaget. Scan: 4000 M15-candles XAUUSD+XAGUSD (leder-forbindelse), alle 4 strategier. Ingen nye signaler paa XAUUSD/XAGUSD. Kontostatus logget for leder og Rune Copy#1.","XAUUSD,XAGUSD",0,ok
2026-09-16 06:17:36.795386+00:00,"Scan 2026-09-16 (leder Rune Main): control.json paused=false, close_all_requested=false - ingen kill-switch-handling. Ingen konto/omdoeb/byt-leder-anmodninger. Begge MT5 MCP-forbindelser stabile. Leder balance/equity 24976.92, 0 aabne positioner, 0 deals seneste 7 dage. Rune Copy#1 balance 24960.02/equity 24963.03, 1 aaben position XAUUSD SELL 0.01 lot (profit +3.33, ticket 58447635498). Afstemning: leder 0 deals, foelger 3 lukkede deals fundet (alle allerede reconciled tidligere, 0 nye opdateringer). Bemaerk: foelger-ticket 58459093980 (tidligere LUKKET/loss) dukkede op igen som ny aabningsdeal 2026-09-15 21:13 -- kendt ticket-genbrugs-anomali, ingen handling foretaget. Scan: 4000 M15-candles XAUUSD+XAGUSD (leder-forbindelse), alle 4 strategier. Ingen nye signaler paa XAUUSD/XAGUSD. Kontostatus logget for leder og Rune Copy#1.","XAUUSD,XAGUSD",0,ok
2026-09-16 06:33:26.289705+00:00,"Scan 2026-09-16 (leder Rune Main): control.json paused=false, close_all_requested=false - ingen kill-switch-handling. Ingen konto/omdoeb/byt-leder-anmodninger. Begge MT5 MCP-forbindelser stabile. Leder balance/equity 24976.92, 0 aabne positioner, 0 deals seneste 7 dage. Rune Copy#1 balance 24960.02/equity 24964.32, 1 aaben position XAUUSD SELL 0.01 lot (profit +4.02, ticket 58447635498). Afstemning: leder 0 deals, foelger 3 lukkede deals fundet (alle allerede reconciled tidligere, 0 nye opdateringer). Bemaerk: foelger-ticket 58459093980 (tidligere LUKKET/loss) dukkede fortsat op som aabningsdeal 2026-09-15 21:13 -- kendt ticket-genbrugs-anomali, ingen handling foretaget. Scan: 4000 M15-candles XAUUSD+XAGUSD (leder-forbindelse), alle 4 strategier. Ingen nye signaler paa XAUUSD/XAGUSD. Kontostatus logget for leder og Rune Copy#1.","XAUUSD,XAGUSD",0,ok
2026-09-16 06:47:16.983361+00:00,"Scan 2026-09-16 (leder Rune Main): control.json paused=false, close_all_requested=false - ingen kill-switch-handling. Ingen konto/omdoeb/byt-leder-anmodninger. Begge MT5 MCP-forbindelser stabile. Leder balance/equity 24976.92, 0 aabne positioner, 0 deals seneste 7 dage. Rune Copy#1 balance 24960.02/equity 24962.40, 1 aaben position XAUUSD SELL 0.01 lot (profit +2.38, ticket 58447635498). Afstemning: leder 0 deals, foelger 3 lukkede deals fundet (alle allerede reconciled tidligere, 0 nye opdateringer). Bemaerk: foelger-ticket 58459093980 (tidligere LUKKET/loss) dukkede op igen som ny aabningsdeal 2026-09-15 21:13 -- kendt ticket-genbrugs-anomali, ingen handling foretaget. Scan: 4000 M15-candles XAUUSD+XAGUSD (leder-forbindelse), alle 4 strategier. Ingen nye signaler paa XAUUSD/XAGUSD. Kontostatus logget for leder og Rune Copy#1.","XAUUSD,XAGUSD",0,ok
2026-09-16 07:02:17.277980+00:00,"Scan 2026-09-16 (leder Rune Main): control.json paused=false, close_all_requested=false - ingen kill-switch-handling. Ingen konto/omdoeb/byt-leder-anmodninger. Begge MT5 MCP-forbindelser stabile. Leder balance/equity 24976.92, 0 aabne positioner, 0 deals seneste 7 dage. Rune Copy#1 balance 24960.02/equity 24956.27, 1 aaben position XAUUSD SELL 0.01 lot (profit -3.75, ticket 58447635498). Afstemning: leder 0 deals, foelger 3 lukkede deals fundet (alle allerede reconciled tidligere, 0 nye opdateringer). Scan: 4000 M15-candles XAUUSD+XAGUSD (leder-forbindelse), alle 4 strategier. Ingen nye signaler paa XAUUSD/XAGUSD. Kontostatus logget for leder og Rune Copy#1.","XAUUSD,XAGUSD",0,ok
2026-09-16 07:17:13.788880+00:00,"Scan 2026-09-16 (leder Rune Main): control.json paused=false, close_all_requested=false - ingen kill-switch-handling. Ingen konto/omdoeb/byt-leder-anmodninger. Begge MT5 MCP-forbindelser stabile. Leder balance/equity 24976.92, 0 aabne positioner, 0 deals seneste 7 dage. Rune Copy#1 balance 24960.02/equity 24954.56, 1 aaben position XAUUSD SELL 0.01 lot (profit -5.43, ticket 58447635498). Afstemning: leder 0 deals, foelger 3 lukkede deals fundet (alle allerede reconciled tidligere, 0 nye opdateringer). Scan: 4000 M15-candles XAUUSD+XAGUSD (leder-forbindelse), alle 4 strategier. Ingen nye signaler paa XAUUSD/XAGUSD. Kontostatus logget for leder og Rune Copy#1.","XAUUSD,XAGUSD",0,ok
2026-09-16 07:32:54.494302+00:00,"Scan 2026-09-16 (leder Rune Main): control.json paused=false, close_all_requested=false - ingen kill-switch-handling. Ingen konto/omdoeb/byt-leder-anmodninger. Begge MT5 MCP-forbindelser stabile. Leder balance/equity 24976.92, 0 aabne positioner, 0 deals seneste 7 dage. Rune Copy#1 balance 24960.02/equity 24954.83, 1 aaben position XAUUSD SELL 0.01 lot (profit -5.07, ticket 58447635498). Afstemning: leder 0 deals, foelger 3 lukkede deals fundet (alle allerede reconciled tidligere, 0 nye opdateringer). Scan: 4000 M15-candles XAUUSD+XAGUSD (leder-forbindelse), alle 4 strategier. Ingen nye signaler paa XAUUSD/XAGUSD. Kontostatus logget for leder og Rune Copy#1.","XAUUSD,XAGUSD",0,ok
2026-09-16 07:47:16.453817+00:00,"Scan 2026-09-16 (leder Rune Main): control.json paused=false, close_all_requested=false - ingen kill-switch-handling. Ingen konto/omdoeb/byt-leder-anmodninger. Begge MT5 MCP-forbindelser stabile. Leder balance/equity 24976.92, 0 aabne positioner, 0 deals seneste 7 dage. Rune Copy#1 balance 24960.02/equity 24953.59, 1 aaben position XAUUSD SELL 0.01 lot (profit -6.43, ticket 58447635498). Afstemning: leder 0 deals, foelger 3 lukkede deals fundet (alle allerede reconciled tidligere, 0 nye opdateringer). Scan: 4000 M15-candles XAUUSD+XAGUSD (leder-forbindelse), alle 4 strategier. Ingen nye signaler paa XAUUSD/XAGUSD. Kontostatus logget for leder og Rune Copy#1.","XAUUSD,XAGUSD",0,ok
2026-09-16 08:02:01.439849+00:00,"Scan 2026-09-16 (leder Rune Main): control.json paused=false, close_all_requested=false - ingen kill-switch-handling. Ingen konto/omdoeb/byt-leder-anmodninger. Begge MT5 MCP-forbindelser stabile. Leder balance/equity 24976.92, 0 aabne positioner, 0 deals seneste 7 dage. Rune Copy#1 balance 24960.02/equity 24961.64, 1 aaben position XAUUSD SELL 0.01 lot (profit 1.62, ticket 58447635498), 1 resterende pending SELL_LIMIT-ordre XAUUSD 0.01 lot @4345.58 (ticket 58447634934). Afstemning: leder 0 deals, foelger 3 lukkede deals fundet (alle allerede reconciled tidligere, 0 nye opdateringer). Scan: 4000 M15-candles XAUUSD+XAGUSD (leder-forbindelse), alle 4 strategier. Ingen nye signaler paa XAUUSD/XAGUSD. Kontostatus logget for leder og Rune Copy#1.","XAUUSD,XAGUSD",0,ok
2026-09-16 08:17:52.272155+00:00,"Scan 2026-09-16 (leder Rune Main): control.json paused=false, close_all_requested=false - ingen kill-switch-handling. Ingen konto/omdoeb/byt-leder-anmodninger fundet. Begge MT5 MCP-forbindelser stabile. Leder balance/equity 24976.92, 0 aabne positioner, 0 deals seneste 7 dage. Rune Copy#1 balance 24960.02/equity 24959.55, 1 aaben position XAUUSD SELL 0.01 lot (profit -0.58, ticket 58447635498), 1 resterende pending SELL_LIMIT-ordre XAUUSD 0.01 lot @4345.58 (ticket 58447634934). Afstemning: leder 0 deals (udvidet forespoergsel til 2026-09-17 for at fange dagens deals). Foelger 4 lukkede deals fundet (58447635618 win 38.0, 58449029404 loss -19.25, 58458050338 loss -18.8, 58459093980 loss -18.67), alle allerede reconciled tidligere, 0 nye opdateringer. Scan: 4000 M15-candles XAUUSD+XAGUSD (leder-forbindelse), alle 4 strategier. Ingen nye signaler paa XAUUSD/XAGUSD. Kontostatus logget for leder og Rune Copy#1.","XAUUSD,XAGUSD",0,ok
2026-09-16 08:32:09.603130+00:00,"Scan 2026-09-16 (leder Rune Main): control.json paused=false, close_all_requested=false - ingen kill-switch-handling. Ingen konto/omdoeb/byt-leder-anmodninger. Begge MT5 MCP-forbindelser stabile. Leder balance/equity 24976.92, 0 aabne positioner, 0 deals seneste 7 dage. Rune Copy#1 balance 24960.02/equity 24959.84, 1 aaben position XAUUSD SELL 0.01 lot (profit -0.18, ticket 58447635498). Afstemning: leder 0 deals, foelger 4 lukkede deals fundet (58447635618, 58449029404, 58458050338, 58459093980) - alle allerede LUKKET tidligere pga. kendt ticket-reuse-anomali paa MetaQuotes-Demo (4. gentagelse), 0 nye opdateringer. Scan: 4000 M15-candles XAUUSD+XAGUSD (leder-forbindelse), alle 4 strategier. Ingen nye signaler paa XAUUSD/XAGUSD. Kontostatus logget for leder og Rune Copy#1.","XAUUSD,XAGUSD",0,ok
2026-09-16 08:47:15.972052+00:00,"Scan 2026-09-16 (leder Rune Main): control.json paused=false, close_all_requested=false - ingen kill-switch-handling. Ingen konto/omdoeb/byt-leder-anmodninger. Begge MT5 MCP-forbindelser stabile. Leder balance/equity 24976.92, 0 aabne positioner, 0 deals seneste 7 dage. Rune Copy#1 balance 24960.02/equity 24961.43, 1 aaben position XAUUSD SELL 0.01 lot (profit 1.46, ticket 58447635498). Afstemning: leder 0 deals, foelger 4 lukkede deals fundet (58447635618, 58449029404, 58458050338, 58459093980) - alle allerede LUKKET tidligere pga. kendt ticket-reuse-anomali paa MetaQuotes-Demo (5. gentagelse), 0 nye opdateringer. Scan: 4000 M15-candles XAUUSD+XAGUSD (leder-forbindelse), alle 4 strategier. Ingen nye signaler paa XAUUSD/XAGUSD. Kontostatus logget for leder og Rune Copy#1.","XAUUSD,XAGUSD",0,ok
2026-09-16 09:03:43.571280+00:00,"Scan 2026-09-16 (leder Rune Main): control.json paused=false, close_all_requested=false - ingen kill-switch-handling. Ingen konto/omdoeb/byt-leder-anmodninger. Begge MT5 MCP-forbindelser stabile. Leder balance/equity 24976.92, 0 aabne positioner. Rune Copy#1 balance 24960.02/equity 24957.89, 1 aaben position XAUUSD SELL 0.01 lot (profit -2.14, ticket 58447635498). Afstemning: leder 0 deals seneste 7 dage. Foelger 3 lukkede deals fundet (58447635618, 58449029404, 58458050338), alle allerede LUKKET tidligere pga. kendt ticket-reuse-anomali paa MetaQuotes-Demo, 0 nye opdateringer. Scan: 4000 M15-candles XAUUSD+XAGUSD (leder-forbindelse), alle 4 strategier. NYT SIGNAL: XAUUSD Powell_KeyOpen long @4321.61 SL 4301.97 TP 4360.89 lot 0.01 (entry_time 05:45 UTC, kraftigt forsinket vs. nuvaerende pris ca. 4332). Placeret som BUY_LIMIT pending-ordre @4321.61 paa BEGGE konti (bevarer strategiens oprindelige SL/TP-risikoramme fremfor at chase-e nuvaerende pris): leder ticket 58479859795, foelger ticket 58479860356, begge Request executed. forward_test_log.csv og multi_account_log.csv opdateret for begge konti. Kontostatus logget for leder og Rune Copy#1.","XAUUSD,XAGUSD",1,ok
2026-09-16 09:17:50.974948+00:00,"Scan 2026-09-16 (leder Rune Main): control.json paused=false, close_all_requested=false - ingen kill-switch-handling. Ingen konto/omdoeb/byt-leder-anmodninger. Begge MT5 MCP-forbindelser stabile. Leder balance/equity 24976.92, 0 aabne positioner. Rune Copy#1 balance 24960.02/equity 24957.25, 1 aaben position XAUUSD SELL 0.01 lot (profit -2.24, ticket 58447635498). Afstemning: leder 0 deals seneste 7 dage, foelger 3 lukkede deals fundet (58447635618, 58449029404, 58458050338) - alle allerede LUKKET tidligere pga. kendt ticket-reuse-anomali paa MetaQuotes-Demo, 0 nye opdateringer. Scan: 4000 M15-candles XAUUSD+XAGUSD (leder-forbindelse), alle 4 strategier. NYT SIGNAL XAGUSD Powell_KeyOpen long @64.612 SL 64.319104 TP 65.197792 lot 0.01, placeret som BUY_STOP pending-ordre paa begge konti (leder ticket 58480030102, foelger ticket 58480033988). Kontostatus logget for leder og Rune Copy#1.","XAUUSD,XAGUSD",1,ok
2026-09-16 09:32:23.661785+00:00,"Scan 2026-09-16 (leder Rune Main): control.json paused=false, close_all_requested=false - ingen kill-switch-handling. Ingen konto/omdoeb/byt-leder-anmodninger. Begge MT5 MCP-forbindelser stabile. Leder balance/equity 24976.92, 0 aabne positioner, 0 deals seneste 7 dage. Rune Copy#1 balance 24960.02/equity 24956.20, 1 aaben position XAUUSD SELL 0.01 lot (profit -3.82, ticket 58447635498). Afstemning: leder 0 deals, foelger 4 lukkede deals fundet (58447635618, 58449029404, 58458050338, 58459093980) - alle allerede LUKKET tidligere pga. kendt ticket-reuse-anomali paa MetaQuotes-Demo, 0 nye opdateringer. Scan: 4000 M15-candles XAUUSD+XAGUSD (leder-forbindelse), alle 4 strategier. Ingen nye signaler paa XAUUSD/XAGUSD. Kontostatus logget for leder og Rune Copy#1.","XAUUSD,XAGUSD",0,ok
2026-09-16 09:46:26.869022+00:00,"Scan 2026-09-16 (leder Rune Main): control.json paused=false, close_all_requested=false - ingen kill-switch-handling. Ingen konto/omdoeb/byt-leder-anmodninger. Begge MT5 MCP-forbindelser stabile. Leder balance/equity 24976.92, 0 aabne positioner, 0 deals seneste 7 dage. Rune Copy#1 balance 24960.02/equity 24955.98, 1 aaben position XAUUSD SELL 0.01 lot (profit -4.04, ticket 58447635498). Afstemning: leder 0 deals, foelger 4 lukkede deals fundet (58447635618, 58449029404, 58458050338, 58459093980) - alle allerede LUKKET tidligere pga. kendt ticket-reuse-anomali paa MetaQuotes-Demo, 0 nye opdateringer. Scan: 4000 M15-candles XAUUSD+XAGUSD (leder-forbindelse), alle 4 strategier. Ingen nye signaler paa XAUUSD/XAGUSD. Kontostatus logget for leder og Rune Copy#1.","XAUUSD,XAGUSD",0,ok
2026-09-16 10:02:18.569945+00:00,"Scan 2026-09-16 (leder Rune Main): control.json paused=false, close_all_requested=false - ingen kill-switch-handling. Ingen konto/omdoeb/byt-leder-anmodninger. Begge MT5 MCP-forbindelser stabile. Leder balance/equity 24976.92, 0 aabne positioner, 0 deals seneste 7 dage. Rune Copy#1 balance 24960.02/equity 24950.80, 1 aaben position XAUUSD SELL 0.01 lot (profit -9.22, ticket 58447635498). Afstemning: leder 0 deals, foelger 4 lukkede deals fundet (58447635618, 58449029404, 58458050338, 58459093980) - alle allerede LUKKET tidligere pga. kendt ticket-reuse-anomali paa MetaQuotes-Demo, 0 nye opdateringer. Scan: 4000 M15-candles XAUUSD+XAGUSD (leder-forbindelse), alle 4 strategier. Ingen nye signaler paa XAUUSD/XAGUSD. Kontostatus logget for leder og Rune Copy#1.","XAUUSD,XAGUSD",0,ok
2026-09-16 10:17:25.647671+00:00,"Scan 2026-09-16 (leder Rune Main): control.json paused=false, close_all_requested=false - ingen kill-switch-handling. Ingen konto/omdoeb/byt-leder-anmodninger. Begge MT5 MCP-forbindelser stabile. Leder balance 24976.92/equity 24974.37, 1 aaben position XAGUSD BUY 0.01 lot (profit -2.30, ticket 58480030102). Rune Copy#1 balance 24960.02/equity 24947.88, 2 aabne positioner: XAGUSD BUY 0.01 lot (profit -2.30, ticket 58480033988), XAUUSD SELL 0.02 lot (profit -10.19, ticket 58447635498). Afstemning: leder 0 deals seneste 7 dage, foelger 3 lukkede deals fundet (58447635618, 58449029404, 58458050338) - alle allerede LUKKET tidligere pga. kendt ticket-reuse-anomali paa MetaQuotes-Demo, 0 nye opdateringer. Scan: 4000 M15-candles XAUUSD+XAGUSD (leder-forbindelse), alle 4 strategier. Ingen nye signaler paa XAUUSD/XAGUSD. Kontostatus logget for leder og Rune Copy#1.","XAUUSD,XAGUSD",0,ok
2026-09-16 10:32:15.458073+00:00,"Scan 2026-09-16 (leder Rune Main): control.json paused=false, close_all_requested=false - ingen kill-switch-handling. Ingen konto/omdoeb/byt-leder-anmodninger. Begge MT5 MCP-forbindelser stabile. Leder balance 24976.92/equity 24973.77, 1 aaben position XAGUSD BUY 0.01 lot (profit -2.70, ticket 58480030102). Rune Copy#1 balance 24960.02/equity 24936.10, 2 aabne positioner: XAGUSD BUY 0.01 lot (profit -2.70, ticket 58480033988) og XAUUSD SELL 0.02 lot (profit -20.91, ticket 58447635498, volumen 0.02 grundet kendt ticket-reuse-anomali paa MetaQuotes-Demo). Afstemning: leder 0 lukkede deals seneste 7 dage, foelger 4 lukkede positioner fundet (58447635618, 58449029404, 58458050338, 58459093980) - alle allerede LUKKET tidligere, 0 nye opdateringer. Scan: 4000 M15-candles XAUUSD+XAGUSD (leder-forbindelse), alle 4 strategier. Ingen nye signaler. Kontostatus logget for leder og Rune Copy#1.","XAUUSD,XAGUSD",0,ok
2026-09-16 10:47:36.695141+00:00,"control.json paused=false, close_all_requested=false - ingen kill-switch-handling. Ingen konto/omdoeb/byt-leder-anmodninger. Begge MT5 MCP-forbindelser stabile. Leder balance/equity 24976.92, 1 aaben position XAGUSD BUY 0.01 lot (profit 0.25, ticket 58480030102). Rune Copy#1 balance 24960.02/equity 24939.15, 2 aabne positioner: XAGUSD BUY 0.01 lot (ticket 58480033988) og XAUUSD SELL 0.02 lot (ticket 58447635498, kendt ticket-reuse-anomali). Afstemning: leder 0 lukkede deals, foelger 3 lukkede positioner fundet - alle allerede LUKKET tidligere, 0 nye opdateringer. Scan: 4000 M15-candles XAUUSD+XAGUSD, alle 4 strategier, ingen nye signaler. Kontostatus logget for leder og Rune Copy#1.","XAUUSD,XAGUSD",0,ok
2026-09-16 11:03:03.412699+00:00,"Scan 2026-09-16 (leder Rune Main): control.json paused=false, close_all_requested=false - ingen kill-switch-handling. Ingen konto/omdoeb/byt-leder-anmodninger. Begge MT5 MCP-forbindelser stabile. Leder balance 24976.92/equity 24981.37, 1 aaben position XAGUSD BUY 0.01 lot (profit 4.50, ticket 58480030102). Rune Copy#1 balance 24960.02/equity 24941.55, 2 aabne positioner: XAGUSD BUY 0.01 lot (ticket 58480033988) og XAUUSD SELL 0.02 lot (ticket 58447635498, kendt ticket-reuse-anomali). Afstemning: leder 0 lukkede deals, foelger 3 lukkede deals fundet - alle allerede LUKKET tidligere, 0 nye opdateringer. Scan: 4000 M15-candles XAUUSD+XAGUSD, alle 4 strategier, ingen nye signaler. Kontostatus logget for leder og Rune Copy#1.","XAUUSD,XAGUSD",0,ok
2026-09-16 11:17:31.377412+00:00,"Scan 2026-09-16 (leder Rune Main): control.json paused=false, close_all_requested=false - ingen kill-switch-handling. Ingen konto/omdoeb/byt-leder-anmodninger. Begge MT5 MCP-forbindelser stabile. Leder balance 24976.92/equity 24983.72, 1 aaben position XAGUSD BUY 0.01 lot (profit 6.80, ticket 58480030102). Rune Copy#1 balance 24960.02/equity 24946.97, 2 aabne positioner: XAGUSD BUY 0.01 lot (ticket 58480033988, profit 6.80) og XAUUSD SELL 0.02 lot (ticket 58447635498, profit -19.79, kendt ticket-reuse-anomali). Afstemning: leder 0 lukkede deals fundet, foelger 3 lukkede positioner fundet (profit 38.0, -19.25, -18.80) - alle allerede LUKKET tidligere, 0 nye opdateringer paa tvaers af begge filer. Scan: 4000 M15-candles XAUUSD+XAGUSD fra leder-forbindelse, alle 4 strategier (CRT_TBS, Trend_OB, ORB, Powell_KeyOpen), ingen nye signaler. Kontostatus logget for leder og Rune Copy#1.","XAUUSD,XAGUSD",0,ok
2026-09-16 11:32:33.153739+00:00,"Scan 2026-09-16 (leder Rune Main): control.json paused=false, close_all_requested=false - ingen kill-switch-handling. Ingen konto/omdoeb/byt-leder-anmodninger. Begge MT5 MCP-forbindelser stabile. Leder balance 24976.92/equity 24986.47, 1 aaben position XAGUSD BUY 0.01 lot (profit 9.55, ticket 58480030102). Rune Copy#1 balance 24960.02/equity 24946.18, 2 aabne positioner: XAGUSD BUY 0.01 lot (ticket 58480033988, profit 9.55) og XAUUSD SELL 0.02 lot (ticket 58447635498, profit -23.39, kendt ticket-reuse-anomali). Afstemning: leder 0 lukkede deals fundet, foelger 4 lukkede positioner fundet (profit 38.0, -19.25, -18.80, -18.67) - alle allerede LUKKET tidligere, 0 nye opdateringer paa tvaers af begge filer. Scan: 4000 M15-candles XAUUSD+XAGUSD fra leder-forbindelse, alle 4 strategier (CRT_TBS, Trend_OB, ORB, Powell_KeyOpen), ingen nye signaler. Kontostatus logget for leder og Rune Copy#1.","XAUUSD,XAGUSD",0,ok
2026-09-16 11:47:12.986679+00:00,"Scan 2026-09-16 (leder Rune Main): control.json paused=false, close_all_requested=false - ingen kill-switch-handling. Ingen konto/omdoeb/byt-leder-anmodninger. Begge MT5 MCP-forbindelser stabile. Leder balance 24976.92/equity 24990.32, 1 aaben position XAGUSD BUY 0.01 lot (profit 13.60, ticket 58480030102). Rune Copy#1 balance 24960.02/equity 24949.25, 2 aabne positioner: XAGUSD BUY 0.01 lot (ticket 58480033988, profit 13.60) og XAUUSD SELL 0.02 lot (ticket 58447635498, profit -24.33, kendt ticket-reuse-anomali). Afstemning: leder 0 lukkede deals fundet, foelger 3 lukkede positioner fundet (profit 38.0, -19.25, -18.80) - alle allerede LUKKET tidligere, 0 nye opdateringer paa tvaers af begge filer. Scan: 4000 M15-candles XAUUSD+XAGUSD fra leder-forbindelse, alle 4 strategier (CRT_TBS, Trend_OB, ORB, Powell_KeyOpen), ingen nye signaler. Kontostatus logget for leder og Rune Copy#1.","XAUUSD,XAGUSD",0,ok
2026-09-16 12:02:17.537361+00:00,"Kontrol.json paused=false, close_all_requested=false - ingen kill-switch. Ingen konto/omdoeb/byt-leder-anmodninger. Afstemning: leder 0 lukkede deals, foelger 3 lukkede positioner fundet (profit 38.0,-19.25,-18.80) - alle allerede LUKKET tidligere, 0 nye opdateringer. Scan: 4000 M15-candles XAUUSD+XAGUSD, alle 4 strategier, ingen nye signaler. Leder balance 24976.92/equity 24982.92, 1 aaben position XAGUSD BUY 0.01 (profit 6.15). Rune Copy#1 balance 24960.02/equity 24957.69, 2 aabne positioner: XAGUSD BUY 0.01 (profit 6.15) og XAUUSD SELL 0.02 (profit -7.57, kendt ticket-reuse-anomali). Kontostatus logget for begge konti.","XAUUSD,XAGUSD",0,ok
2026-09-16 12:16:57.641947+00:00,"Scan 2026-09-16 (leder Rune Main): control.json paused=false, close_all_requested=false - ingen kill-switch-handling. Ingen konto/omdoeb/byt-leder-anmodninger. Begge MT5 MCP-forbindelser stabile. Leder balance 24976.92/equity 24978.02, 1 aaben position XAGUSD BUY 0.01 lot (profit 1.0, ticket 58480030102). Rune Copy#1 balance 24960.02/equity 24945.77, 2 aabne positioner: XAGUSD BUY 0.01 lot (ticket 58480033988, profit 1.0) og XAUUSD SELL 0.02 lot (ticket 58447635498, profit -15.29, kendt ticket-reuse-anomali). Afstemning: leder 0 lukkede deals fundet, foelger 3 lukkede positioner fundet (profit 38.0, -19.25, -18.80) - alle allerede LUKKET tidligere, 0 nye opdateringer paa tvaers af begge filer. Scan: 4000 M15-candles XAUUSD+XAGUSD fra leder-forbindelse, alle 4 strategier (CRT_TBS, Trend_OB, ORB, Powell_KeyOpen), ingen nye signaler. Kontostatus logget for leder og Rune Copy#1.","XAUUSD,XAGUSD",0,ok
2026-09-16 12:34:06.351958+00:00,"Scan 2026-09-16 (leder Rune Main): control.json paused=false, close_all_requested=false - ingen kill-switch-handling. Ingen konto/omdoeb/byt-leder-anmodninger. Begge MT5 MCP-forbindelser stabile. Leder balance 24976.92/equity 24975.62, 1 aaben position XAGUSD BUY 0.01 lot (profit -1.5, ticket 58480030102). Rune Copy#1 balance 24960.02/equity 24952.03, 2 aabne positioner: XAGUSD BUY 0.01 lot (ticket 58480033988, profit -1.5) og XAUUSD SELL 0.02 lot (ticket 58447635498, profit -6.25, kendt ticket-reuse-anomali). Afstemning: leder 0 lukkede deals fundet, foelger 3 lukkede positioner fundet (profit 38.0, -19.25, -18.80) - alle allerede LUKKET tidligere, 0 nye opdateringer paa tvaers af begge filer. Scan: 4000 M15-candles XAUUSD+XAGUSD fra leder-forbindelse, alle 4 strategier (CRT_TBS, Trend_OB, ORB, Powell_KeyOpen), ingen nye signaler. Kontostatus logget for leder og Rune Copy#1.","XAUUSD,XAGUSD",0,ok
2026-09-16 12:47:07.095218+00:00,"Scan 2026-09-16 (leder Rune Main): control.json paused=false, close_all_requested=false - ingen kill-switch-handling. Ingen konto/omdoeb/byt-leder-anmodninger. Begge MT5 MCP-forbindelser stabile. Leder balance 24976.92/equity 24981.02, 1 aaben position XAGUSD BUY 0.01 lot (profit 4.0, ticket 58480030102). Rune Copy#1 balance 24960.02/equity 24951.27, 2 aabne positioner: XAGUSD BUY 0.01 lot (ticket 58480033988, profit 4.0) og XAUUSD SELL 0.02 lot (ticket 58447635498, profit -12.95, kendt ticket-reuse-anomali). Afstemning: leder 0 lukkede deals fundet, foelger 4 lukkede positioner fundet (profit 38.0, -19.25, -18.80, -18.67) - alle allerede LUKKET tidligere, 0 nye opdateringer paa tvaers af begge filer. Scan: 4000 M15-candles XAUUSD+XAGUSD fra leder-forbindelse, alle 4 strategier (CRT_TBS, Trend_OB, ORB, Powell_KeyOpen), ingen nye signaler. Kontostatus logget for leder og Rune Copy#1.","XAUUSD,XAGUSD",0,ok
2026-09-16 13:02:29.475572+00:00,"Scan 2026-09-16 (leder Rune Main): control.json paused=false, close_all_requested=false - ingen kill-switch-handling. Ingen konto/omdoeb/byt-leder-anmodninger. Begge MT5 MCP-forbindelser stabile. Leder balance 24976.92/equity 24977.87, 1 aaben position XAGUSD BUY 0.01 lot (profit 0.6, ticket 58480030102). Rune Copy#1 balance 24960.02/equity 24940.74, 2 aabne positioner: XAGUSD BUY 0.01 lot (ticket 58480033988, profit 0.6) og XAUUSD SELL 0.02 lot (ticket 58447635498, profit -20.11, kendt ticket-reuse-anomali). Afstemning: leder 0 lukkede deals fundet, foelger 3 lukkede positioner fundet (profit 38.0, -19.25, -18.80) - alle allerede LUKKET tidligere, 0 nye opdateringer paa tvaers af begge filer. Scan: 4000 M15-candles XAUUSD+XAGUSD fra leder-forbindelse, alle 4 strategier (CRT_TBS, Trend_OB, ORB, Powell_KeyOpen), ingen nye signaler. Kontostatus logget for leder og Rune Copy#1.","XAUUSD,XAGUSD",0,ok
2026-09-16 13:17:03.710593+00:00,"Scan 2026-09-16 (leder Rune Main): control.json paused=false, close_all_requested=false - ingen kill-switch-handling. Ingen konto/omdoeb/byt-leder-anmodninger. Begge MT5 MCP-forbindelser stabile. Leder balance 24976.92/equity 24975.02, 1 aaben position XAGUSD BUY 0.01 lot (profit -1.75, ticket 58480030102). Rune Copy#1 balance 24960.02/equity 24919.59, 2 aabne positioner: XAGUSD BUY 0.01 lot (ticket 58480033988, profit -1.5) og XAUUSD SELL 0.02 lot (ticket 58447635498, profit -38.83, kendt ticket-reuse-anomali). Afstemning: leder 0 lukkede deals fundet, foelger 3 lukkede positioner fundet (profit 38.0, -19.25, -18.80) - alle allerede LUKKET tidligere, 0 nye opdateringer paa tvaers af begge filer. Scan: 4000 M15-candles XAUUSD+XAGUSD fra leder-forbindelse, alle 4 strategier (CRT_TBS, Trend_OB, ORB, Powell_KeyOpen), ingen nye signaler. Kontostatus logget for leder og Rune Copy#1.","XAUUSD,XAGUSD",0,ok
2026-09-16 13:32:06.476990+00:00,"Scan 2026-09-16 (leder Rune Main): control.json paused=false, close_all_requested=false - ingen kill-switch-handling. Ingen konto/omdoeb/byt-leder-anmodninger. Begge MT5 MCP-forbindelser stabile. Leder balance 24976.92/equity 24978.67, 1 aaben position XAGUSD BUY 0.01 lot (profit 1.8, ticket 58480030102). Rune Copy#1 balance 24960.02/equity 24929.49, 2 aabne positioner: XAGUSD BUY 0.01 lot (ticket 58480033988, profit 1.8) og XAUUSD SELL 0.02 lot (ticket 58447635498, profit -30.73, kendt ticket-reuse-anomali). Afstemning: leder 0 lukkede deals fundet, foelger 3 lukkede positioner fundet (profit 38.0, -19.25, -18.80) - alle allerede LUKKET tidligere, 0 nye opdateringer paa tvaers af begge filer. Scan: 4000 M15-candles XAUUSD+XAGUSD fra leder-forbindelse, alle 4 strategier (CRT_TBS, Trend_OB, ORB, Powell_KeyOpen), ingen nye signaler. Kontostatus logget for leder og Rune Copy#1.","XAUUSD,XAGUSD",0,ok
2026-09-16 13:48:14.800709+00:00,"Scan 2026-09-16 (leder Rune Main): control.json paused=false, close_all_requested=false - ingen kill-switch-handling. Ingen konto/omdoeb/byt-leder-anmodninger. Begge MT5 MCP-forbindelser stabile. Leder balance 24976.92/equity 24972.52, 1 aaben position XAGUSD BUY 0.01 lot (profit -4.7, ticket 58480030102). Rune Copy#1 balance 24960.02/equity 24941.98, 2 aabne positioner: XAGUSD BUY 0.01 lot (ticket 58480033988, profit -4.7) og XAUUSD SELL 0.02 lot (ticket 58447635498, profit -13.27, kendt ticket-reuse-anomali). Afstemning: leder 0 lukkede deals fundet, foelger 3 lukkede positioner fundet (profit 38.0, -19.25, -18.80) - alle allerede LUKKET tidligere, 0 nye opdateringer paa tvaers af begge filer. Scan: 4000 M15-candles XAUUSD+XAGUSD fra leder-forbindelse, alle 4 strategier (CRT_TBS, Trend_OB, ORB, Powell_KeyOpen), ingen nye signaler. Kontostatus logget for leder og Rune Copy#1.","XAUUSD,XAGUSD",0,ok
2026-09-16 14:02:17.435010+00:00,"Scan 2026-09-16 (leder Rune Main): control.json paused=false, close_all_requested=false - ingen kill-switch-handling. Ingen konto/omdoeb/byt-leder-anmodninger. Begge MT5 MCP-forbindelser stabile. Leder balance 24976.92/equity 24965.07, 1 aaben position XAGUSD BUY 0.01 lot (profit -12.5, ticket 58480030102). Rune Copy#1 balance 24960.02/equity 24949.82, 2 aabne positioner: XAGUSD BUY 0.01 lot (ticket 58480033988, profit -12.35) og XAUUSD SELL 0.02 lot (ticket 58447635498, profit 1.63, kendt ticket-reuse-anomali). Afstemning: leder 0 lukkede deals fundet, foelger 4 lukkede positioner fundet (profit 38.0, -19.25, -18.80, -18.67) - alle allerede LUKKET tidligere, 0 nye opdateringer paa tvaers af begge filer. Scan: 4000 M15-candles XAUUSD+XAGUSD fra leder-forbindelse, alle 4 strategier (CRT_TBS, Trend_OB, ORB, Powell_KeyOpen), ingen nye signaler. Kontostatus logget for leder og Rune Copy#1.","XAUUSD,XAGUSD",0,ok
2026-09-16 14:18:22.091409+00:00,"Scan 2026-09-16 17:15 UTC (leder Rune Main): control.json paused=false, close_all_requested=false - ingen kill-switch-handling. Ingen konto/omdoeb/byt-leder-anmodninger. Begge MT5 MCP-forbindelser stabile. Leder balance 24962.27/equity 24962.27, 0 aabne positioner (XAGUSD SL-hit lukket, profit -14.65, ticket 58480030102). Rune Copy#1 balance 24945.37/equity 24948.84, 1 aaben position XAUUSD SELL 0.02 lot (profit 4.37, ticket 58447635498, kendt ticket-reuse-anomali); foelgers XAGUSD SL-hit lukket, profit -14.65, ticket 58480033988. Afstemning: leder 1 ny lukket deal reconciled. Foelger: fandt data-hul foer reconcile kunne matche - raekken for ticket 58480033988 i multi_account_log.csv manglede vaerdi i mt5_ticket-kolonnen (kun indlejret i status-teksten); rettede kolonnen manuelt, hvorefter 1 ny lukket deal blev reconciled korrekt. Scan: 4000 M15-candles XAUUSD+XAGUSD fra leder-forbindelse, alle 4 strategier (CRT_TBS, Trend_OB, ORB, Powell_KeyOpen), ingen nye signaler. Kontostatus logget for leder og Rune Copy#1.","XAUUSD,XAGUSD",0,warning
2026-09-16 14:34:30.782918+00:00,"Scan 2026-09-16 (leder Rune Main): control.json paused=false, close_all_requested=false - ingen kill-switch-handling. Ingen konto/omdoeb/byt-leder-anmodninger. Begge MT5 MCP-forbindelser stabile. Leder balance 24962.27/equity 24962.27, 0 aabne positioner. Rune Copy#1 balance 24945.37/equity 24950.12, 1 aaben position XAUUSD SELL 0.02 lot (ticket 58447635498, profit 4.75, kendt ticket-reuse-anomali). Afstemning: leder 0 lukkede deals fundet i vinduet, foelger 3 lukkede deals fundet (38.0, -19.25, -18.8) - alle allerede LUKKET tidligere, 0 nye opdateringer paa tvaers af begge filer. NY ANOMALI FUNDET: leder XAGUSD ticket 58480030102 (BUY_STOP triggered 2026-09-16 13:10:22) er ikke laengere en aaben position, men INGEN lukke-deal findes i MT5-historikken for denne ticket (ligesom tidligere kendt XAUUSD-ticket-anomali) - status i multi_account_log/forward_test_log er derfor efterladt uaendret (EKSEKVERET), da outcome ikke kan bestemmes fra tilgaengelig data. Scan: 4000 M15-candles XAUUSD+XAGUSD fra leder-forbindelse, alle 4 strategier (CRT_TBS, Trend_OB, ORB, Powell_KeyOpen), ingen nye signaler. Kontostatus logget for leder og Rune Copy#1.","XAUUSD,XAGUSD",0,warning
2026-09-16 14:48:06.239154+00:00,"Scan 2026-09-16 18:05 UTC (leder Rune Main): control.json paused=false, close_all_requested=false - ingen kill-switch-handling. Ingen konto/omdoeb/byt-leder-anmodninger. Begge MT5 MCP-forbindelser stabile. Leder balance 24962.27/equity 24962.27, 0 aabne positioner (kendt anomali: XAGUSD ticket 58480030102 lukket uden lukke-deal i MT5-historik). Rune Copy#1 balance 24945.37/equity 24927.04, 1 aaben position XAUUSD SELL 0.02 lot (ticket 58447635498, profit -17.39, kendt ticket-reuse-anomali). Afstemning: leder og foelger begge 0 nye opdateringer paa tvaers af begge filer (alle lukkede trades allerede reconciled tidligere). Scan: 4000 M15-candles XAUUSD+XAGUSD fra leder-forbindelse, alle 4 strategier (CRT_TBS, Trend_OB, ORB, Powell_KeyOpen), ingen nye signaler. Kontostatus logget for leder og Rune Copy#1.","XAUUSD,XAGUSD",0,ok
2026-09-16 15:03:21.096550+00:00,"Scan 2026-09-16 18:xx UTC (leder Rune Main): ingen kill-switch/konto-anmodninger (control.json paused=false, close_all_requested=false). Ingen konto/omdoeb/byt-leder-anmodninger fundet. Afstemning: leder 1 lukket deal fundet (XAGUSD ticket 58480030102, -14.65), foelger 5 lukkede deals fundet (38.0, -19.25, -18.8, -18.67, -14.65) - alle allerede LUKKET tidligere i loggene, 0 nye opdateringer. Scan: 4000 M15-candles XAUUSD+XAGUSD fra leder-forbindelse, alle 4 strategier (CRT_TBS, Trend_OB, ORB, Powell_KeyOpen), ingen nye signaler. Konto-status: leder 0 aabne positioner, balance/equity 24962.27. Foelger Rune Copy#1 1 aaben position XAUUSD SELL 0.02 lot (ticket 58447635498, profit -29.37, kendt ticket-reuse-anomali), balance 24945.37/equity 24915.98. Begge MT5 MCP-forbindelser stabile.","XAUUSD,XAGUSD",0,ok
2026-09-16 15:17:04.125678+00:00,"Scan 2026-09-16 (leder Rune Main): ingen kill-switch/konto-anmodninger. Afstemning: 0 nye opdateringer paa leder og foelger (alle lukkede deals allerede reflekteret). Leder 0 aabne positioner, balance/equity 24962.27. Foelger Rune Copy#1 1 aaben position XAUUSD SELL 0.02 lot (ticket 58447635498, kendt ticket-reuse-anomali), balance 24945.37/equity 24915.90. Ingen nye signaler paa 4000 M15-candles XAUUSD+XAGUSD (alle 4 strategier). Kontostatus logget for begge konti.","XAUUSD,XAGUSD",0,ok
2026-09-16 15:32:48.080145+00:00,"Scan 2026-09-16 (leder Rune Main): ingen kill-switch/konto-anmodninger (ingen account/rename/swap_leader_request.json). control.json ikke pauset. Leder 0 aabne positioner, balance/equity 24962.27. Foelger Rune Copy#1 1 aaben position XAUUSD SELL 0.02 lot (ticket 58447635498, kendt ticket-reuse-anomali), balance 24945.37/equity 24930.28. Afstemning: 0 nye opdateringer paa leder og foelger (alle lukkede deals allerede reflekteret). Ingen nye signaler paa 4000 M15-candles XAUUSD+XAGUSD. Konto-status logget for begge konti.","XAUUSD,XAGUSD",0,ok
2026-09-16 15:49:36.129352+00:00,"Scan 2026-09-16 (leder Rune Main): ingen kill-switch/konto-anmodninger. Afstemning: 0 nye opdateringer paa leder og foelger (alle lukkede deals allerede reflekteret). Leder 0 aabne positioner, balance/equity 24962.27. Foelger Rune Copy#1 1 aaben position XAUUSD SELL 0.02 lot (ticket 58447635498, kendt ticket-reuse-anomali), balance 24945.37/equity 24919.02. Ingen nye signaler paa 4000 M15-candles XAUUSD+XAGUSD.","XAUUSD,XAGUSD",0,ok
2026-09-16 16:03:19.014493+00:00,"Scan 2026-09-16 (leder Rune Main): ingen kill-switch/konto-anmodninger. Afstemning: 0 nye opdateringer paa leder og foelger (alle lukkede deals allerede reflekteret). Leder 0 aabne positioner, balance/equity 24962.27. Foelger Rune Copy#1 1 aaben position XAUUSD SELL 0.02 lot (ticket 58447635498, kendt ticket-reuse-anomali), balance 24945.37/equity 24919.78. Ingen nye signaler paa 4000 M15-candles XAUUSD+XAGUSD.","XAUUSD,XAGUSD",0,ok
2026-09-16 16:17:21.523004+00:00,"Scan 2026-09-16 (leder Rune Main): ingen kill-switch/konto-anmodninger. Afstemning: 0 nye opdateringer paa leder og foelger (alle lukkede deals allerede reflekteret). Leder 0 aabne positioner, balance/equity 24962.27. Foelger Rune Copy#1 1 aaben position XAUUSD SELL 0.02 lot (ticket 58447635498, kendt ticket-reuse-anomali), balance 24945.37/equity 24917.14. Ingen nye signaler paa 4000 M15-candles XAUUSD+XAGUSD.","XAUUSD,XAGUSD",0,ok
2026-09-16 16:33:03.364601+00:00,"Scan 2026-09-16 (leder Rune Main): ingen kill-switch/konto-anmodninger. Afstemning: 0 nye opdateringer paa leder og foelger (alle lukkede deals allerede reflekteret). Leder 0 aabne positioner, balance/equity 24962.27. Foelger Rune Copy#1 1 aaben position XAUUSD SELL 0.02 lot (ticket 58447635498, kendt ticket-reuse-anomali), balance 24945.37/equity 24924.88. Ingen nye signaler paa 4000 M15-candles XAUUSD+XAGUSD.","XAUUSD,XAGUSD",0,ok
2026-09-16 16:47:41.753514+00:00,"Scan 2026-09-16 (leder Rune Main): ingen kill-switch/konto-anmodninger. Afstemning: 0 nye opdateringer paa leder og foelger (alle lukkede deals allerede reflekteret). Leder 0 aabne positioner, balance/equity 24962.27. Foelger Rune Copy#1 1 aaben position XAUUSD SELL 0.02 lot (ticket 58447635498, kendt ticket-reuse-anomali), balance 24945.37/equity 24925.66. Ingen nye signaler paa 4000 M15-candles XAUUSD+XAGUSD.","XAUUSD,XAGUSD",0,ok
2026-09-16 17:03:05.162806+00:00,"Scan 2026-09-16 (leder Rune Main): ingen kill-switch/konto-anmodninger. Afstemning: 0 nye opdateringer paa leder og foelger (alle lukkede deals allerede reflekteret). Leder 0 aabne positioner, balance/equity 24962.27. Foelger Rune Copy#1 1 aaben position XAUUSD SELL 0.02 lot (ticket 58447635498, kendt ticket-reuse-anomali), balance 24945.37/equity 24932.98. Ingen nye signaler paa 4000 M15-candles XAUUSD+XAGUSD.","XAUUSD,XAGUSD",0,ok
2026-09-16 17:18:52.142905+00:00,"Scan 2026-09-16 (leder Rune Main): ingen kill-switch/konto-anmodninger. Afstemning: 0 nye opdateringer paa leder og foelger (alle lukkede deals allerede reflekteret). Leder 0 aabne positioner, balance/equity 24962.27. Foelger Rune Copy#1 1 aaben position XAUUSD SELL 0.02 lot (ticket 58447635498, kendt ticket-reuse-anomali), balance 24945.37/equity 24931.82. Ingen nye signaler paa 4000 M15-candles XAUUSD+XAGUSD.","XAUUSD,XAGUSD",0,ok
2026-09-16 17:32:27.266836+00:00,"Scan 2026-09-16 (leder Rune Main): ingen kill-switch/konto-anmodninger. Afstemning: 0 nye opdateringer paa leder og foelger (alle lukkede deals allerede reflekteret). Leder 0 aabne positioner, balance/equity 24962.27. Foelger Rune Copy#1 1 aaben position XAUUSD SELL 0.02 lot (ticket 58447635498, kendt ticket-reuse-anomali), balance 24945.37/equity 24926.40. Ingen nye signaler paa 4000 M15-candles XAUUSD+XAGUSD.","XAUUSD,XAGUSD",0,ok
2026-09-16 17:47:27.122037+00:00,"Scan 2026-09-16 (leder Rune Main): ingen kill-switch/konto-anmodninger. Afstemning: 0 nye opdateringer paa leder og foelger (alle lukkede deals allerede reflekteret). Leder 0 aabne positioner, balance/equity 24962.27. Foelger Rune Copy#1 1 aaben position XAUUSD SELL 0.02 lot (ticket 58447635498, kendt ticket-reuse-anomali), balance 24945.37/equity 24931.58. Ingen nye signaler paa 4000 M15-candles XAUUSD+XAGUSD.","XAUUSD,XAGUSD",0,ok
2026-09-16 18:02:00.120371+00:00,"Scan 2026-09-16 (leder Rune Main): ingen kill-switch/konto-anmodninger. Afstemning: 0 nye opdateringer paa leder og foelger (alle lukkede deals allerede reflekteret). Leder 0 aabne positioner, balance/equity 24962.27. Foelger Rune Copy#1 0 aabne positioner, balance/equity 24892.92. Ingen nye signaler paa 4000 M15-candles XAUUSD+XAGUSD.","XAUUSD,XAGUSD",0,ok
2026-09-16 18:18:02.442997+00:00,"Scan 2026-09-16 (leder Rune Main): ingen kill-switch/konto-anmodninger (ingen account_request.json, rename_request.json eller swap_leader_request.json). control.json: paused=false, close_all_requested=false. Afstemning: 0 nye opdateringer (alle lukkede foelger-deals allerede reflekteret; leder ingen lukkede deals i perioden). Leder 1 aaben position XAUUSD BUY 0.01 lot (ticket 58479859795), balance 24962.27/equity 24952.18. Foelger Rune Copy#1 1 aaben position XAUUSD BUY 0.01 lot (ticket 58479860356), balance 24892.92/equity 24883.41. Ingen nye signaler paa 4000 M15-candles XAUUSD+XAGUSD.","XAUUSD,XAGUSD",0,ok
2026-09-16 18:34:25.073334+00:00,"Scan 2026-09-16 (leder Rune Main): ingen kill-switch/konto-anmodninger. Afstemning: 0 nye opdateringer paa leder og foelger (alle lukkede deals allerede reflekteret). Leder 1 aaben position XAUUSD BUY 0.01 lot (ticket 58479859795), balance/equity 24962.27/24945.45. Foelger Rune Copy#1 1 aaben position XAUUSD BUY 0.01 lot (ticket 58479860356), balance/equity 24892.92/24876.22. Ingen nye signaler paa 4000 M15-candles XAUUSD+XAGUSD.","XAUUSD,XAGUSD",0,ok
2026-09-16 18:48:11.567171+00:00,"Scan 2026-09-16 (leder Rune Main): ingen kill-switch/konto-anmodninger. Afstemning: leder XAUUSD ticket 58479859795 lukket (SL, -19.64), XAGUSD ticket 58480030102 allerede reflekteret. Foelger Rune Copy#1: XAUUSD ticket 58479860356 lukket (SL, -19.64), oevrige tickets allerede reflekteret. Leder 0 aabne positioner, balance/equity 24942.63. Foelger Rune Copy#1 0 aabne positioner, balance/equity 24873.28. Ingen nye signaler paa 4000 M15-candles XAUUSD+XAGUSD.","XAUUSD,XAGUSD",0,ok
2026-09-16 19:02:08.395692+00:00,"Scan 2026-09-16 (leder Rune Main): ingen kill-switch/konto-anmodninger. Afstemning: leder ingen lukkede deals sidste 7 dage. Foelger Rune Copy#1 3 lukkede deals (XAGUSD TP +38.0, 2x SL -19.25/-18.8) allerede reflekteret, 0 nye opdateringer. Leder 0 aabne positioner, balance/equity 24942.63. Foelger Rune Copy#1 0 aabne positioner, balance/equity 24873.28. Ingen nye signaler paa 4000 M15-candles XAUUSD+XAGUSD.","XAUUSD,XAGUSD",0,ok
2026-09-16 19:21:08.120293+00:00,"Scan 2026-09-16 (leder Rune Main): ingen kill-switch/konto-anmodninger. Afstemning: leder XAUUSD ticket 58479859795 lukket (SL, -19.64) og XAGUSD ticket 58480030102 lukket (SL, -14.65) - begge allerede i forward_test_log.csv, men manglede i multi_account_log.csv (mt5_ticket-kolonne var blank pga. pending-ordre-fill der kun skrev ticket i statustekst, ikke i kolonnen) - rettet manuelt for leder+foelger raekker (foelger ticket 58479860356, -19.64). Foelger Rune Copy#1 ovrige lukkede deals allerede reflekteret. Leder 0 aabne positioner, balance/equity 24942.63. Foelger Rune Copy#1 0 aabne positioner, balance/equity 24873.28. Ingen nye signaler paa 4000 M15-candles XAUUSD+XAGUSD.","XAUUSD,XAGUSD",0,ok
2026-09-16 19:32:25.080569+00:00,"Scan 2026-09-16 (leder Rune Main): ingen kill-switch/konto-anmodninger. Afstemning: leder ingen lukkede deals sidste 7 dage. Foelger Rune Copy#1 3 lukkede deals (XAGUSD TP +38.0, 2x SL -19.25/-18.8) allerede reflekteret, 0 nye opdateringer. Leder 0 aabne positioner, balance/equity 24942.63. Foelger Rune Copy#1 0 aabne positioner, balance/equity 24873.28. Ingen nye signaler paa 4000 M15-candles XAUUSD+XAGUSD.","XAUUSD,XAGUSD",0,ok
2026-09-16 19:48:33.065809+00:00,"Scan 2026-09-16 (leder Rune Main): ingen kill-switch/konto-anmodninger. Afstemning: leder ingen lukkede deals sidste 7 dage. Foelger Rune Copy#1 3 lukkede deals (XAGUSD TP +38.0, 2x SL -19.25/-18.8) allerede reflekteret, 0 nye opdateringer. Leder 0 aabne positioner, balance/equity 24942.63. Foelger Rune Copy#1 0 aabne positioner, balance/equity 24873.28. Ingen nye signaler paa 4000 M15-candles XAUUSD+XAGUSD.","XAUUSD,XAGUSD",0,ok
2026-09-16 20:03:47.226566+00:00,"Scan 2026-09-16 (leder Rune Main): ingen kill-switch/konto-anmodninger, control.json paused=false. Afstemning: udvidet dato-vindue (to_date var eksklusiv og missede dagens deals) fandt leder 2 lukkede deals (XAUUSD -19.64, XAGUSD -14.65, begge allerede reflekteret) og foelger Rune Copy#1 8 lukkede deals inkl. en nettet XAUUSD-position (2 ordrer -52.45 hver) - 1 raekke manglede stadig udfald og blev opdateret nu, resten allerede reflekteret. Leder 0 aabne positioner, balance/equity 24942.63. Foelger Rune Copy#1 0 aabne positioner, balance/equity 24873.28. Ingen nye signaler paa 4000 M15-candles XAUUSD+XAGUSD.","XAUUSD,XAGUSD",0,ok
2026-09-16 20:17:42.318661+00:00,"Scan 2026-09-16 (leder Rune Main): ingen kill-switch/konto-anmodninger, control.json paused=false. Afstemning: leder 0 nye opdateringer (2 deals allerede reflekteret), Rune Copy#1 0 nye opdateringer (7 deals allerede reflekteret, inkl. nettet XAUUSD-position). Leder 0 aabne positioner, balance/equity 24942.63. Foelger Rune Copy#1 0 aabne positioner, balance/equity 24873.28. Ingen nye signaler paa 4000 M15-candles XAUUSD+XAGUSD.","XAUUSD,XAGUSD",0,ok
2026-09-16 20:32:38.758486+00:00,"Scan 2026-09-16 sen koersel (leder Rune Main): ingen kill-switch/konto-/omdoeb-/leder-anmodninger, control.json paused=false. Afstemning: leder 2 lukkede deals (XAUUSD -19.64, XAGUSD -14.65) allerede reflekteret 0 nye, foelger Rune Copy#1 7 lukkede deals (inkl. nettet XAUUSD -52.45 paa 2 ordrer) allerede reflekteret 0 nye. Leder 0 aabne positioner, balance/equity 24942.63. Foelger Rune Copy#1 0 aabne positioner, balance/equity 24873.28. Ingen nye signaler paa 4000 M15-candles XAUUSD+XAGUSD.","XAUUSD,XAGUSD",0,ok
2026-09-16 20:48:30.118573+00:00,"Scan 2026-09-16 (leder Rune Main): ingen kill-switch/konto-anmodninger, control.json paused=false. Afstemning: leder 0 nye opdateringer (2 deals allerede reflekteret), Rune Copy#1 0 nye opdateringer (15 deals allerede reflekteret). Leder 0 aabne positioner, balance/equity 24942.63. Foelger Rune Copy#1 0 aabne positioner, balance/equity 24873.28. Ingen nye signaler paa 4000 M15-candles XAUUSD+XAGUSD.","XAUUSD,XAGUSD",0,ok
2026-09-16 21:03:10.272932+00:00,"Scan 2026-09-16 (leder Rune Main): ingen kill-switch/konto-anmodninger, control.json paused=false. Afstemning: leder 0 nye opdateringer (2 deals allerede reflekteret), Rune Copy#1 0 nye opdateringer (7 deals allerede reflekteret, inkl. nettet XAUUSD-position). Leder 0 aabne positioner, balance/equity 24942.63. Foelger Rune Copy#1 0 aabne positioner, balance/equity 24873.28. Ingen nye signaler paa 4000 M15-candles XAUUSD+XAGUSD.","XAUUSD,XAGUSD",0,ok
2026-09-16 21:17:32.400830+00:00,"Scan 2026-09-16 (leder Rune Main): ingen kill-switch/konto-anmodninger, control.json paused=false. Afstemning: leder 2 lukkede deals (XAGUSD -14.65, XAUUSD -19.64) allerede reflekteret, 0 nye opdateringer. Foelger Rune Copy#1 7 lukkede deals (inkl. nettet XAUUSD-position -52.45) allerede reflekteret, 0 nye opdateringer. Leder 0 aabne positioner, balance/equity 24942.63. Foelger Rune Copy#1 0 aabne positioner, balance/equity 24873.28. Ingen nye signaler paa 4000 M15-candles XAUUSD+XAGUSD.","XAUUSD,XAGUSD",0,ok
2026-09-16 21:32:14.446431+00:00,"Scan 2026-09-16 22:45 (leder Rune Main): ingen kill-switch/konto-anmodninger, control.json paused=false. Afstemning: leder 2 lukkede deals (XAGUSD -14.65, XAUUSD -19.64) allerede reflekteret, 0 nye opdateringer. Foelger Rune Copy#1 7 lukkede deals (inkl. nettet XAUUSD-position -52.45) allerede reflekteret, 0 nye opdateringer. Leder 0 aabne positioner, balance/equity 24942.63. Foelger Rune Copy#1 0 aabne positioner, balance/equity 24873.28. Ingen nye signaler paa 4000 M15-candles XAUUSD+XAGUSD.","XAUUSD,XAGUSD",0,ok
2026-09-16 21:48:53.948315+00:00,"Scan 2026-09-16 (leder Rune Main): ingen kill-switch/konto-anmodninger, control.json paused=false. Afstemning: leder 0 nye opdateringer (2 lukkede deals allerede reflekteret), foelger Rune Copy#1 0 nye opdateringer (16 lukkede deals allerede reflekteret). Leder 0 aabne positioner, balance/equity 24942.63. Foelger Rune Copy#1 0 aabne positioner, balance/equity 24873.28. Ingen nye signaler paa 4000 M15-candles XAUUSD+XAGUSD.","XAUUSD,XAGUSD",0,ok
2026-09-16 22:03:47.280690+00:00,"Scan 2026-09-17 (leder Rune Main): ingen kill-switch/konto-anmodninger, control.json paused=false. Afstemning: leder 0 nye opdateringer (2 lukkede deals allerede reflekteret), foelger Rune Copy#1 0 nye opdateringer (7 lukkede deals allerede reflekteret). Scan paa 4000 M15-candles XAUUSD+XAGUSD fandt 1 nyt signal: XAUUSD Trend_OB short @ 4297.81 (SL 4317.33, TP 4258.77). Ordre placeret som pending SELL_LIMIT paa BAADE leder (ticket 58497326552, lot 0.02) og foelger Rune Copy#1 (ticket 58497326768, lot 0.02). Leder 0 aabne positioner, balance/equity 24942.63. Foelger Rune Copy#1 0 aabne positioner, balance/equity 24873.28.","XAUUSD,XAGUSD",1,ok
2026-09-16 22:17:22.587482+00:00,"ingen kill-switch/konto-anmodninger, control.json paused=false. Afstemning: leder 0 nye opdateringer (2 lukkede deals allerede reflekteret), foelger Rune Copy#1 0 nye opdateringer (7 lukkede deals allerede reflekteret). Ingen nye signaler paa 4000 M15-candles XAUUSD+XAGUSD. Leder 0 aabne positioner, balance/equity 24942.63. Foelger Rune Copy#1 0 aabne positioner, balance/equity 24873.28.","XAUUSD,XAGUSD",0,ok
2026-09-16 22:33:43.712626+00:00,"Scan 2026-09-17 (leder Rune Main): ingen kill-switch/konto-anmodninger, control.json paused=false. Afstemning: leder 0 nye opdateringer (2 lukkede deals allerede reflekteret), foelger Rune Copy#1 0 nye opdateringer (7 lukkede deals allerede reflekteret). Ingen nye signaler paa 4000 M15-candles XAUUSD+XAGUSD. Leder 0 aabne positioner, balance/equity 24942.63. Foelger Rune Copy#1 0 aabne positioner, balance/equity 24873.28.","XAUUSD,XAGUSD",0,ok
2026-09-16 22:47:11.565287+00:00,"Scan 2026-09-17 (leder Rune Main): ingen kill-switch/konto-anmodninger, control.json paused=false. Afstemning: leder 0 nye opdateringer (2 lukkede deals allerede reflekteret), foelger Rune Copy#1 0 nye opdateringer (7 lukkede deals allerede reflekteret). Ingen nye signaler paa 4000 M15-candles XAUUSD+XAGUSD. Leder 0 aabne positioner, balance/equity 24942.63. Foelger Rune Copy#1 0 aabne positioner, balance/equity 24873.28.","XAUUSD,XAGUSD",0,ok
2026-09-16 23:02:47.143350+00:00,"Scan 2026-09-17 (leder Rune Main): ingen kill-switch/konto-anmodninger, control.json paused=false. Afstemning: leder 0 nye opdateringer (2 lukkede deals allerede reflekteret), foelger Rune Copy#1 0 nye opdateringer (7 lukkede deals allerede reflekteret). Ingen nye signaler paa 4000 M15-candles XAUUSD+XAGUSD. Leder 0 aabne positioner, balance/equity 24942.63. Foelger Rune Copy#1 0 aabne positioner, balance/equity 24873.28.","XAUUSD,XAGUSD",0,ok
2026-09-16 23:19:40.375065+00:00,"Scan 2026-09-17 (leder Rune Main): ingen kill-switch/konto-anmodninger, control.json paused=false. Afstemning: leder 0 nye opdateringer (2 lukkede deals allerede reflekteret), foelger Rune Copy#1 0 nye opdateringer (7 lukkede deals allerede reflekteret). Ingen nye signaler paa 4000 M15-candles XAUUSD+XAGUSD. Leder 0 aabne positioner, balance/equity 24942.63. Foelger Rune Copy#1 0 aabne positioner, balance/equity 24873.28.","XAUUSD,XAGUSD",0,ok
2026-09-16 23:32:16.126255+00:00,"Scan 2026-09-17 (leder Rune Main): ingen kill-switch/konto-anmodninger, control.json paused=false. Afstemning: leder 0 nye opdateringer (2 lukkede deals allerede reflekteret), foelger Rune Copy#1 0 nye opdateringer (7 lukkede deals allerede reflekteret). Ingen nye signaler paa 4000 M15-candles XAUUSD+XAGUSD. Leder 0 aabne positioner, balance/equity 24942.63. Foelger Rune Copy#1 0 aabne positioner, balance/equity 24873.28.","XAUUSD,XAGUSD",0,ok
2026-09-16 23:47:02.403507+00:00,"Scan 2026-09-17 (leder Rune Main): ingen kill-switch/konto-anmodninger, control.json paused=false. Afstemning: leder 0 nye opdateringer (2 lukkede deals allerede reflekteret), foelger Rune Copy#1 0 nye opdateringer (7 lukkede deals allerede reflekteret). Ingen nye signaler paa 4000 M15-candles XAUUSD+XAGUSD. Leder 0 aabne positioner, balance/equity 24942.63. Foelger Rune Copy#1 0 aabne positioner, balance/equity 24873.28.","XAUUSD,XAGUSD",0,ok
2026-09-17 00:03:36.868567+00:00,"Scan 2026-09-17 (leder Rune Main): ingen kill-switch/konto-anmodninger, control.json paused=false. Afstemning: leder 0 nye opdateringer (2 lukkede deals allerede reflekteret), foelger Rune Copy#1 0 nye opdateringer (7 lukkede deals allerede reflekteret). Ingen nye signaler paa 4000 M15-candles XAUUSD+XAGUSD. Leder 0 aabne positioner, balance/equity 24942.63. Foelger Rune Copy#1 0 aabne positioner, balance/equity 24873.28.","XAUUSD,XAGUSD",0,ok
2026-09-17 00:17:26.172672+00:00,"Scan 2026-09-17 (leder Rune Main): ingen kill-switch/konto-anmodninger, control.json paused=false. Afstemning: leder 0 nye opdateringer (2 lukkede deals allerede reflekteret), foelger Rune Copy#1 0 nye opdateringer (7 lukkede deals allerede reflekteret). Ingen nye signaler paa 4000 M15-candles XAUUSD+XAGUSD. Leder 0 aabne positioner, balance/equity 24942.63. Foelger Rune Copy#1 0 aabne positioner, balance/equity 24873.28.","XAUUSD,XAGUSD",0,ok
2026-09-17 00:33:23.645838+00:00,"Scan 2026-09-17 (leder Rune Main): ingen kill-switch/konto-anmodninger, control.json paused=false. Afstemning: leder 0 nye opdateringer (2 lukkede deals allerede reflekteret), foelger Rune Copy#1 0 nye opdateringer (7 lukkede deals allerede reflekteret). Ingen nye signaler paa 4000 M15-candles XAUUSD+XAGUSD. Leder 0 aabne positioner, balance/equity 24942.63. Foelger Rune Copy#1 0 aabne positioner, balance/equity 24873.28.","XAUUSD,XAGUSD",0,ok
2026-09-17 00:47:54.159429+00:00,"Scan 2026-09-17 (leder Rune Main): ingen kill-switch/konto-anmodninger, control.json paused=false. Afstemning: leder 0 nye opdateringer (2 lukkede deals allerede reflekteret), foelger Rune Copy#1 0 nye opdateringer (7 lukkede deals allerede reflekteret). Ingen nye signaler paa 4000 M15-candles XAUUSD+XAGUSD. Leder 0 aabne positioner, balance/equity 24942.63. Foelger Rune Copy#1 0 aabne positioner, balance/equity 24873.28.","XAUUSD,XAGUSD",0,ok
2026-09-17 01:03:41.161892+00:00,"Scan 2026-09-17 (leder Rune Main): ingen kill-switch/konto-anmodninger, control.json paused=false. Afstemning: leder 0 nye opdateringer (2 lukkede deals allerede reflekteret), foelger Rune Copy#1 0 nye opdateringer (7 lukkede deals allerede reflekteret). Ingen nye signaler paa 4000 M15-candles XAUUSD+XAGUSD. Leder 0 aabne positioner, balance/equity 24942.63. Foelger Rune Copy#1 0 aabne positioner, balance/equity 24873.28.","XAUUSD,XAGUSD",0,ok
2026-09-17 01:18:29.133290+00:00,"Scan 2026-09-17 (leder Rune Main): ingen kill-switch/konto-anmodninger, control.json paused=false. Afstemning: leder 0 nye opdateringer (2 lukkede deals allerede reflekteret), foelger Rune Copy#1 0 nye opdateringer (7 lukkede deals allerede reflekteret). Ingen nye signaler paa 4000 M15-candles XAUUSD+XAGUSD. Leder 1 aaben position (XAUUSD SELL 0.02, Trend_OB), balance 24942.63 / equity 24930.95. Foelger Rune Copy#1 1 aaben position (XAUUSD SELL 0.02), balance 24873.28 / equity 24861.60.","XAUUSD,XAGUSD",0,ok
2026-09-17 01:33:48.743263+00:00,"Scan 2026-09-17 (leder Rune Main): ingen kill-switch/konto-anmodninger, control.json paused=false. Afstemning: leder 0 nye opdateringer (2 lukkede deals allerede reflekteret), foelger Rune Copy#1 0 nye opdateringer (7 lukkede deals allerede reflekteret). Ingen nye signaler paa 4000 M15-candles XAUUSD+XAGUSD. Leder 1 aaben position (XAUUSD SELL 0.02, Trend_OB), balance/equity 24942.63/24910.99. Foelger Rune Copy#1 1 aaben position (XAUUSD SELL 0.02), balance/equity 24873.28/24841.64.","XAUUSD,XAGUSD",0,ok
2026-09-17 01:48:35.198949+00:00,"Scan 2026-09-17 (leder Rune Main): ingen kill-switch/konto-anmodninger, control.json paused=false. Afstemning: leder 0 nye opdateringer, foelger Rune Copy#1 0 nye opdateringer (deals allerede reflekteret). Ingen nye signaler paa 4000 M15-candles XAUUSD+XAGUSD. Leder 0 aabne positioner, balance/equity 24903.59. Foelger Rune Copy#1 0 aabne positioner, balance/equity 24834.24.","XAUUSD,XAGUSD",0,ok
2026-09-17 02:03:37.288821+00:00,"Scan 2026-09-17 (leder Rune Main): ingen kill-switch/konto-anmodninger, control.json paused=false. Afstemning: leder 0 nye opdateringer (2 deals allerede reflekteret), foelger Rune Copy#1 0 nye opdateringer (7 deals allerede reflekteret). Ingen nye signaler paa 4000 M15-candles XAUUSD+XAGUSD. Leder 0 aabne positioner, balance/equity 24903.59. Foelger Rune Copy#1 0 aabne positioner, balance/equity 24834.24.","XAUUSD,XAGUSD",0,ok
2026-09-17 02:17:02.115589+00:00,"Scan 2026-09-17 (leder Rune Main): ingen kill-switch/konto-anmodninger, control.json paused=false. Afstemning: leder 0 nye opdateringer (2 lukkede deals allerede reflekteret), foelger Rune Copy#1 0 nye opdateringer (15 lukkede deals allerede reflekteret). Ingen nye signaler paa 4000 M15-candles XAUUSD+XAGUSD. Leder 0 aabne positioner, balance/equity 24903.59. Foelger Rune Copy#1 0 aabne positioner, balance/equity 24834.24.","XAUUSD,XAGUSD",0,ok
2026-09-17 02:32:22.518894+00:00,"Scan 2026-09-17 (leder Rune Main): ingen kill-switch/konto-anmodninger, control.json paused=false. Afstemning: leder 0 nye opdateringer (2 lukkede deals allerede reflekteret), foelger Rune Copy#1 0 nye opdateringer (7 lukkede deals allerede reflekteret). Ingen nye signaler paa 4000 M15-candles XAUUSD+XAGUSD. Leder 0 aabne positioner, balance/equity 24903.59. Foelger Rune Copy#1 0 aabne positioner, balance/equity 24834.24.","XAUUSD,XAGUSD",0,ok
2026-09-17 02:48:13.532742+00:00,"Scan 2026-09-17 (leder Rune Main): ingen kill-switch/konto-anmodninger, control.json paused=false. Afstemning: leder 2 nye opdateringer (3 lukkede deals matchet), foelger Rune Copy#1 1 ny opdatering (9 lukkede deals matchet, resten allerede reflekteret). Ingen nye signaler paa 4000 M15-candles XAUUSD+XAGUSD. Leder 0 aabne positioner, balance/equity 24903.59. Foelger Rune Copy#1 0 aabne positioner, balance/equity 24834.24.","XAUUSD,XAGUSD",0,ok
2026-09-17 03:02:49.860083+00:00,"Scan 2026-09-17 (leder Rune Main): ingen kill-switch/konto-anmodninger, control.json paused=false. Afstemning: leder 0 nye opdateringer (3 lukkede deals allerede reflekteret), foelger Rune Copy#1 0 nye opdateringer (9 lukkede deals allerede reflekteret). Ingen nye signaler paa 4000 M15-candles XAUUSD+XAGUSD. Leder 0 aabne positioner, balance/equity 24903.59. Foelger Rune Copy#1 0 aabne positioner, balance/equity 24834.24.","XAUUSD,XAGUSD",0,ok
2026-09-17 03:18:12.328249+00:00,"Scan 2026-09-17 (leder Rune Main): ingen kill-switch/konto-anmodninger, control.json paused=false. Afstemning: leder 0 nye opdateringer (2 lukkede deals allerede reflekteret), foelger Rune Copy#1 0 nye opdateringer (7 lukkede deals allerede reflekteret). Ingen nye signaler paa 4000 M15-candles XAUUSD+XAGUSD. Leder 0 aabne positioner, balance/equity 24903.59. Foelger Rune Copy#1 0 aabne positioner, balance/equity 24834.24.","XAUUSD,XAGUSD",0,ok
2026-09-17 03:32:14.975577+00:00,"Scan 2026-09-17 (leder Rune Main): ingen kill-switch/konto-anmodninger, control.json paused=false. Afstemning: leder 0 nye opdateringer (3 lukkede deals allerede reflekteret), foelger Rune Copy#1 0 nye opdateringer (9 lukkede deals allerede reflekteret). Ingen nye signaler paa 4000 M15-candles XAUUSD+XAGUSD. Leder 0 aabne positioner, balance/equity 24903.59. Foelger Rune Copy#1 0 aabne positioner, balance/equity 24834.24.","XAUUSD,XAGUSD",0,ok
2026-09-17 03:47:01.151283+00:00,"Scan 2026-09-17 (leder Rune Main): ingen kill-switch/konto-anmodninger, control.json paused=false. Afstemning: leder 0 nye opdateringer (2 lukkede deals allerede reflekteret), foelger Rune Copy#1 0 nye opdateringer (7 lukkede deals allerede reflekteret). Ingen nye signaler paa 4000 M15-candles XAUUSD+XAGUSD. Leder 0 aabne positioner, balance/equity 24903.59. Foelger Rune Copy#1 0 aabne positioner, balance/equity 24834.24.","XAUUSD,XAGUSD",0,ok
2026-09-17 04:02:42.775667+00:00,"Scan 2026-09-17 (leder Rune Main): ingen kill-switch/konto-anmodninger, control.json paused=false. Afstemning: leder 0 nye opdateringer (3 lukkede deals allerede reflekteret), foelger Rune Copy#1 0 nye opdateringer (8 lukkede deals allerede reflekteret). Ingen nye signaler paa 4000 M15-candles XAUUSD+XAGUSD. Leder 0 aabne positioner, balance/equity 24903.59. Foelger Rune Copy#1 0 aabne positioner, balance/equity 24834.24.","XAUUSD,XAGUSD",0,ok
2026-09-17 04:17:19.736801+00:00,"Scan 2026-09-17 (leder Rune Main): ingen kill-switch/konto-anmodninger, control.json paused=false. Afstemning: leder 0 nye opdateringer (3 lukkede deals allerede reflekteret), foelger Rune Copy#1 0 nye opdateringer (9 lukkede deals allerede reflekteret). Ingen nye signaler paa 4000 M15-candles XAUUSD+XAGUSD. Leder 0 aabne positioner, balance/equity 24903.59. Foelger Rune Copy#1 0 aabne positioner, balance/equity 24834.24.","XAUUSD,XAGUSD",0,ok
2026-09-17 04:33:07.503629+00:00,"Scan 2026-09-17 (leder Rune Main): ingen kill-switch/konto-anmodninger, control.json paused=false. Afstemning: leder 0 nye opdateringer (2 lukkede deals allerede reflekteret), foelger Rune Copy#1 0 nye opdateringer (7 lukkede deals allerede reflekteret). Ingen nye signaler paa 4000 M15-candles XAUUSD+XAGUSD. Leder 0 aabne positioner, balance/equity 24903.59. Foelger Rune Copy#1 0 aabne positioner, balance/equity 24834.24.","XAUUSD,XAGUSD",0,ok
2026-09-17 04:47:40.140436+00:00,"Scan 2026-09-17 (leder Rune Main): ingen kill-switch/konto-anmodninger, control.json paused=false. Afstemning: leder 0 nye opdateringer (2 lukkede deals allerede reflekteret), foelger Rune Copy#1 0 nye opdateringer (7 lukkede deals allerede reflekteret). Ingen nye signaler paa 4000 M15-candles XAUUSD+XAGUSD. Leder 0 aabne positioner, balance/equity 24903.59. Foelger Rune Copy#1 0 aabne positioner, balance/equity 24834.24.","XAUUSD,XAGUSD",0,ok
2026-09-17 05:02:03.820079+00:00,"Scan 2026-09-17 (leder Rune Main): ingen kill-switch/konto-anmodninger, control.json paused=false. Afstemning: leder 0 nye opdateringer (2 lukkede deals allerede reflekteret), foelger Rune Copy#1 0 nye opdateringer (7 lukkede deals allerede reflekteret). Ingen nye signaler paa 4000 M15-candles XAUUSD+XAGUSD. Leder 0 aabne positioner, balance/equity 24903.59. Foelger Rune Copy#1 0 aabne positioner, balance/equity 24834.24.","XAUUSD,XAGUSD",0,ok
2026-09-17 05:17:04.742452+00:00,"Scan 2026-09-17 (leder Rune Main): ingen kill-switch/konto-anmodninger, control.json paused=false. Afstemning: leder 0 nye opdateringer (3 lukkede deals allerede reflekteret), foelger Rune Copy#1 0 nye opdateringer (9 lukkede deals allerede reflekteret). Ingen nye signaler paa 4000 M15-candles XAUUSD+XAGUSD. Leder 0 aabne positioner, balance/equity 24903.59. Foelger Rune Copy#1 0 aabne positioner, balance/equity 24834.24.","XAUUSD,XAGUSD",0,ok
2026-09-17 05:32:10.629152+00:00,"Scan 2026-09-17 (leder Rune Main): ingen kill-switch/konto-anmodninger, control.json paused=false. Afstemning: leder 0 nye opdateringer (2 lukkede deals allerede reflekteret), foelger Rune Copy#1 0 nye opdateringer (7 lukkede deals allerede reflekteret). Ingen nye signaler paa 4000 M15-candles XAUUSD+XAGUSD. Leder 0 aabne positioner, balance/equity 24903.59. Foelger Rune Copy#1 0 aabne positioner, balance/equity 24834.24.","XAUUSD,XAGUSD",0,ok
2026-09-17 05:49:07.044280+00:00,"Scan 2026-09-17 (leder Rune Main): ingen kill-switch/konto-anmodninger, control.json paused=false. Afstemning: leder 0 nye opdateringer (2 lukkede deals allerede reflekteret), foelger Rune Copy#1 0 nye opdateringer (7 lukkede deals allerede reflekteret). Ingen nye signaler paa 4000 M15-candles XAUUSD+XAGUSD. Leder 0 aabne positioner, balance/equity 24903.59. Foelger Rune Copy#1 0 aabne positioner, balance/equity 24834.24.","XAUUSD,XAGUSD",0,ok
2026-09-17 06:02:20.961497+00:00,"Scan 2026-09-17 (leder Rune Main): ingen kill-switch/konto-anmodninger, control.json paused=false. Afstemning: leder 0 nye opdateringer (3 lukkede deals allerede reflekteret), foelger Rune Copy#1 0 nye opdateringer (8 lukkede deals allerede reflekteret). Ingen nye signaler paa 4000 M15-candles XAUUSD+XAGUSD. Leder 0 aabne positioner, balance/equity 24903.59. Foelger Rune Copy#1 0 aabne positioner, balance/equity 24834.24.","XAUUSD,XAGUSD",0,ok
2026-09-17 06:17:32.407553+00:00,"Scan 2026-09-17 (leder Rune Main): ingen kill-switch/konto-anmodninger, control.json paused=false. Afstemning: leder 0 nye opdateringer (2 lukkede deals allerede reflekteret), foelger Rune Copy#1 0 nye opdateringer (7 lukkede deals allerede reflekteret). Ingen nye signaler paa 4000 M15-candles XAUUSD+XAGUSD. Leder 0 aabne positioner, balance/equity 24903.59. Foelger Rune Copy#1 0 aabne positioner, balance/equity 24834.24.","XAUUSD,XAGUSD",0,ok
2026-09-17 06:33:17.353215+00:00,"Scan 2026-09-17 (leder Rune Main): ingen kill-switch/konto-anmodninger, control.json paused=false. Afstemning: leder 0 nye opdateringer (2 lukkede deals allerede reflekteret), foelger Rune Copy#1 0 nye opdateringer (7 lukkede deals allerede reflekteret). Ingen nye signaler paa 4000 M15-candles XAUUSD+XAGUSD. Leder 0 aabne positioner, balance/equity 24903.59. Foelger Rune Copy#1 0 aabne positioner, balance/equity 24834.24.","XAUUSD,XAGUSD",0,ok
2026-09-17 06:48:11.067868+00:00,"Scan 2026-09-17 (leder Rune Main): ingen kill-switch/konto-anmodninger, control.json paused=false. Afstemning: leder 0 nye opdateringer (2 lukkede deals allerede reflekteret), foelger Rune Copy#1 0 nye opdateringer (14 lukkede deals allerede reflekteret). Ingen nye signaler paa 4000 M15-candles XAUUSD+XAGUSD. Leder 0 aabne positioner, balance/equity 24903.59. Foelger Rune Copy#1 0 aabne positioner, balance/equity 24834.24.","XAUUSD,XAGUSD",0,ok
2026-09-17 07:02:59.725659+00:00,"Scan 2026-09-17 (leder Rune Main): ingen kill-switch/konto-anmodninger, control.json paused=false. Afstemning: leder 0 nye opdateringer (2 lukkede deals allerede reflekteret), foelger Rune Copy#1 0 nye opdateringer (7 lukkede deals allerede reflekteret). Ingen nye signaler paa 4000 M15-candles XAUUSD+XAGUSD. Leder 0 aabne positioner, balance/equity 24903.59. Foelger Rune Copy#1 0 aabne positioner, balance/equity 24834.24.","XAUUSD,XAGUSD",0,ok
2026-09-17 07:17:29.277710+00:00,"leder Rune Main: ingen kill-switch/konto-anmodninger, control.json paused=false. Afstemning: leder 0 nye opdateringer (2 lukkede deals allerede reflekteret), foelger Rune Copy#1 0 nye opdateringer (7 lukkede deals allerede reflekteret). Ingen nye signaler paa 4000 M15-candles XAUUSD+XAGUSD. Leder 0 aabne positioner, balance/equity 24903.59. Foelger Rune Copy#1 0 aabne positioner, balance/equity 24834.24.","XAUUSD,XAGUSD",0,ok
2026-09-17 07:33:08.034672+00:00,"Scan 2026-09-17 (leder Rune Main): ingen kill-switch/konto-anmodninger, control.json paused=false. Afstemning: leder 0 nye opdateringer (2 lukkede deals allerede reflekteret), foelger Rune Copy#1 0 nye opdateringer (7 lukkede deals allerede reflekteret). Ingen nye signaler paa 4000 M15-candles XAUUSD+XAGUSD. Leder 0 aabne positioner, balance/equity 24903.59. Foelger Rune Copy#1 0 aabne positioner, balance/equity 24834.24.","XAUUSD,XAGUSD",0,ok
2026-09-17 07:48:40.655052+00:00,"Scan 2026-09-17 (leder Rune Main): ingen kill-switch/konto-anmodninger, control.json paused=false. Afstemning: leder 0 nye opdateringer (2 lukkede deals allerede reflekteret), foelger Rune Copy#1 0 nye opdateringer (7 lukkede deals allerede reflekteret). Ingen nye signaler paa 4000 M15-candles XAUUSD+XAGUSD. Leder 0 aabne positioner, balance/equity 24903.59. Foelger Rune Copy#1 0 aabne positioner, balance/equity 24834.24.","XAUUSD,XAGUSD",0,ok
2026-09-17 08:02:30.223574+00:00,"Scan 2026-09-17 (leder Rune Main): ingen kill-switch/konto-anmodninger, control.json paused=false. Afstemning: leder 0 nye opdateringer (2 lukkede deals allerede reflekteret), foelger Rune Copy#1 0 nye opdateringer (7 lukkede deals allerede reflekteret). Ingen nye signaler paa 4000 M15-candles XAUUSD+XAGUSD. Leder 0 aabne positioner, balance/equity 24903.59. Foelger Rune Copy#1 0 aabne positioner, balance/equity 24834.24.","XAUUSD,XAGUSD",0,ok
2026-09-17 08:18:45.435154+00:00,"Scan 2026-09-17 (leder Rune Main): ingen kill-switch/konto-anmodninger, control.json paused=false. Afstemning: leder 0 nye opdateringer (3 lukkede deals allerede reflekteret), foelger Rune Copy#1 0 nye opdateringer (9 lukkede deals allerede reflekteret, inkl. tidligere overset 2026-09-17 XAUUSD-tab opdaget via korrigeret to_date). Ingen nye signaler paa 4000 M15-candles XAUUSD+XAGUSD. Leder 0 aabne positioner, balance/equity 24903.59. Foelger Rune Copy#1 0 aabne positioner, balance/equity 24834.24.","XAUUSD,XAGUSD",0,ok
2026-09-17 08:33:11.488710+00:00,"Scan 2026-09-17 (leder Rune Main): ingen kill-switch/konto-anmodninger, control.json paused=false. Afstemning: leder 0 nye opdateringer (3 lukkede deals allerede reflekteret), foelger Rune Copy#1 0 nye opdateringer (8 lukkede deals allerede reflekteret). Ingen nye signaler paa 4000 M15-candles XAUUSD+XAGUSD. Leder 0 aabne positioner, balance/equity 24903.59. Foelger Rune Copy#1 0 aabne positioner, balance/equity 24834.24.","XAUUSD,XAGUSD",0,ok
2026-09-17 08:47:04.870308+00:00,"Scan 2026-09-17 (leder Rune Main): ingen kill-switch/konto-anmodninger, control.json paused=false. Afstemning: leder 0 nye opdateringer (3 lukkede deals allerede reflekteret), foelger Rune Copy#1 0 nye opdateringer (8 lukkede deals allerede reflekteret). Ingen nye signaler paa 4000 M15-candles XAUUSD+XAGUSD. Leder 0 aabne positioner, balance/equity 24903.59. Foelger Rune Copy#1 0 aabne positioner, balance/equity 24834.24.","XAUUSD,XAGUSD",0,ok
2026-09-17 09:02:34.325086+00:00,"Scan 2026-09-17 (leder Rune Main): ingen kill-switch/konto-anmodninger, control.json paused=false. Afstemning: leder 0 nye opdateringer (3 lukkede deals allerede reflekteret), foelger Rune Copy#1 0 nye opdateringer (8 lukkede deals allerede reflekteret). Ingen nye signaler paa 4000 M15-candles XAUUSD+XAGUSD. Leder 0 aabne positioner, balance/equity 24903.59. Foelger Rune Copy#1 0 aabne positioner, balance/equity 24834.24.","XAUUSD,XAGUSD",0,ok
2026-09-17 09:17:37.944510+00:00,"Scan 2026-09-17 (leder Rune Main): ingen kill-switch/konto-anmodninger, control.json paused=false. Afstemning: leder 0 nye opdateringer (3 lukkede deals allerede reflekteret), foelger Rune Copy#1 0 nye opdateringer (9 lukkede deals allerede reflekteret). Ingen nye signaler paa 4000 M15-candles XAUUSD+XAGUSD. Leder 0 aabne positioner, balance/equity 24903.59. Foelger Rune Copy#1 0 aabne positioner, balance/equity 24834.24.","XAUUSD,XAGUSD",0,ok
2026-09-17 09:31:43.757456+00:00,"Scan 2026-09-17 (leder Rune Main): ingen kill-switch/konto-anmodninger, control.json paused=false. Afstemning: leder 0 nye opdateringer (deals allerede reflekteret), foelger Rune Copy#1 0 nye opdateringer (deals allerede reflekteret). Ingen nye signaler paa 4000 M15-candles XAUUSD+XAGUSD. Leder 0 aabne positioner, balance/equity 24903.59. Foelger Rune Copy#1 0 aabne positioner, balance/equity 24834.24.","XAUUSD,XAGUSD",0,ok
2026-09-17 09:47:52.188474+00:00,"Scan 2026-09-17 (leder Rune Main): ingen kill-switch/konto-anmodninger, control.json paused=false. Afstemning: leder 0 nye opdateringer (2 lukkede deals allerede reflekteret), foelger Rune Copy#1 0 nye opdateringer (7 lukkede deals allerede reflekteret). Ingen nye signaler paa 4000 M15-candles XAUUSD+XAGUSD. Leder 0 aabne positioner, balance/equity 24903.59. Foelger Rune Copy#1 0 aabne positioner, balance/equity 24834.24.","XAUUSD,XAGUSD",0,ok
2026-09-17 10:02:38.124094+00:00,"Scan 2026-09-17 (leder Rune Main): ingen kill-switch/konto-anmodninger, control.json paused=false. Afstemning: leder 0 nye opdateringer (3 lukkede deals allerede reflekteret), foelger Rune Copy#1 0 nye opdateringer (9 lukkede deals allerede reflekteret). Ingen nye signaler paa 4000 M15-candles XAUUSD+XAGUSD. Leder 0 aabne positioner, balance/equity 24903.59. Foelger Rune Copy#1 0 aabne positioner, balance/equity 24834.24.","XAUUSD,XAGUSD",0,ok
2026-09-17 10:17:45.293638+00:00,"Scan 2026-09-17 (leder Rune Main): ingen kill-switch/konto-anmodninger, control.json paused=false. Afstemning: leder 0 nye opdateringer (3 lukkede deals allerede reflekteret), foelger Rune Copy#1 0 nye opdateringer (9 lukkede deals allerede reflekteret, inkl. 1 nettet position 58447635498/58447634934). Ingen nye signaler paa 5000 M15-candles XAUUSD+XAGUSD. Leder 0 aabne positioner, balance/equity 24903.59. Foelger Rune Copy#1 0 aabne positioner, balance/equity 24834.24.","XAUUSD,XAGUSD",0,ok
2026-09-17 10:32:28.255594+00:00,"leder Rune Main: ingen kill-switch/konto-anmodninger, control.json paused=false. Afstemning: leder 0 nye opdateringer (2 lukkede deals allerede reflekteret), foelger Rune Copy#1 0 nye opdateringer (7 lukkede deals allerede reflekteret). Ingen nye signaler paa 4000 M15-candles XAUUSD+XAGUSD. Leder 0 aabne positioner, balance/equity 24903.59. Foelger Rune Copy#1 0 aabne positioner, balance/equity 24834.24.","XAUUSD,XAGUSD",0,ok
2026-09-17 10:47:34.332851+00:00,"Scan 2026-09-17 (leder Rune Main): ingen kill-switch/konto-anmodninger, control.json paused=false. Afstemning: leder 0 nye opdateringer (3 lukkede deals allerede reflekteret), foelger Rune Copy#1 0 nye opdateringer (9 lukkede deals allerede reflekteret). Ingen nye signaler paa 5000 M15-candles XAUUSD+XAGUSD. Leder 0 aabne positioner, balance/equity 24903.59. Foelger Rune Copy#1 0 aabne positioner, balance/equity 24834.24.","XAUUSD,XAGUSD",0,ok
2026-09-17 11:02:38.421948+00:00,"Scan 2026-09-17 (leder Rune Main): ingen kill-switch/konto-anmodninger, control.json paused=false. Afstemning: leder 0 nye opdateringer (2 lukkede deals allerede reflekteret), foelger Rune Copy#1 0 nye opdateringer (7 lukkede deals allerede reflekteret). Ingen nye signaler paa 4000 M15-candles XAUUSD+XAGUSD. Leder 0 aabne positioner, balance/equity 24903.59. Foelger Rune Copy#1 0 aabne positioner, balance/equity 24834.24.","XAUUSD,XAGUSD",0,ok
2026-09-17 11:18:07.043082+00:00,"Scan 2026-09-17 (leder Rune Main): ingen kill-switch/konto-anmodninger, control.json paused=false. Afstemning: leder 0 nye opdateringer (2 lukkede deals allerede reflekteret), foelger Rune Copy#1 0 nye opdateringer (7 lukkede deals allerede reflekteret). Ingen nye signaler paa 4000 M15-candles XAUUSD+XAGUSD. Leder 0 aabne positioner, balance/equity 24903.59. Foelger Rune Copy#1 0 aabne positioner, balance/equity 24834.24.","XAUUSD,XAGUSD",0,ok
2026-09-17 11:32:50.435466+00:00,"Scan 2026-09-17 (leder Rune Main): ingen kill-switch/konto-anmodninger, control.json paused=false. Afstemning: leder 0 nye opdateringer (2 lukkede deals allerede reflekteret), foelger Rune Copy#1 0 nye opdateringer (7 lukkede deals allerede reflekteret). Ingen nye signaler paa 4000 M15-candles XAUUSD+XAGUSD. Leder 0 aabne positioner, balance/equity 24903.59. Foelger Rune Copy#1 0 aabne positioner, balance/equity 24834.24.","XAUUSD,XAGUSD",0,ok
2026-09-17 11:47:32.273924+00:00,"Scan 2026-09-17 (leder Rune Main): ingen kill-switch/konto-anmodninger, control.json paused=false. Afstemning: leder 0 nye opdateringer (3 lukkede deals allerede reflekteret), foelger Rune Copy#1 0 nye opdateringer (9 lukkede deals allerede reflekteret). Ingen nye signaler paa 4000 M15-candles XAUUSD+XAGUSD. Leder 0 aabne positioner, balance/equity 24903.59. Foelger Rune Copy#1 0 aabne positioner, balance/equity 24834.24.","XAUUSD,XAGUSD",0,ok
2026-09-17 12:02:57.569967+00:00,"Scan 2026-09-17 (leder Rune Main): ingen kill-switch/konto-anmodninger, control.json paused=false. Afstemning: leder 0 nye opdateringer (2 lukkede deals allerede reflekteret), foelger Rune Copy#1 0 nye opdateringer (7 lukkede deals allerede reflekteret). Ingen nye signaler paa 4000 M15-candles XAUUSD+XAGUSD. Leder 0 aabne positioner, balance/equity 24903.59. Foelger Rune Copy#1 0 aabne positioner, balance/equity 24834.24.","XAUUSD,XAGUSD",0,ok
2026-09-17 12:17:11.410357+00:00,"Scan 2026-09-17 (leder Rune Main): ingen kill-switch/konto-anmodninger, control.json paused=false. Afstemning: leder 0 nye opdateringer (2 lukkede deals allerede reflekteret), foelger Rune Copy#1 0 nye opdateringer (7 lukkede deals allerede reflekteret). Ingen nye signaler paa 4000 M15-candles XAUUSD+XAGUSD. Leder 0 aabne positioner, balance/equity 24903.59. Foelger Rune Copy#1 0 aabne positioner, balance/equity 24834.24.","XAUUSD,XAGUSD",0,ok
2026-09-17 12:32:18.373275+00:00,"Scan 2026-09-17 (leder Rune Main): ingen kill-switch/konto-anmodninger, control.json paused=false. Afstemning: leder 0 nye opdateringer (3 lukkede deals allerede reflekteret), foelger Rune Copy#1 0 nye opdateringer (9 lukkede deals allerede reflekteret). Ingen nye signaler paa 4000 M15-candles XAUUSD+XAGUSD. Leder 0 aabne positioner, balance/equity 24903.59. Foelger Rune Copy#1 0 aabne positioner, balance/equity 24834.24.","XAUUSD,XAGUSD",0,ok
2026-09-17 12:47:17.544509+00:00,"Scan 2026-09-17 (leder Rune Main): ingen kill-switch/konto-anmodninger, control.json paused=false. Afstemning: leder 0 nye opdateringer (3 lukkede deals allerede reflekteret), foelger Rune Copy#1 0 nye opdateringer (9 lukkede deals allerede reflekteret). Ingen nye signaler paa 4000 M15-candles XAUUSD+XAGUSD. Leder 0 aabne positioner, balance/equity 24903.59. Foelger Rune Copy#1 0 aabne positioner, balance/equity 24834.24.","XAUUSD,XAGUSD",0,ok
2026-09-17 13:02:31.895942+00:00,"Scan 2026-09-17 (leder Rune Main): ingen kill-switch/konto-anmodninger, control.json paused=false. Afstemning: leder 0 nye opdateringer (3 lukkede deals allerede reflekteret), foelger Rune Copy#1 0 nye opdateringer (8 lukkede deals allerede reflekteret). Ingen nye signaler paa 4000 M15-candles XAUUSD+XAGUSD. Leder 0 aabne positioner, balance/equity 24903.59. Foelger Rune Copy#1 0 aabne positioner, balance/equity 24834.24.","XAUUSD,XAGUSD",0,ok
2026-09-17 13:17:44.506921+00:00,"Scan 2026-09-17 (leder Rune Main): ingen kill-switch/konto-anmodninger, control.json paused=false. Afstemning: leder 0 nye opdateringer (2 lukkede deals allerede reflekteret), foelger Rune Copy#1 0 nye opdateringer (7 lukkede deals allerede reflekteret). Ingen nye signaler paa 4000 M15-candles XAUUSD+XAGUSD. Leder 0 aabne positioner, balance/equity 24903.59. Foelger Rune Copy#1 0 aabne positioner, balance/equity 24834.24.","XAUUSD,XAGUSD",0,ok
2026-09-17 13:34:11.931171+00:00,"Scan 2026-09-17 (leder Rune Main): ingen kill-switch/konto-anmodninger, control.json paused=false. Afstemning: leder 0 nye opdateringer (2 lukkede deals allerede reflekteret), foelger Rune Copy#1 0 nye opdateringer (7 lukkede deals allerede reflekteret). Ingen nye signaler paa 4000 M15-candles XAUUSD+XAGUSD. Leder 0 aabne positioner, balance/equity 24903.59. Foelger Rune Copy#1 0 aabne positioner, balance/equity 24834.24.","XAUUSD,XAGUSD",0,ok
2026-09-17 13:47:38.935479+00:00,"Scan 2026-09-17 (leder Rune Main): ingen kill-switch/konto-anmodninger, control.json paused=false. Afstemning: leder 0 nye opdateringer (2 lukkede deals allerede reflekteret), foelger Rune Copy#1 0 nye opdateringer (7 lukkede deals allerede reflekteret). Ingen nye signaler paa 4000 M15-candles XAUUSD+XAGUSD. Leder 0 aabne positioner, balance/equity 24903.59. Foelger Rune Copy#1 0 aabne positioner, balance/equity 24834.24.","XAUUSD,XAGUSD",0,ok
2026-09-17 14:03:23.868700+00:00,"Scan 2026-09-17 (leder Rune Main): ingen kill-switch/konto-anmodninger, control.json paused=false. Afstemning: leder 0 nye opdateringer (3 lukkede deals allerede reflekteret), foelger Rune Copy#1 0 nye opdateringer (9 lukkede deals allerede reflekteret). Ingen nye signaler paa 4000 M15-candles XAUUSD+XAGUSD. Leder 0 aabne positioner, balance/equity 24903.59. Foelger Rune Copy#1 0 aabne positioner, balance/equity 24834.24.","XAUUSD,XAGUSD",0,ok
2026-09-17 14:19:12.989409+00:00,"Scan 2026-09-17 (leder Rune Main): ingen kill-switch/konto-anmodninger, control.json paused=false. Afstemning: leder 0 nye opdateringer (2 lukkede deals allerede reflekteret), foelger Rune Copy#1 0 nye opdateringer (7 lukkede deals allerede reflekteret). Ingen nye signaler paa 4000 M15-candles XAUUSD+XAGUSD. Leder 0 aabne positioner, balance/equity 24903.59. Foelger Rune Copy#1 0 aabne positioner, balance/equity 24834.24.","XAUUSD,XAGUSD",0,ok
2026-09-17 14:32:58.284042+00:00,"Scan 2026-09-17 (leder Rune Main): ingen kill-switch/konto-anmodninger, control.json paused=false. Afstemning: leder 0 nye opdateringer (2 lukkede deals allerede reflekteret), foelger Rune Copy#1 0 nye opdateringer (7 lukkede deals allerede reflekteret). Ingen nye signaler paa 4000 M15-candles XAUUSD+XAGUSD. Leder 0 aabne positioner, balance/equity 24903.59. Foelger Rune Copy#1 0 aabne positioner, balance/equity 24834.24.","XAUUSD,XAGUSD",0,ok
2026-09-17 14:47:10.839265+00:00,"Scan 2026-09-17 (leder Rune Main): ingen kill-switch/konto-anmodninger, control.json paused=false. Afstemning: leder 0 nye opdateringer (3 lukkede deals allerede reflekteret), foelger Rune Copy#1 0 nye opdateringer (9 lukkede deals allerede reflekteret). Ingen nye signaler paa 4000 M15-candles XAUUSD+XAGUSD. Leder 0 aabne positioner, balance/equity 24903.59. Foelger Rune Copy#1 0 aabne positioner, balance/equity 24834.24.","XAUUSD,XAGUSD",0,ok
2026-09-17 15:02:58.872836+00:00,"Scan 2026-09-17 (leder Rune Main): ingen kill-switch/konto-anmodninger, control.json paused=false. Afstemning: leder 0 nye opdateringer (2 lukkede deals allerede reflekteret), foelger Rune Copy#1 0 nye opdateringer (8 lukkede deals allerede reflekteret). Ingen nye signaler paa 4000 M15-candles XAUUSD+XAGUSD. Leder 0 aabne positioner, balance/equity 24903.59. Foelger Rune Copy#1 0 aabne positioner, balance/equity 24834.24.","XAUUSD,XAGUSD",0,ok
2026-09-17 15:16:53.993847+00:00,"Scan 2026-09-17 (leder Rune Main): ingen kill-switch/konto-anmodninger, control.json paused=false. Afstemning: leder 0 nye opdateringer (2 lukkede deals allerede reflekteret), foelger Rune Copy#1 0 nye opdateringer (7 lukkede deals allerede reflekteret). Ingen nye signaler paa 4000 M15-candles XAUUSD+XAGUSD. Leder 0 aabne positioner, balance/equity 24903.59. Foelger Rune Copy#1 0 aabne positioner, balance/equity 24834.24.","XAUUSD,XAGUSD",0,ok
2026-09-17 15:31:55.606347+00:00,"Scan 2026-09-17 (leder Rune Main): ingen kill-switch/konto-anmodninger, control.json paused=false. Afstemning: leder 0 nye opdateringer (2 lukkede deals allerede reflekteret), foelger Rune Copy#1 0 nye opdateringer (7 lukkede deals allerede reflekteret). Ingen nye signaler paa 4000 M15-candles XAUUSD+XAGUSD. Leder 0 aabne positioner, balance/equity 24903.59. Foelger Rune Copy#1 0 aabne positioner, balance/equity 24834.24.","XAUUSD,XAGUSD",0,ok
2026-09-17 15:46:37.546964+00:00,"Scan 2026-09-17 (leder Rune Main): ingen kill-switch/konto-anmodninger, control.json paused=false. Afstemning: leder 0 nye opdateringer (3 lukkede deals allerede reflekteret), foelger Rune Copy#1 0 nye opdateringer (9 lukkede deals allerede reflekteret). Ingen nye signaler paa 4000 M15-candles XAUUSD+XAGUSD. Leder 0 aabne positioner, balance/equity 24903.59. Foelger Rune Copy#1 0 aabne positioner, balance/equity 24834.24.","XAUUSD,XAGUSD",0,ok
2026-09-17 16:02:10.687213+00:00,"Scan 2026-09-17 (leder Rune Main): ingen kill-switch/konto-anmodninger, control.json paused=false. Afstemning: leder 0 nye opdateringer (2 lukkede deals allerede reflekteret), foelger Rune Copy#1 0 nye opdateringer (7 lukkede deals allerede reflekteret). Ingen nye signaler paa 4000 M15-candles XAUUSD+XAGUSD. Leder 0 aabne positioner, balance/equity 24903.59. Foelger Rune Copy#1 0 aabne positioner, balance/equity 24834.24.","XAUUSD,XAGUSD",0,ok
2026-09-17 16:17:43.341907+00:00,"Scan 2026-09-17 (leder Rune Main): ingen kill-switch/konto-anmodninger, control.json paused=false. Afstemning: leder 0 nye opdateringer (2 lukkede deals allerede reflekteret), foelger Rune Copy#1 0 nye opdateringer (7 lukkede deals allerede reflekteret). Ingen nye signaler paa 4000 M15-candles XAUUSD+XAGUSD. Leder 0 aabne positioner, balance/equity 24903.59. Foelger Rune Copy#1 0 aabne positioner, balance/equity 24834.24.","XAUUSD,XAGUSD",0,ok
2026-09-17 16:32:40.547013+00:00,"Scan 2026-09-17 (leder Rune Main): ingen kill-switch/konto-anmodninger, control.json paused=false. Afstemning: leder 0 nye opdateringer (2 lukkede deals allerede reflekteret), foelger Rune Copy#1 0 nye opdateringer (7 lukkede deals allerede reflekteret). Ingen nye signaler paa 4000 M15-candles XAUUSD+XAGUSD. Leder 0 aabne positioner, balance/equity 24903.59. Foelger Rune Copy#1 0 aabne positioner, balance/equity 24834.24.","XAUUSD,XAGUSD",0,ok
2026-09-17 16:48:12.640355+00:00,"Scan 2026-09-17 (leder Rune Main): ingen kill-switch/konto-anmodninger, control.json paused=false. Afstemning: leder 0 nye opdateringer (2 lukkede deals allerede reflekteret), foelger Rune Copy#1 0 nye opdateringer (15 lukkede deals allerede reflekteret). Ingen nye signaler paa 4000 M15-candles XAUUSD+XAGUSD. Leder 0 aabne positioner, balance/equity 24903.59. Foelger Rune Copy#1 0 aabne positioner, balance/equity 24834.24.","XAUUSD,XAGUSD",0,ok
2026-09-17 17:02:37.113339+00:00,"Scan 2026-09-17 (leder Rune Main): ingen kill-switch/konto-anmodninger, control.json paused=false. Afstemning: leder 0 nye opdateringer (2 lukkede deals allerede reflekteret), foelger Rune Copy#1 0 nye opdateringer (7 lukkede deals allerede reflekteret). Ingen nye signaler paa 4000 M15-candles XAUUSD+XAGUSD. Leder 0 aabne positioner, balance/equity 24903.59. Foelger Rune Copy#1 0 aabne positioner, balance/equity 24834.24.","XAUUSD,XAGUSD",0,ok
2026-09-17 17:16:57.047824+00:00,"Scan 2026-09-17 (leder Rune Main): ingen kill-switch/konto-anmodninger, control.json paused=false. Afstemning: leder 0 nye opdateringer (3 lukkede deals allerede reflekteret), foelger Rune Copy#1 0 nye opdateringer (9 lukkede deals-indgange, inkl. 1 nettet position, allerede reflekteret). Ingen nye signaler paa 4000 M15-candles XAUUSD+XAGUSD. Leder 0 aabne positioner, balance/equity 24903.59. Foelger Rune Copy#1 0 aabne positioner, balance/equity 24834.24.","XAUUSD,XAGUSD",0,ok
2026-09-17 17:33:27.479203+00:00,"Scan 2026-09-17 (leder Rune Main): ingen kill-switch/konto-anmodninger, control.json paused=false. Afstemning: leder 0 nye opdateringer (2 lukkede deals allerede reflekteret), foelger Rune Copy#1 0 nye opdateringer (14 lukkede deals allerede reflekteret). Ingen nye signaler paa 4000 M15-candles XAUUSD+XAGUSD. Leder 0 aabne positioner, balance/equity 24903.59. Foelger Rune Copy#1 0 aabne positioner, balance/equity 24834.24.","XAUUSD,XAGUSD",0,ok
2026-09-17 17:48:14.219031+00:00,"Scan 2026-09-17 (leder Rune Main): ingen kill-switch/konto-anmodninger, control.json paused=false. Afstemning: leder 0 nye opdateringer (2 lukkede deals allerede reflekteret), foelger Rune Copy#1 0 nye opdateringer (7 lukkede deals allerede reflekteret). Ingen nye signaler paa 4000 M15-candles XAUUSD+XAGUSD. Leder 0 aabne positioner, balance/equity 24903.59. Foelger Rune Copy#1 0 aabne positioner, balance/equity 24834.24.","XAUUSD,XAGUSD",0,ok
2026-09-17 18:02:54.477516+00:00,"Scan 2026-09-17 (leder Rune Main): ingen kill-switch/konto-anmodninger, control.json paused=false. Afstemning: leder 0 nye opdateringer (2 lukkede deals allerede reflekteret), foelger Rune Copy#1 0 nye opdateringer (7 lukkede deals allerede reflekteret). Ingen nye signaler paa 4000 M15-candles XAUUSD+XAGUSD. Leder 0 aabne positioner, balance/equity 24903.59. Foelger Rune Copy#1 0 aabne positioner, balance/equity 24834.24.","XAUUSD,XAGUSD",0,ok
2026-09-17 18:34:38.340763+00:00,"Scan 2026-09-17 (leder Rune Main): ingen kill-switch/konto-anmodninger, control.json paused=false. Afstemning: leder 0 nye opdateringer (2 lukkede deals allerede reflekteret), foelger Rune Copy#1 0 nye opdateringer (7 lukkede deals allerede reflekteret). Ingen nye signaler paa 4000 M15-candles XAUUSD+XAGUSD. Leder 0 aabne positioner, balance/equity 24903.59. Foelger Rune Copy#1 0 aabne positioner, balance/equity 24834.24.","XAUUSD,XAGUSD",0,ok
2026-09-17 18:49:05.681114+00:00,"Scan 2026-09-17 (leder Rune Main): ingen kill-switch/konto-anmodninger, control.json paused=false. Afstemning: leder 0 nye opdateringer (2 lukkede deals allerede reflekteret), foelger Rune Copy#1 0 nye opdateringer (7 lukkede deals allerede reflekteret). Ingen nye signaler paa 4000 M15-candles XAUUSD+XAGUSD. Leder 0 aabne positioner, balance/equity 24903.59. Foelger Rune Copy#1 0 aabne positioner, balance/equity 24834.24.","XAUUSD,XAGUSD",0,ok
2026-09-17 19:04:44.892502+00:00,"Scan 2026-09-17 (leder Rune Main): ingen kill-switch/konto-anmodninger, control.json paused=false. Afstemning: leder 0 nye opdateringer (2 lukkede deals allerede reflekteret), foelger Rune Copy#1 0 nye opdateringer (7 lukkede deals allerede reflekteret). Ingen nye signaler paa 4000 M15-candles XAUUSD+XAGUSD. Leder 0 aabne positioner, balance/equity 24903.59. Foelger Rune Copy#1 0 aabne positioner, balance/equity 24834.24.","XAUUSD,XAGUSD",0,ok
2026-09-17 19:17:53.412876+00:00,"Scan 2026-09-17 (leder Rune Main): ingen kill-switch/konto-anmodninger, control.json paused=false. Afstemning: leder 0 nye opdateringer (2 lukkede deals allerede reflekteret), foelger Rune Copy#1 0 nye opdateringer (7 lukkede deals tjekket, alle allerede reflekteret undtagen 1 kendt orphan-ticket 58447635498/-52.45 uden log-raekke). Ingen nye signaler paa 4000 M15-candles XAUUSD+XAGUSD. Leder 0 aabne positioner, balance/equity 24903.59. Foelger Rune Copy#1 0 aabne positioner, balance/equity 24834.24.","XAUUSD,XAGUSD",0,ok
2026-09-17 19:34:14.109378+00:00,"Scan 2026-09-17 (leder Rune Main): ingen kill-switch/konto-anmodninger, control.json paused=false. Afstemning: leder 0 nye opdateringer (2 lukkede deals allerede reflekteret), foelger Rune Copy#1 0 nye opdateringer (7 lukkede deals tjekket, alle allerede reflekteret undtagen 1 kendt orphan-ticket 58447635498/-52.45 uden log-raekke). Ingen nye signaler paa 4000 M15-candles XAUUSD+XAGUSD. Leder 0 aabne positioner, balance/equity 24903.59. Foelger Rune Copy#1 0 aabne positioner, balance/equity 24834.24.","XAUUSD,XAGUSD",0,ok
2026-09-17 19:47:08.979907+00:00,"Scan 2026-09-17: ingen account/rename/swap-leader-anmodninger fundet. control.json hentet OK: paused=false, close_all_requested=false. Begge MT5 MCP-forbindelser (metatrader og metatrader_2) fejlede med CONNECT_TIMEOUT (30000ms) ved sessionsstart og forblev utilgaengelige hele koerslen -- kendt intermitterende problem, retry i samme session hjaelper ikke. Derfor blokeret: trin 3 (afstemning af lukkede trades, leder+foelger), trin 4 (candle-hentning/scan for nye signaler), trin 5 (eksekvering), trin 6 (konto-status for leder Rune Main og foelger Rune Copy#1). Ingen ordrer placeret, ingen konto-data hentet -- ingen fabrikeret data brugt. Kraever sessionsgenstart foer MT5-vaerktoejer virker igen.","XAUUSD,XAGUSD",0,error
2026-09-17 20:02:20.366892+00:00,"Scan 2026-09-17 (leder Rune Main): ingen kill-switch/konto-anmodninger, control.json paused=false/close_all_requested=false. Afstemning: leder 0 nye opdateringer (2 lukkede deals allerede reflekteret), foelger Rune Copy#1 0 nye opdateringer (7 lukkede deals tjekket, alle allerede reflekteret undtagen 1 kendt orphan-ticket 58447635498/-52.45 uden log-raekke). Ingen nye signaler paa 4000 M15-candles XAUUSD+XAGUSD. Leder 0 aabne positioner, balance/equity 24903.59. Foelger Rune Copy#1 0 aabne positioner, balance/equity 24834.24.","XAUUSD,XAGUSD",0,ok
2026-09-17 20:17:53.971194+00:00,"Scan 2026-09-17 (leder Rune Main): ingen kill-switch/konto-anmodninger, control.json paused=false/close_all_requested=false. Afstemning: leder 0 nye opdateringer (2 lukkede deals allerede reflekteret), foelger Rune Copy#1 0 nye opdateringer (6 lukkede deals tjekket, alle allerede reflekteret undtagen 1 kendt orphan-ticket 58447635498/-52.45 uden log-raekke). Ingen nye signaler paa 4000 M15-candles XAUUSD+XAGUSD. Leder 0 aabne positioner, balance/equity 24903.59. Foelger Rune Copy#1 0 aabne positioner, balance/equity 24834.24.","XAUUSD,XAGUSD",0,ok
2026-09-17 20:32:48.852206+00:00,"Scan 2026-09-17 (leder Rune Main): ingen kill-switch/konto-anmodninger, control.json paused=false/close_all_requested=false. Afstemning: leder 0 nye opdateringer (2 lukkede deals allerede reflekteret), foelger Rune Copy#1 0 nye opdateringer (7 lukkede deals tjekket, alle allerede reflekteret undtagen 1 kendt orphan-ticket 58447635498/-52.45 uden log-raekke). Ingen nye signaler paa 4000 M15-candles XAUUSD+XAGUSD. Leder 0 aabne positioner, balance/equity 24903.59. Foelger Rune Copy#1 0 aabne positioner, balance/equity 24834.24.","XAUUSD,XAGUSD",0,ok
2026-09-17 21:17:48.318992+00:00,"Scan 2026-09-17 (leder Rune Main): ingen kill-switch/konto-anmodninger, control.json paused=false/close_all_requested=false. Afstemning: leder 0 nye opdateringer (2 lukkede deals allerede reflekteret), foelger Rune Copy#1 0 nye opdateringer (6 lukkede deals tjekket, alle allerede reflekteret undtagen 1 kendt orphan-ticket 58447635498/-52.45 uden log-raekke). Ingen nye signaler paa 4000 M15-candles XAUUSD+XAGUSD. Leder 0 aabne positioner, balance/equity 24903.59. Foelger Rune Copy#1 0 aabne positioner, balance/equity 24834.24.","XAUUSD,XAGUSD",0,ok
2026-09-17 21:33:36.397492+00:00,"Scan 2026-09-17 (leder Rune Main): ingen kill-switch/konto-anmodninger, control.json paused=false/close_all_requested=false. Afstemning: leder 0 nye opdateringer (2 lukkede deals allerede reflekteret), foelger Rune Copy#1 0 nye opdateringer (7 lukkede deals tjekket, alle allerede reflekteret inkl. tidligere orphan-ticket 58447635498/-52.45 som nu HAR en log-raekke). Ingen nye signaler paa 4000 M15-candles XAUUSD+XAGUSD. Leder 0 aabne positioner, balance/equity 24903.59. Foelger Rune Copy#1 0 aabne positioner, balance/equity 24834.24.","XAUUSD,XAGUSD",0,ok
2026-09-17 21:46:43.423340+00:00,"Scan 2026-09-17 (leder Rune Main): ingen kill-switch/konto-anmodninger, control.json paused=false/close_all_requested=false. Afstemning: leder 3 lukkede deals tjekket (0 nye opdateringer, allerede reflekteret), foelger Rune Copy#1 9 lukkede deals tjekket inkl. netted orphan-ticket 58447635498/58447634934 (-52.45) (0 nye opdateringer, alle allerede reflekteret). Ingen nye signaler paa 4000 M15-candles XAUUSD+XAGUSD. Leder 0 aabne positioner, balance/equity 24903.59. Foelger Rune Copy#1 0 aabne positioner, balance/equity 24834.24.","XAUUSD,XAGUSD",0,ok
2026-09-17 22:02:35.974893+00:00,"Scan 2026-09-18 (leder Rune Main): ingen kill-switch/konto-anmodninger, control.json paused=false/close_all_requested=false. Afstemning: leder 6 lukkede deals tjekket (0 nye opdateringer, alle allerede reflekteret), foelger Rune Copy#1 17 lukkede deals tjekket (0 nye opdateringer, alle allerede reflekteret). Ingen nye signaler paa 4000 M15-candles XAUUSD+XAGUSD. Leder 0 aabne positioner, balance/equity 24903.59. Foelger Rune Copy#1 0 aabne positioner, balance/equity 24834.24.","XAUUSD,XAGUSD",0,ok
2026-09-17 22:17:18.788029+00:00,"Scan 2026-09-18 (leder Rune Main): ingen kill-switch/konto-anmodninger, control.json paused=false/close_all_requested=false. Afstemning: leder 3 lukkede deals tjekket (0 nye opdateringer, alle allerede reflekteret), foelger Rune Copy#1 8 lukkede deals tjekket (0 nye opdateringer, alle allerede reflekteret). Ingen nye signaler paa 4000 M15-candles XAUUSD+XAGUSD. Leder 0 aabne positioner, balance/equity 24903.59. Foelger Rune Copy#1 0 aabne positioner, balance/equity 24834.24.","XAUUSD,XAGUSD",0,ok
2026-09-17 22:31:58.511258+00:00,"Scan 2026-09-18 (leder Rune Main): ingen kill-switch/konto-anmodninger, control.json paused=false/close_all_requested=false. Afstemning: leder 3 lukkede deals tjekket (0 nye opdateringer, alle allerede reflekteret), foelger Rune Copy#1 9 lukkede deals tjekket inkl. tidligere netted orphan-ticket 58447635498/58447634934 (0 nye opdateringer, alle allerede reflekteret). Ingen nye signaler paa 4000 M15-candles XAUUSD+XAGUSD. Leder 0 aabne positioner, balance/equity 24903.59. Foelger Rune Copy#1 0 aabne positioner, balance/equity 24834.24.","XAUUSD,XAGUSD",0,ok
2026-09-17 22:47:36.091239+00:00,"Scan 2026-09-18 (leder Rune Main): ingen kill-switch/konto-anmodninger, control.json paused=false/close_all_requested=false. Afstemning: leder 3 lukkede deals tjekket (0 nye opdateringer, alle allerede reflekteret), foelger Rune Copy#1 8 lukkede deals tjekket (0 nye opdateringer, alle allerede reflekteret). Ingen nye signaler paa 4000 M15-candles XAUUSD+XAGUSD. Leder 0 aabne positioner, balance/equity 24903.59. Foelger Rune Copy#1 0 aabne positioner, balance/equity 24834.24.","XAUUSD,XAGUSD",0,ok
2026-09-17 23:03:47.781503+00:00,"Scan 2026-09-18 (leder Rune Main): ingen kill-switch/konto-anmodninger, control.json paused=false/close_all_requested=false. Afstemning: leder 3 lukkede deals tjekket (0 nye opdateringer, alle allerede reflekteret), foelger Rune Copy#1 8 lukkede deals tjekket (0 nye opdateringer, alle allerede reflekteret). Ingen nye signaler paa 4000 M15-candles XAUUSD+XAGUSD. Leder 0 aabne positioner, balance/equity 24903.59. Foelger Rune Copy#1 0 aabne positioner, balance/equity 24834.24.","XAUUSD,XAGUSD",0,ok
2026-09-17 23:18:07.051541+00:00,"Scan 2026-09-18 (leder Rune Main): ingen kill-switch/konto-anmodninger, control.json paused=false/close_all_requested=false. Afstemning: leder 3 lukkede deals tjekket (0 nye opdateringer, alle allerede reflekteret), foelger Rune Copy#1 9 lukkede deals tjekket inkl. tidligere netted orphan-ticket 58447635498/58447634934 (0 nye opdateringer, alle allerede reflekteret). Ingen nye signaler paa 4000 M15-candles XAUUSD+XAGUSD. Leder 0 aabne positioner, balance/equity 24903.59. Foelger Rune Copy#1 0 aabne positioner, balance/equity 24834.24.","XAUUSD,XAGUSD",0,ok
2026-09-17 23:32:53.628504+00:00,"Scan 2026-09-18 (leder Rune Main): ingen kill-switch/konto-anmodninger, control.json paused=false/close_all_requested=false. Afstemning: leder 3 lukkede deals tjekket (0 nye opdateringer, alle allerede reflekteret), foelger Rune Copy#1 8 lukkede deals tjekket inkl. tidligere netted orphan-ticket 58447635498/58447634934 (0 nye opdateringer, alle allerede reflekteret). Ingen nye signaler paa 4000 M15-candles XAUUSD+XAGUSD. Leder 0 aabne positioner, balance/equity 24903.59. Foelger Rune Copy#1 0 aabne positioner, balance/equity 24834.24.","XAUUSD,XAGUSD",0,ok
2026-09-17 23:47:43.194409+00:00,"Scan 2026-09-18 (leder Rune Main): ingen kill-switch/konto-anmodninger, control.json paused=false/close_all_requested=false. Afstemning: leder 3 lukkede deals tjekket (0 nye opdateringer, alle allerede reflekteret), foelger Rune Copy#1 8 lukkede deals tjekket inkl. tidligere netted orphan-ticket 58447635498/58447634934 (0 nye opdateringer, alle allerede reflekteret). Ingen nye signaler paa 4000 M15-candles XAUUSD+XAGUSD. Leder 0 aabne positioner, balance/equity 24903.59. Foelger Rune Copy#1 0 aabne positioner, balance/equity 24834.24.","XAUUSD,XAGUSD",0,ok
2026-09-18 00:02:37.750561+00:00,"Ingen kill-switch/konto-anmodninger. control.json paused=false/close_all_requested=false. Afstemning: leder 6 lukkede deals tjekket (0 nye opdateringer, alle allerede reflekteret), foelger Rune Copy#1 17 lukkede deals tjekket (0 nye opdateringer, alle allerede reflekteret). Ingen nye signaler paa 4000 M15-candles XAUUSD+XAGUSD. Leder 0 aabne positioner, balance/equity 24903.59. Foelger Rune Copy#1 0 aabne positioner, balance/equity 24834.24.","XAUUSD,XAGUSD",0,ok
2026-09-18 00:17:24.284420+00:00,"Scan 2026-09-18 (leder Rune Main): ingen kill-switch/konto-anmodninger, control.json paused=false/close_all_requested=false. Afstemning: leder 6 lukkede deals tjekket (0 nye opdateringer, alle allerede reflekteret), foelger Rune Copy#1 17 lukkede deals tjekket (0 nye opdateringer, alle allerede reflekteret). Ingen nye signaler paa 4000 M15-candles XAUUSD+XAGUSD. Leder 0 aabne positioner, balance/equity 24903.59. Foelger Rune Copy#1 0 aabne positioner, balance/equity 24834.24.","XAUUSD,XAGUSD",0,ok
2026-09-18 00:34:05.122713+00:00,"Scan 2026-09-18 (leder Rune Main): ingen kill-switch/konto-anmodninger, control.json paused=false/close_all_requested=false. Afstemning: leder 3 lukkede deals tjekket (0 nye opdateringer, alle allerede reflekteret), foelger Rune Copy#1 8 lukkede deals tjekket (0 nye opdateringer, alle allerede reflekteret). Ingen nye signaler paa 4000 M15-candles XAUUSD+XAGUSD. Leder 0 aabne positioner, balance/equity 24903.59. Foelger Rune Copy#1 0 aabne positioner, balance/equity 24834.24.","XAUUSD,XAGUSD",0,ok
2026-09-18 00:47:27.533027+00:00,"Scan 2026-09-18 (leder Rune Main): ingen kill-switch/konto-anmodninger, control.json paused=false/close_all_requested=false. Afstemning: leder 6 lukkede deals tjekket (0 nye opdateringer, alle allerede reflekteret), foelger Rune Copy#1 17 lukkede deals tjekket (0 nye opdateringer, alle allerede reflekteret). Ingen nye signaler paa 4000 M15-candles XAUUSD+XAGUSD. Leder 0 aabne positioner, balance/equity 24903.59. Foelger Rune Copy#1 0 aabne positioner, balance/equity 24834.24.","XAUUSD,XAGUSD",0,ok
2026-09-18 01:02:58.066488+00:00,"Scan 2026-09-18 (leder Rune Main): ingen kill-switch/konto-anmodninger, control.json paused=false/close_all_requested=false. Afstemning: leder 6 lukkede deals tjekket (0 nye opdateringer, alle allerede reflekteret), foelger Rune Copy#1 17 lukkede deals tjekket (0 nye opdateringer, alle allerede reflekteret). Ingen nye signaler paa 4000 M15-candles XAUUSD+XAGUSD. Leder 0 aabne positioner, balance/equity 24903.59. Foelger Rune Copy#1 0 aabne positioner, balance/equity 24834.24.","XAUUSD,XAGUSD",0,ok
2026-09-18 01:17:41.830317+00:00,"Scan 2026-09-18 (leder Rune Main): ingen kill-switch/konto-anmodninger, control.json paused=false/close_all_requested=false. Afstemning: leder 3 lukkede deals tjekket (0 nye opdateringer, alle allerede reflekteret), foelger Rune Copy#1 9 lukkede deals tjekket (0 nye opdateringer, alle allerede reflekteret). Ingen nye signaler paa 5000 M15-candles XAUUSD+XAGUSD. Leder 0 aabne positioner, balance/equity 24903.59. Foelger Rune Copy#1 0 aabne positioner, balance/equity 24834.24.","XAUUSD,XAGUSD",0,ok
2026-09-18 01:31:35.884202+00:00,"Scan 2026-09-18 (leder Rune Main): ingen kill-switch/konto-anmodninger, control.json paused=false/close_all_requested=false. Afstemning: leder 6 lukkede deals tjekket (0 nye opdateringer, alle allerede reflekteret), foelger Rune Copy#1 17 lukkede deals tjekket (0 nye opdateringer, alle allerede reflekteret). Ingen nye signaler paa 4000 M15-candles XAUUSD+XAGUSD. Leder 0 aabne positioner, balance/equity 24903.59. Foelger Rune Copy#1 0 aabne positioner, balance/equity 24834.24.","XAUUSD,XAGUSD",0,ok
2026-09-18 01:47:58.761002+00:00,"Scan 2026-09-18 (leder Rune Main): ingen kill-switch/konto-anmodninger, control.json paused=false/close_all_requested=false. Afstemning: leder 3 lukkede deals tjekket (0 nye opdateringer, alle allerede reflekteret), foelger Rune Copy#1 8 lukkede deals tjekket (0 nye opdateringer, alle allerede reflekteret). Ingen nye signaler paa 4000 M15-candles XAUUSD+XAGUSD. Leder 0 aabne positioner, balance/equity 24903.59. Foelger Rune Copy#1 0 aabne positioner, balance/equity 24834.24.","XAUUSD,XAGUSD",0,ok
2026-09-18 02:02:53.934881+00:00,"Scan 2026-09-18 (leder Rune Main): ingen kill-switch/konto-anmodninger, control.json paused=false/close_all_requested=false. Afstemning: leder 3 lukkede deals tjekket (0 nye opdateringer, alle allerede reflekteret), foelger Rune Copy#1 8 lukkede deals tjekket (0 nye opdateringer, alle allerede reflekteret). Ingen nye signaler paa 4000 M15-candles XAUUSD+XAGUSD. Leder 0 aabne positioner, balance/equity 24903.59. Foelger Rune Copy#1 0 aabne positioner, balance/equity 24834.24.","XAUUSD,XAGUSD",0,ok
2026-09-18 02:17:47.572336+00:00,"Scan 2026-09-18 (leder Rune Main): ingen kill-switch/konto-anmodninger, control.json paused=false/close_all_requested=false. Afstemning: leder 3 lukkede deals tjekket (0 nye opdateringer, alle allerede reflekteret), foelger Rune Copy#1 17 lukkede deals tjekket (0 nye opdateringer, alle allerede reflekteret). Ingen nye signaler paa 4000 M15-candles XAUUSD+XAGUSD. Leder 0 aabne positioner, balance/equity 24903.59. Foelger Rune Copy#1 0 aabne positioner, balance/equity 24834.24.","XAUUSD,XAGUSD",0,ok
2026-09-18 02:32:55.321916+00:00,"Scan 2026-09-18 (leder Rune Main): ingen kill-switch/konto-anmodninger, control.json paused=false/close_all_requested=false. Afstemning: leder 3 lukkede deals tjekket (0 nye opdateringer, alle allerede reflekteret), foelger Rune Copy#1 8 lukkede deals tjekket (0 nye opdateringer, alle allerede reflekteret). Ingen nye signaler paa 4000 M15-candles XAUUSD+XAGUSD. Leder 0 aabne positioner, balance/equity 24903.59. Foelger Rune Copy#1 0 aabne positioner, balance/equity 24834.24.","XAUUSD,XAGUSD",0,ok
2026-09-18 02:47:56.049693+00:00,"Scan 2026-09-18 (leder Rune Main): ingen kill-switch/konto-anmodninger, control.json paused=false/close_all_requested=false. Afstemning: leder 3 lukkede deals tjekket (0 nye opdateringer, alle allerede reflekteret), foelger Rune Copy#1 9 lukkede deals tjekket (0 nye opdateringer, alle allerede reflekteret). Ingen nye signaler paa 4000 M15-candles XAUUSD+XAGUSD. Leder 0 aabne positioner, balance/equity 24903.59. Foelger Rune Copy#1 0 aabne positioner, balance/equity 24834.24.","XAUUSD,XAGUSD",0,ok
2026-09-18 03:02:30.827653+00:00,"Scan 2026-09-18 (leder Rune Main): ingen kill-switch/konto-anmodninger, control.json paused=false/close_all_requested=false. Afstemning: leder 3 lukkede deals tjekket (0 nye opdateringer, alle allerede reflekteret), foelger Rune Copy#1 9 lukkede deals tjekket (0 nye opdateringer, alle allerede reflekteret). Ingen nye signaler paa 4000 M15-candles XAUUSD+XAGUSD. Leder 0 aabne positioner, balance/equity 24903.59. Foelger Rune Copy#1 0 aabne positioner, balance/equity 24834.24.","XAUUSD,XAGUSD",0,ok
2026-09-18 03:18:03.076634+00:00,"Scan 2026-09-18 (leder Rune Main): ingen kill-switch/konto-anmodninger, control.json paused=false/close_all_requested=false. Afstemning: leder 3 lukkede deals tjekket (0 nye opdateringer, alle allerede reflekteret), foelger Rune Copy#1 8 lukkede deals tjekket (0 nye opdateringer, alle allerede reflekteret). Ingen nye signaler paa 4000 M15-candles XAUUSD+XAGUSD. Leder 0 aabne positioner, balance/equity 24903.59. Foelger Rune Copy#1 0 aabne positioner, balance/equity 24834.24.","XAUUSD,XAGUSD",0,ok
2026-09-18 03:33:46.224277+00:00,"Scan 2026-09-18 (leder Rune Main): ingen kill-switch/konto-anmodninger, control.json paused=false/close_all_requested=false. Afstemning: leder 3 lukkede deals tjekket (0 nye opdateringer, alle allerede reflekteret), foelger Rune Copy#1 8 lukkede deals tjekket (0 nye opdateringer, alle allerede reflekteret). Ingen nye signaler paa 4000 M15-candles XAUUSD+XAGUSD. Leder 0 aabne positioner, balance/equity 24903.59. Foelger Rune Copy#1 0 aabne positioner, balance/equity 24834.24.","XAUUSD,XAGUSD",0,ok
2026-09-18 03:49:04.550969+00:00,"Scan 2026-09-18 (leder Rune Main): ingen kill-switch/konto-anmodninger, control.json paused=false/close_all_requested=false. Afstemning: leder 3 lukkede deals tjekket (0 nye opdateringer, alle allerede reflekteret), foelger Rune Copy#1 7 lukkede deals tjekket (0 nye opdateringer, alle allerede reflekteret). Ingen nye signaler paa 4000 M15-candles XAUUSD+XAGUSD. Leder 0 aabne positioner, balance/equity 24903.59. Foelger Rune Copy#1 0 aabne positioner, balance/equity 24834.24.","XAUUSD,XAGUSD",0,ok
2026-09-18 04:01:48.570159+00:00,"Scan 2026-09-18 (leder Rune Main): ingen kill-switch/konto-anmodninger, control.json paused=false/close_all_requested=false. Afstemning: leder 3 lukkede deals tjekket (0 nye opdateringer, alle allerede reflekteret), foelger Rune Copy#1 9 lukkede deals tjekket (0 nye opdateringer, alle allerede reflekteret). Ingen nye signaler paa 4000 M15-candles XAUUSD+XAGUSD. Leder 0 aabne positioner, balance/equity 24903.59. Foelger Rune Copy#1 0 aabne positioner, balance/equity 24834.24.","XAUUSD,XAGUSD",0,ok
2026-09-18 04:18:21.470212+00:00,"Scan 2026-09-18 (leder Rune Main): ingen kill-switch/konto-anmodninger, control.json paused=false/close_all_requested=false. Afstemning: leder 6 lukkede deals tjekket (0 nye opdateringer, alle allerede reflekteret), foelger Rune Copy#1 17 lukkede deals tjekket (0 nye opdateringer, alle allerede reflekteret). Ingen nye signaler paa 4000 M15-candles XAUUSD+XAGUSD. Leder 0 aabne positioner, balance/equity 24903.59. Foelger Rune Copy#1 0 aabne positioner, balance/equity 24834.24.","XAUUSD,XAGUSD",0,ok
2026-09-18 04:32:47.444258+00:00,"Scan 2026-09-18 (leder Rune Main): ingen kill-switch/konto-anmodninger, control.json paused=false/close_all_requested=false. Afstemning: leder 3 lukkede deals tjekket (0 nye opdateringer, alle allerede reflekteret), foelger Rune Copy#1 8 lukkede deals tjekket (0 nye opdateringer, alle allerede reflekteret). Ingen nye signaler paa 4000 M15-candles XAUUSD+XAGUSD. Leder 0 aabne positioner, balance/equity 24903.59. Foelger Rune Copy#1 0 aabne positioner, balance/equity 24834.24.","XAUUSD,XAGUSD",0,ok
2026-09-18 04:47:53.258018+00:00,"Ingen kill-switch/konto-anmodninger (account_request.json, rename_request.json, swap_leader_request.json fandtes ikke). control.json paused=false/close_all_requested=false. Afstemning: leder 3 lukkede deals tjekket (0 nye opdateringer, alle allerede reflekteret), foelger Rune Copy#1 8 lukkede deals tjekket (0 nye opdateringer, alle allerede reflekteret). Ingen nye signaler paa 4000 M15-candles XAUUSD+XAGUSD. Leder 0 aabne positioner, balance/equity 24903.59. Foelger Rune Copy#1 0 aabne positioner, balance/equity 24834.24.","XAUUSD,XAGUSD",0,ok
2026-09-18 05:03:17.822482+00:00,"Scan 2026-09-18 (leder Rune Main): ingen kill-switch/konto-anmodninger, control.json paused=false/close_all_requested=false. Afstemning: leder 3 lukkede deals tjekket (0 nye opdateringer, alle allerede reflekteret), foelger Rune Copy#1 7 lukkede deals tjekket (0 nye opdateringer, alle allerede reflekteret). Ingen nye signaler paa 4000 M15-candles XAUUSD+XAGUSD. Leder 0 aabne positioner, balance/equity 24903.59. Foelger Rune Copy#1 0 aabne positioner, balance/equity 24834.24.","XAUUSD,XAGUSD",0,ok
2026-09-18 05:17:42.694287+00:00,"Scan 2026-09-18 (leder Rune Main): ingen kill-switch/konto-anmodninger, control.json paused=false/close_all_requested=false. Afstemning: leder 3 lukkede deals tjekket (0 nye opdateringer, alle allerede reflekteret), foelger Rune Copy#1 17 lukkede deals tjekket (0 nye opdateringer, alle allerede reflekteret). Ingen nye signaler paa 4000 M15-candles XAUUSD+XAGUSD. Leder 0 aabne positioner, balance/equity 24903.59. Foelger Rune Copy#1 0 aabne positioner, balance/equity 24834.24.","XAUUSD,XAGUSD",0,ok
2026-09-18 05:32:52.504576+00:00,"Scan 2026-09-18 (leder Rune Main): ingen kill-switch/konto-anmodninger, control.json paused=false/close_all_requested=false. Afstemning: leder 6 lukkede deals tjekket (0 nye opdateringer, alle allerede reflekteret), foelger Rune Copy#1 17 lukkede deals tjekket (0 nye opdateringer, alle allerede reflekteret). Ingen nye signaler paa 4000 M15-candles XAUUSD+XAGUSD. Leder 0 aabne positioner, balance/equity 24903.59. Foelger Rune Copy#1 0 aabne positioner, balance/equity 24834.24.","XAUUSD,XAGUSD",0,ok
2026-09-18 05:48:35.519013+00:00,"Scan 2026-09-18 (leder Rune Main): ingen kill-switch/konto-anmodninger, control.json paused=false/close_all_requested=false. Afstemning: leder 6 lukkede deals tjekket (0 nye opdateringer, alle allerede reflekteret), foelger Rune Copy#1 17 lukkede deals tjekket (0 nye opdateringer, alle allerede reflekteret). Ingen nye signaler paa 4000 M15-candles XAUUSD+XAGUSD. Leder 0 aabne positioner, balance/equity 24903.59. Foelger Rune Copy#1 0 aabne positioner, balance/equity 24834.24.","XAUUSD,XAGUSD",0,ok
2026-09-18 06:03:07.556874+00:00,"Scan 2026-09-18 (leder Rune Main): ingen kill-switch/konto-anmodninger, control.json paused=false/close_all_requested=false. Afstemning: leder 3 lukkede deals tjekket (0 nye opdateringer, alle allerede reflekteret), foelger Rune Copy#1 8 lukkede deals tjekket (0 nye opdateringer, alle allerede reflekteret). Ingen nye signaler paa 4000 M15-candles XAUUSD+XAGUSD. Leder 0 aabne positioner, balance/equity 24903.59. Foelger Rune Copy#1 0 aabne positioner, balance/equity 24834.24.","XAUUSD,XAGUSD",0,ok
2026-09-18 06:18:08.149646+00:00,"Scan 2026-09-18 (leder Rune Main): ingen kill-switch/konto-anmodninger, control.json paused=false/close_all_requested=false. Afstemning: leder 6 lukkede deals tjekket (0 nye opdateringer, alle allerede reflekteret), foelger Rune Copy#1 17 lukkede deals tjekket (0 nye opdateringer, alle allerede reflekteret). Ingen nye signaler paa 4000 M15-candles XAUUSD+XAGUSD. Leder 0 aabne positioner, balance/equity 24903.59. Foelger Rune Copy#1 0 aabne positioner, balance/equity 24834.24.","XAUUSD,XAGUSD",0,ok
2026-09-18 06:33:17.544418+00:00,"Scan 2026-09-18 (leder Rune Main): ingen kill-switch/konto-anmodninger, control.json paused=false/close_all_requested=false. Afstemning: leder 3 lukkede deals tjekket (0 nye opdateringer, alle allerede reflekteret), foelger Rune Copy#1 8 lukkede deals tjekket (0 nye opdateringer, alle allerede reflekteret). Ingen nye signaler paa 4000 M15-candles XAUUSD+XAGUSD. Leder 0 aabne positioner, balance/equity 24903.59. Foelger Rune Copy#1 0 aabne positioner, balance/equity 24834.24.","XAUUSD,XAGUSD",0,ok
2026-09-18 06:47:18.712372+00:00,"Scan 2026-09-18 (leder Rune Main): ingen kill-switch/konto-anmodninger, control.json paused=false/close_all_requested=false. Afstemning: leder 3 lukkede deals tjekket (0 nye opdateringer, alle allerede reflekteret), foelger Rune Copy#1 9 lukkede deals tjekket (0 nye opdateringer, alle allerede reflekteret). Ingen nye signaler paa 4000 M15-candles XAUUSD+XAGUSD. Leder 0 aabne positioner, balance/equity 24903.59. Foelger Rune Copy#1 0 aabne positioner, balance/equity 24834.24.","XAUUSD,XAGUSD",0,ok
2026-09-18 07:03:36.122643+00:00,"Scan 2026-09-18 (leder Rune Main): ingen kill-switch/konto-anmodninger, control.json paused=false/close_all_requested=false. Afstemning: leder 3 lukkede deals tjekket (0 nye opdateringer, alle allerede reflekteret), foelger Rune Copy#1 8 lukkede deals tjekket (0 nye opdateringer, alle allerede reflekteret). Ingen nye signaler paa 4000 M15-candles XAUUSD+XAGUSD. Leder 0 aabne positioner, balance/equity 24903.59. Foelger Rune Copy#1 0 aabne positioner, balance/equity 24834.24.","XAUUSD,XAGUSD",0,ok
2026-09-18 07:18:43.716965+00:00,"Scan 2026-09-18 (leder Rune Main): ingen kill-switch/konto-anmodninger, control.json paused=false/close_all_requested=false. Afstemning: leder 3 lukkede deals tjekket (0 nye opdateringer, alle allerede reflekteret), foelger Rune Copy#1 8 lukkede deals tjekket (0 nye opdateringer, alle allerede reflekteret). Ingen nye signaler paa 4000 M15-candles XAUUSD+XAGUSD. Leder 0 aabne positioner, balance/equity 24903.59. Foelger Rune Copy#1 0 aabne positioner, balance/equity 24834.24.","XAUUSD,XAGUSD",0,ok
2026-09-18 07:33:07.017815+00:00,"Scan 2026-09-18 (leder Rune Main): ingen kill-switch/konto-anmodninger, control.json paused=false/close_all_requested=false. Afstemning: leder 3 lukkede deals tjekket (0 nye opdateringer, alle allerede reflekteret), foelger Rune Copy#1 8 lukkede deals tjekket (0 nye opdateringer, alle allerede reflekteret). Ingen nye signaler paa 4000 M15-candles XAUUSD+XAGUSD. Leder 0 aabne positioner, balance/equity 24903.59. Foelger Rune Copy#1 0 aabne positioner, balance/equity 24834.24.","XAUUSD,XAGUSD",0,ok
2026-09-18 07:47:48.099570+00:00,"ingen kill-switch/konto-anmodninger, control.json paused=false/close_all_requested=false. Afstemning: leder 3 lukkede deals tjekket (0 nye opdateringer, alle allerede reflekteret), foelger Rune Copy#1 17 lukkede deals tjekket (0 nye opdateringer, alle allerede reflekteret). Ingen nye signaler paa 4000 M15-candles XAUUSD+XAGUSD. Leder 0 aabne positioner, balance/equity 24903.59. Foelger Rune Copy#1 0 aabne positioner, balance/equity 24834.24.","XAUUSD,XAGUSD",0,ok
2026-09-18 08:02:08.481949+00:00,"Ingen kill-switch/konto-anmodninger, control.json paused=false/close_all_requested=false. Afstemning: leder 6 lukkede deals tjekket (0 nye opdateringer, alle allerede reflekteret), foelger Rune Copy#1 17 lukkede deals tjekket (0 nye opdateringer, alle allerede reflekteret). Ingen nye signaler paa 4000 M15-candles XAUUSD+XAGUSD. Leder 0 aabne positioner, balance/equity 24903.59. Foelger Rune Copy#1 0 aabne positioner, balance/equity 24834.24.","XAUUSD,XAGUSD",0,ok
2026-09-18 08:17:29.144177+00:00,"Scan 2026-09-18 (leder Rune Main): ingen kill-switch/konto-anmodninger, control.json paused=false/close_all_requested=false. Afstemning: leder 3 lukkede deals tjekket (0 nye opdateringer, alle allerede reflekteret), foelger Rune Copy#1 8 lukkede deals tjekket (0 nye opdateringer, alle allerede reflekteret). Ingen nye signaler paa 4000 M15-candles XAUUSD+XAGUSD. Leder 0 aabne positioner, balance/equity 24903.59. Foelger Rune Copy#1 0 aabne positioner, balance/equity 24834.24.","XAUUSD,XAGUSD",0,ok
2026-09-18 08:31:25.599882+00:00,"Scan 2026-09-18 (leder Rune Main): ingen kill-switch/konto-anmodninger, control.json paused=false/close_all_requested=false. Afstemning: leder 3 lukkede deals tjekket (0 nye opdateringer, alle allerede reflekteret), foelger Rune Copy#1 8 lukkede deals tjekket (0 nye opdateringer, alle allerede reflekteret). Ingen nye signaler paa 4000 M15-candles XAUUSD+XAGUSD. Leder 0 aabne positioner, balance/equity 24903.59. Foelger Rune Copy#1 0 aabne positioner, balance/equity 24834.24.","XAUUSD,XAGUSD",0,ok
2026-09-18 08:47:42.899041+00:00,"Scan 2026-09-18 (leder Rune Main): ingen kill-switch/konto-anmodninger, control.json paused=false/close_all_requested=false. Afstemning: leder 3 lukkede deals tjekket (0 nye opdateringer, alle allerede reflekteret), foelger Rune Copy#1 9 lukkede deals tjekket (0 nye opdateringer, alle allerede reflekteret). Ingen nye signaler paa 4000 M15-candles XAUUSD+XAGUSD. Leder 0 aabne positioner, balance/equity 24903.59. Foelger Rune Copy#1 0 aabne positioner, balance/equity 24834.24.","XAUUSD,XAGUSD",0,ok
2026-09-18 09:02:28.250370+00:00,"Scan 2026-09-18 (leder Rune Main): ingen kill-switch/konto-anmodninger, control.json paused=false/close_all_requested=false. Afstemning: leder 3 lukkede deals tjekket (0 nye opdateringer, alle allerede reflekteret), foelger Rune Copy#1 8 lukkede deals tjekket (0 nye opdateringer, alle allerede reflekteret). Ingen nye signaler paa 4000 M15-candles XAUUSD+XAGUSD. Leder 0 aabne positioner, balance/equity 24903.59. Foelger Rune Copy#1 0 aabne positioner, balance/equity 24834.24.","XAUUSD,XAGUSD",0,ok
2026-09-18 09:17:36.819219+00:00,"Scan 2026-09-18 (leder Rune Main): ingen kill-switch/konto-anmodninger, control.json paused=false/close_all_requested=false. Afstemning: leder 3 lukkede deals tjekket (0 nye opdateringer, alle allerede reflekteret), foelger Rune Copy#1 8 lukkede deals tjekket (0 nye opdateringer, alle allerede reflekteret). Ingen nye signaler paa 4000 M15-candles XAUUSD+XAGUSD. Leder 0 aabne positioner, balance/equity 24903.59. Foelger Rune Copy#1 0 aabne positioner, balance/equity 24834.24.","XAUUSD,XAGUSD",0,ok
2026-09-18 09:32:37.801756+00:00,"Scan 2026-09-18 (leder Rune Main): ingen kill-switch/konto-anmodninger, control.json paused=false/close_all_requested=false. Afstemning: leder 3 lukkede deals tjekket (0 nye opdateringer, alle allerede reflekteret), foelger Rune Copy#1 8 lukkede deals tjekket (0 nye opdateringer, alle allerede reflekteret). Ingen nye signaler paa 4000 M15-candles XAUUSD+XAGUSD. Leder 0 aabne positioner, balance/equity 24903.59. Foelger Rune Copy#1 0 aabne positioner, balance/equity 24834.24.","XAUUSD,XAGUSD",0,ok
2026-09-18 09:49:00.963246+00:00,"Scan 2026-09-18 (leder Rune Main): ingen kill-switch/konto-anmodninger, control.json paused=false/close_all_requested=false. Afstemning: leder 3 lukkede deals tjekket (0 nye opdateringer, alle allerede reflekteret), foelger Rune Copy#1 8 lukkede deals tjekket (0 nye opdateringer, alle allerede reflekteret). Ingen nye signaler paa 4000 M15-candles XAUUSD+XAGUSD. Leder 0 aabne positioner, balance/equity 24903.59. Foelger Rune Copy#1 0 aabne positioner, balance/equity 24834.24.","XAUUSD,XAGUSD",0,ok
2026-09-18 10:02:11.629868+00:00,"Ingen kill-switch/konto-anmodninger. control.json paused=false/close_all_requested=false. Afstemning: leder 3 lukkede deals tjekket (0 nye opdateringer, alle allerede reflekteret), foelger Rune Copy#1 8 lukkede deals tjekket (0 nye opdateringer, alle allerede reflekteret). Ingen nye signaler paa 4000 M15-candles XAUUSD+XAGUSD. Leder 0 aabne positioner, balance/equity 24903.59. Foelger Rune Copy#1 0 aabne positioner, balance/equity 24834.24.","XAUUSD,XAGUSD",0,ok
2026-09-18 10:17:00.349954+00:00,"Scan 2026-09-18 (leder Rune Main): ingen kill-switch/konto-anmodninger, control.json paused=false/close_all_requested=false. Afstemning: leder 3 lukkede deals tjekket (0 nye opdateringer, alle allerede reflekteret), foelger Rune Copy#1 9 lukkede deals tjekket inkl. 1 nettet position (0 nye opdateringer, alle allerede reflekteret). Ingen nye signaler paa 4000 M15-candles XAUUSD+XAGUSD. Leder 0 aabne positioner, balance/equity 24903.59. Foelger Rune Copy#1 0 aabne positioner, balance/equity 24834.24.","XAUUSD,XAGUSD",0,ok
2026-09-18 10:33:41.510799+00:00,"Scan 2026-09-18 (leder Rune Main): ingen kill-switch/konto-anmodninger, control.json paused=false/close_all_requested=false. Afstemning: leder 3 lukkede deals tjekket (0 nye opdateringer, alle allerede reflekteret), foelger Rune Copy#1 8 lukkede deals tjekket (0 nye opdateringer, alle allerede reflekteret). Ingen nye signaler paa 4000 M15-candles XAUUSD+XAGUSD. Leder 0 aabne positioner, balance/equity 24903.59. Foelger Rune Copy#1 0 aabne positioner, balance/equity 24834.24.","XAUUSD,XAGUSD",0,ok
2026-09-18 10:47:07.007698+00:00,"Scan 2026-09-18 (leder Rune Main): ingen kill-switch/konto-anmodninger, control.json paused=false/close_all_requested=false. Afstemning: leder 3 lukkede deals tjekket (0 nye opdateringer, alle allerede reflekteret), foelger Rune Copy#1 8 lukkede deals tjekket (0 nye opdateringer, alle allerede reflekteret). Ingen nye signaler paa 4000 M15-candles XAUUSD+XAGUSD. Leder 0 aabne positioner, balance/equity 24903.59. Foelger Rune Copy#1 0 aabne positioner, balance/equity 24834.24.","XAUUSD,XAGUSD",0,ok
2026-09-18 11:04:32.440940+00:00,"Scan 2026-09-18 (leder Rune Main): ingen kill-switch/konto-anmodninger, control.json paused=false/close_all_requested=false. Afstemning: leder 3 lukkede deals tjekket (0 nye opdateringer, alle allerede reflekteret), foelger Rune Copy#1 17 lukkede deals tjekket (0 nye opdateringer, alle allerede reflekteret). Ingen nye signaler paa 4000 M15-candles XAUUSD+XAGUSD. Leder 0 aabne positioner, balance/equity 24903.59. Foelger Rune Copy#1 0 aabne positioner, balance/equity 24834.24.","XAUUSD,XAGUSD",0,ok
2026-09-18 11:17:57.984912+00:00,"Scan 2026-09-18 (leder Rune Main): ingen kill-switch/konto-anmodninger, control.json paused=false/close_all_requested=false. Afstemning: leder 3 lukkede deals tjekket (0 nye opdateringer, alle allerede reflekteret), foelger Rune Copy#1 8 lukkede deals tjekket (0 nye opdateringer, alle allerede reflekteret). Ingen nye signaler paa 4000 M15-candles XAUUSD+XAGUSD. Leder 0 aabne positioner, balance/equity 24903.59. Foelger Rune Copy#1 0 aabne positioner, balance/equity 24834.24.","XAUUSD,XAGUSD",0,ok
2026-09-18 11:33:36.666448+00:00,"Scan 2026-09-18 (leder Rune Main): ingen kill-switch/konto-anmodninger, control.json paused=false/close_all_requested=false. Afstemning: leder 3 lukkede deals tjekket (0 nye opdateringer, alle allerede reflekteret), foelger Rune Copy#1 17 lukkede deals tjekket (0 nye opdateringer, alle allerede reflekteret). Ingen nye signaler paa 4000 M15-candles XAUUSD+XAGUSD. Leder 0 aabne positioner, balance/equity 24903.59. Foelger Rune Copy#1 0 aabne positioner, balance/equity 24834.24.","XAUUSD,XAGUSD",0,ok
2026-09-18 11:47:49.347491+00:00,"Scan 2026-09-18 (leder Rune Main): ingen kill-switch/konto-anmodninger, control.json paused=false/close_all_requested=false. Afstemning: leder 3 lukkede deals tjekket (0 nye opdateringer, alle allerede reflekteret), foelger Rune Copy#1 8 lukkede deals tjekket (0 nye opdateringer, alle allerede reflekteret). Ingen nye signaler paa 4000 M15-candles XAUUSD+XAGUSD. Leder 0 aabne positioner, balance/equity 24903.59. Foelger Rune Copy#1 0 aabne positioner, balance/equity 24834.24.","XAUUSD,XAGUSD",0,ok
2026-09-18 12:02:49.117914+00:00,"Scan 2026-09-18 (leder Rune Main): ingen kill-switch/konto-anmodninger, control.json paused=false/close_all_requested=false. Afstemning: leder 3 lukkede deals tjekket (0 nye opdateringer, alle allerede reflekteret), foelger Rune Copy#1 8 lukkede deals tjekket (0 nye opdateringer, alle allerede reflekteret). Ingen nye signaler paa 4000 M15-candles XAUUSD+XAGUSD. Leder 0 aabne positioner, balance/equity 24903.59. Foelger Rune Copy#1 0 aabne positioner, balance/equity 24834.24.","XAUUSD,XAGUSD",0,ok
2026-09-18 12:18:32.917110+00:00,"Scan 2026-09-18 (leder Rune Main): ingen kill-switch/konto-anmodninger, control.json paused=false/close_all_requested=false. Afstemning: leder 3 lukkede deals tjekket (0 nye opdateringer, alle allerede reflekteret), foelger Rune Copy#1 8 lukkede deals tjekket (0 nye opdateringer, alle allerede reflekteret). Ingen nye signaler paa 4000 M15-candles XAUUSD+XAGUSD. Leder 0 aabne positioner, balance/equity 24903.59. Foelger Rune Copy#1 0 aabne positioner, balance/equity 24834.24.","XAUUSD,XAGUSD",0,ok
2026-09-18 12:32:37.697092+00:00,"Scan 2026-09-18 (leder Rune Main): ingen kill-switch/konto-anmodninger, control.json paused=false/close_all_requested=false. Afstemning: leder 3 lukkede deals tjekket (0 nye opdateringer, alle allerede reflekteret), foelger Rune Copy#1 9 lukkede deals tjekket (0 nye opdateringer, alle allerede reflekteret). Ingen nye signaler paa 4000 M15-candles XAUUSD+XAGUSD. Leder 0 aabne positioner, balance/equity 24903.59. Foelger Rune Copy#1 0 aabne positioner, balance/equity 24834.24.","XAUUSD,XAGUSD",0,ok
2026-09-18 12:47:55.603600+00:00,"Scan 2026-09-18 (leder Rune Main): ingen kill-switch/konto-anmodninger, control.json paused=false/close_all_requested=false. Afstemning: leder 3 lukkede deals tjekket (0 nye opdateringer, alle allerede reflekteret), foelger Rune Copy#1 8 lukkede deals tjekket (0 nye opdateringer, alle allerede reflekteret). Ingen nye signaler paa 4000 M15-candles XAUUSD+XAGUSD. Leder 0 aabne positioner, balance/equity 24903.59. Foelger Rune Copy#1 0 aabne positioner, balance/equity 24834.24.","XAUUSD,XAGUSD",0,ok
2026-09-18 13:02:37.716675+00:00,"Scan 2026-09-18 (leder Rune Main): ingen kill-switch/konto-anmodninger, control.json paused=false/close_all_requested=false. Afstemning: leder 3 lukkede deals tjekket (0 nye opdateringer, alle allerede reflekteret), foelger Rune Copy#1 8 lukkede deals tjekket (0 nye opdateringer, alle allerede reflekteret). Ingen nye signaler paa 4000 M15-candles XAUUSD+XAGUSD. Leder 0 aabne positioner, balance/equity 24903.59. Foelger Rune Copy#1 0 aabne positioner, balance/equity 24834.24.","XAUUSD,XAGUSD",0,ok
2026-09-18 13:17:20.774833+00:00,"Scan 2026-09-18 (leder Rune Main): ingen kill-switch/konto-anmodninger, control.json paused=false/close_all_requested=false. Afstemning: leder 3 lukkede deals tjekket (0 nye opdateringer, alle allerede reflekteret), foelger Rune Copy#1 8 lukkede deals tjekket (0 nye opdateringer, alle allerede reflekteret). Ingen nye signaler paa 4000 M15-candles XAUUSD+XAGUSD. Leder 0 aabne positioner, balance/equity 24903.59. Foelger Rune Copy#1 0 aabne positioner, balance/equity 24834.24.","XAUUSD,XAGUSD",0,ok
2026-09-18 13:33:13.671217+00:00,"Scan 2026-09-18 (leder Rune Main): ingen kill-switch/konto-anmodninger, control.json paused=false/close_all_requested=false. Afstemning: leder 3 lukkede deals tjekket (0 nye opdateringer, alle allerede reflekteret), foelger Rune Copy#1 8 lukkede deals tjekket (0 nye opdateringer, alle allerede reflekteret). Ingen nye signaler paa 4000 M15-candles XAUUSD+XAGUSD. Leder 0 aabne positioner, balance/equity 24903.59. Foelger Rune Copy#1 0 aabne positioner, balance/equity 24834.24.","XAUUSD,XAGUSD",0,ok
2026-09-18 13:48:29.532431+00:00,"Scan 2026-09-18 (leder Rune Main): ingen kill-switch/konto-anmodninger, control.json paused=false/close_all_requested=false. Afstemning: leder 3 lukkede deals tjekket (0 nye opdateringer, alle allerede reflekteret), foelger Rune Copy#1 8 lukkede deals tjekket (0 nye opdateringer, alle allerede reflekteret). Ingen nye signaler paa 4000 M15-candles XAUUSD+XAGUSD. Leder 0 aabne positioner, balance/equity 24903.59. Foelger Rune Copy#1 0 aabne positioner, balance/equity 24834.24.","XAUUSD,XAGUSD",0,ok
2026-09-18 14:03:29.101045+00:00,"Scan 2026-09-18 (leder Rune Main): ingen kill-switch/konto-anmodninger, control.json paused=false/close_all_requested=false. Afstemning: leder 3 lukkede deals tjekket (0 nye opdateringer, alle allerede reflekteret), foelger Rune Copy#1 8 lukkede deals tjekket (0 nye opdateringer, alle allerede reflekteret). Ingen nye signaler paa 4000 M15-candles XAUUSD+XAGUSD. Leder 0 aabne positioner, balance/equity 24903.59. Foelger Rune Copy#1 0 aabne positioner, balance/equity 24834.24.","XAUUSD,XAGUSD",0,ok
2026-09-18 14:17:49.681964+00:00,"Scan 2026-09-18 (leder Rune Main): ingen kill-switch/konto-anmodninger, control.json paused=false/close_all_requested=false. Afstemning: leder 3 lukkede deals tjekket (0 nye opdateringer, alle allerede reflekteret), foelger Rune Copy#1 8 lukkede deals tjekket (0 nye opdateringer, alle allerede reflekteret). Ingen nye signaler paa 4000 M15-candles XAUUSD+XAGUSD. Leder 0 aabne positioner, balance/equity 24903.59. Foelger Rune Copy#1 0 aabne positioner, balance/equity 24834.24.","XAUUSD,XAGUSD",0,ok
2026-09-18 14:33:25.598023+00:00,"Scan 2026-09-18 (leder Rune Main): ingen kill-switch/konto-anmodninger, control.json paused=false/close_all_requested=false. Afstemning: leder 3 lukkede deals tjekket (0 nye opdateringer, alle allerede reflekteret), foelger Rune Copy#1 17 lukkede deals tjekket (0 nye opdateringer, alle allerede reflekteret). Ingen nye signaler paa 4000 M15-candles XAUUSD+XAGUSD. Leder 0 aabne positioner, balance/equity 24903.59. Foelger Rune Copy#1 0 aabne positioner, balance/equity 24834.24.","XAUUSD,XAGUSD",0,ok
2026-09-18 14:49:26.499163+00:00,"Scan 2026-09-18 (leder Rune Main): ingen kill-switch/konto-anmodninger, control.json paused=false/close_all_requested=false. Afstemning: leder 3 lukkede deals tjekket (0 nye opdateringer, alle allerede reflekteret), foelger Rune Copy#1 8 lukkede deals tjekket (0 nye opdateringer, alle allerede reflekteret). Ingen nye signaler paa 4000 M15-candles XAUUSD+XAGUSD. Leder 0 aabne positioner, balance/equity 24903.59. Foelger Rune Copy#1 0 aabne positioner, balance/equity 24834.24.","XAUUSD,XAGUSD",0,ok
2026-09-18 15:02:49.354598+00:00,"Scan 2026-09-18 (leder Rune Main): ingen kill-switch/konto-anmodninger, control.json paused=false/close_all_requested=false. Afstemning: leder 3 lukkede deals tjekket (0 nye opdateringer, alle allerede reflekteret), foelger Rune Copy#1 8 lukkede deals tjekket (0 nye opdateringer, alle allerede reflekteret). Ingen nye signaler paa 4000 M15-candles XAUUSD+XAGUSD. Leder 0 aabne positioner, balance/equity 24903.59. Foelger Rune Copy#1 0 aabne positioner, balance/equity 24834.24.","XAUUSD,XAGUSD",0,ok
2026-09-18 15:17:14.846920+00:00,"Scan 2026-09-18 (leder Rune Main): ingen kill-switch/konto-anmodninger, control.json paused=false/close_all_requested=false. Afstemning: leder 3 lukkede deals tjekket (0 nye opdateringer, alle allerede reflekteret), foelger Rune Copy#1 8 lukkede deals tjekket (0 nye opdateringer, alle allerede reflekteret). Ingen nye signaler paa 4000 M15-candles XAUUSD+XAGUSD. Leder 0 aabne positioner, balance/equity 24903.59. Foelger Rune Copy#1 0 aabne positioner, balance/equity 24834.24.","XAUUSD,XAGUSD",0,ok
2026-09-18 15:33:03.766119+00:00,"Scan 2026-09-18 (leder Rune Main): ingen kill-switch/konto-anmodninger, control.json paused=false/close_all_requested=false. Afstemning: leder 6 lukkede deals tjekket (0 nye opdateringer, alle allerede reflekteret), foelger Rune Copy#1 17 lukkede deals tjekket (0 nye opdateringer, alle allerede reflekteret). Ingen nye signaler paa 4000 M15-candles XAUUSD+XAGUSD. Leder 0 aabne positioner, balance/equity 24903.59. Foelger Rune Copy#1 0 aabne positioner, balance/equity 24834.24.","XAUUSD,XAGUSD",0,ok
2026-09-18 15:48:24.687946+00:00,"Scan 2026-09-18 (leder Rune Main): ingen kill-switch/konto-anmodninger, control.json paused=false/close_all_requested=false. Afstemning: leder 3 lukkede deals tjekket (0 nye opdateringer, alle allerede reflekteret), foelger Rune Copy#1 8 lukkede deals tjekket (0 nye opdateringer, alle allerede reflekteret). Ingen nye signaler paa 4000 M15-candles XAUUSD+XAGUSD. Leder 0 aabne positioner, balance/equity 24903.59. Foelger Rune Copy#1 0 aabne positioner, balance/equity 24834.24.","XAUUSD,XAGUSD",0,ok
2026-09-18 16:03:03.668830+00:00,"Scan 2026-09-18 (leder Rune Main): ingen kill-switch/konto-anmodninger, control.json paused=false/close_all_requested=false. Afstemning: leder 6 lukkede deals tjekket (0 nye opdateringer, alle allerede reflekteret), foelger Rune Copy#1 17 lukkede deals tjekket (0 nye opdateringer, alle allerede reflekteret). Ingen nye signaler paa 4000 M15-candles XAUUSD+XAGUSD. Leder 0 aabne positioner, balance/equity 24903.59. Foelger Rune Copy#1 0 aabne positioner, balance/equity 24834.24.","XAUUSD,XAGUSD",0,ok
2026-09-18 16:18:19.953798+00:00,"Scan 2026-09-18 (leder Rune Main): ingen kill-switch/konto-anmodninger, control.json paused=false/close_all_requested=false. Afstemning: leder 3 lukkede deals tjekket (0 nye opdateringer, alle allerede reflekteret), foelger Rune Copy#1 8 lukkede deals tjekket (0 nye opdateringer, alle allerede reflekteret). Ingen nye signaler paa 4000 M15-candles XAUUSD+XAGUSD. Leder 0 aabne positioner, balance/equity 24903.59. Foelger Rune Copy#1 0 aabne positioner, balance/equity 24834.24.","XAUUSD,XAGUSD",0,ok
2026-09-18 16:32:33.755853+00:00,"Scan 2026-09-18 (leder Rune Main): ingen kill-switch/konto-anmodninger, control.json paused=false/close_all_requested=false. Afstemning: leder 3 lukkede deals tjekket (0 nye opdateringer, alle allerede reflekteret), foelger Rune Copy#1 9 lukkede positioner tjekket (0 nye opdateringer, alle allerede reflekteret). Ingen nye signaler paa 4000 M15-candles XAUUSD+XAGUSD. Leder 0 aabne positioner, balance/equity 24903.59. Foelger Rune Copy#1 0 aabne positioner, balance/equity 24834.24.","XAUUSD,XAGUSD",0,ok
2026-09-18 16:47:28.944797+00:00,"Scan 2026-09-18 (leder Rune Main): ingen kill-switch/konto-anmodninger, control.json paused=false/close_all_requested=false. Afstemning: leder 3 lukkede deals tjekket (0 nye opdateringer, alle allerede reflekteret), foelger Rune Copy#1 8 lukkede deals tjekket (0 nye opdateringer, alle allerede reflekteret). Ingen nye signaler paa 4000 M15-candles XAUUSD+XAGUSD. Leder 0 aabne positioner, balance/equity 24903.59. Foelger Rune Copy#1 0 aabne positioner, balance/equity 24834.24.","XAUUSD,XAGUSD",0,ok
2026-09-18 17:03:22.220810+00:00,"Scan 2026-09-18 (leder Rune Main): ingen kill-switch/konto-anmodninger, control.json paused=false/close_all_requested=false. Afstemning: leder 6 lukkede deals tjekket (0 nye opdateringer, alle allerede reflekteret), foelger Rune Copy#1 17 lukkede deals tjekket (0 nye opdateringer, alle allerede reflekteret). Ingen nye signaler paa 4000 M15-candles XAUUSD+XAGUSD. Leder 0 aabne positioner, balance/equity 24903.59. Foelger Rune Copy#1 0 aabne positioner, balance/equity 24834.24.","XAUUSD,XAGUSD",0,ok
2026-09-18 17:18:08.744248+00:00,"Scan 2026-09-18 (leder Rune Main): ingen kill-switch/konto-anmodninger, control.json paused=false/close_all_requested=false. Afstemning: leder 3 lukkede deals tjekket (0 nye opdateringer, alle allerede reflekteret), foelger Rune Copy#1 8 lukkede deals tjekket (0 nye opdateringer, alle allerede reflekteret). Ingen nye signaler paa 4000 M15-candles XAUUSD+XAGUSD. Leder 0 aabne positioner, balance/equity 24903.59. Foelger Rune Copy#1 0 aabne positioner, balance/equity 24834.24.","XAUUSD,XAGUSD",0,ok
2026-09-18 17:33:09.811046+00:00,"Scan 2026-09-18 (leder Rune Main): ingen kill-switch/konto-anmodninger, control.json paused=false/close_all_requested=false. Afstemning: leder 3 lukkede deals tjekket (0 nye opdateringer, alle allerede reflekteret), foelger Rune Copy#1 8 lukkede deals tjekket (0 nye opdateringer, alle allerede reflekteret). Ingen nye signaler paa 4000 M15-candles XAUUSD+XAGUSD. Leder 0 aabne positioner, balance/equity 24903.59. Foelger Rune Copy#1 0 aabne positioner, balance/equity 24834.24.","XAUUSD,XAGUSD",0,ok
2026-09-18 17:47:43.076399+00:00,"Scan 2026-09-18 (leder Rune Main): ingen kill-switch/konto-anmodninger, control.json paused=false/close_all_requested=false. Afstemning: leder 3 lukkede deals tjekket (0 nye opdateringer, alle allerede reflekteret), foelger Rune Copy#1 8 lukkede deals tjekket (0 nye opdateringer, alle allerede reflekteret). Ingen nye signaler paa 4000 M15-candles XAUUSD+XAGUSD. Leder 0 aabne positioner, balance/equity 24903.59. Foelger Rune Copy#1 0 aabne positioner, balance/equity 24834.24.","XAUUSD,XAGUSD",0,ok
2026-09-18 18:03:04.171719+00:00,"Scan 2026-09-18 (leder Rune Main): ingen kill-switch/konto-anmodninger, control.json paused=false/close_all_requested=false. Afstemning: leder 3 lukkede deals tjekket (0 nye opdateringer, alle allerede reflekteret), foelger Rune Copy#1 8 lukkede deals tjekket (0 nye opdateringer, alle allerede reflekteret). Ingen nye signaler paa 4000 M15-candles XAUUSD+XAGUSD. Leder 0 aabne positioner, balance/equity 24903.59. Foelger Rune Copy#1 0 aabne positioner, balance/equity 24834.24.","XAUUSD,XAGUSD",0,ok
2026-09-18 18:17:51.100908+00:00,"Scan 2026-09-18 (leder Rune Main): ingen kill-switch/konto-anmodninger, control.json paused=false/close_all_requested=false. Afstemning: leder 3 lukkede deals tjekket (0 nye opdateringer, alle allerede reflekteret), foelger Rune Copy#1 8 lukkede deals tjekket (0 nye opdateringer, alle allerede reflekteret). Ingen nye signaler paa 4000 M15-candles XAUUSD+XAGUSD. Leder 0 aabne positioner, balance/equity 24903.59. Foelger Rune Copy#1 0 aabne positioner, balance/equity 24834.24.","XAUUSD,XAGUSD",0,ok
2026-09-18 18:32:18.597561+00:00,"Scan 2026-09-18 (leder Rune Main): ingen kill-switch/konto-anmodninger, control.json paused=false/close_all_requested=false. Afstemning: leder 3 lukkede deals tjekket (0 nye opdateringer, alle allerede reflekteret), foelger Rune Copy#1 9 lukkede deals tjekket (0 nye opdateringer, alle allerede reflekteret). Ingen nye signaler paa 4000 M15-candles XAUUSD+XAGUSD. Leder 0 aabne positioner, balance/equity 24903.59. Foelger Rune Copy#1 0 aabne positioner, balance/equity 24834.24.","XAUUSD,XAGUSD",0,ok
2026-09-18 18:48:51.108962+00:00,"Scan 2026-09-18 (leder Rune Main): ingen kill-switch/konto-anmodninger, control.json paused=false/close_all_requested=false. Afstemning: leder 3 lukkede deals tjekket (0 nye opdateringer, alle allerede reflekteret), foelger Rune Copy#1 9 lukkede deals tjekket (0 nye opdateringer, alle allerede reflekteret). 2 nye signaler paa 4000 M15-candles XAUUSD+XAGUSD (begge Powell_KeyOpen long): XAUUSD pending BUY_LIMIT @4369.06 (leder ticket 58535558388, foelger ticket 58535560914), XAGUSD pending BUY_STOP @66.608 (leder ticket 58535558683, foelger ticket 58535561192). Begge eksekveret paa leder og foelger. Leder 0 aabne positioner, balance/equity 24903.59. Foelger Rune Copy#1 0 aabne positioner, balance/equity 24834.24.","XAUUSD,XAGUSD",2,ok
2026-09-18 19:03:31.344476+00:00,"Scan 2026-09-18 (leder Rune Main): ingen kill-switch/konto-anmodninger, control.json paused=false/close_all_requested=false. Afstemning: leder 3 lukkede deals tjekket (0 nye opdateringer, alle allerede reflekteret), foelger Rune Copy#1 8 lukkede deals tjekket (0 nye opdateringer, alle allerede reflekteret). 1 nyt signal paa 4000 M15-candles XAUUSD+XAGUSD: XAUUSD Powell_KeyOpen long pending BUY_LIMIT @4353.57 (leder ticket 58535715503, foelger ticket 58535723130). Eksekveret paa leder og foelger, SL/TP sat direkte ved placering. Leder 0 aabne positioner, balance/equity 24903.59. Foelger Rune Copy#1 0 aabne positioner, balance/equity 24834.24.","XAUUSD,XAGUSD",1,ok
2026-09-18 19:17:51.091281+00:00,"Begge MetaTrader MCP-forbindelser (leder metatrader og foelger metatrader_2) fejlede med CONNECT_TIMEOUT (30000ms) for hele sessionen. Ingen kill-switch/konto/omdoeb/byt-leder-anmodninger fundet. control.json paused=false/close_all_requested=false, men lukning af positioner var ikke relevant da paused=false. Afstemning (trin 3), scan (trin 4), eksekvering (trin 5) og konto-status (trin 6) kunne IKKE udfoeres pga. manglende MT5-forbindelse -- kraever session-genstart.","XAUUSD,XAGUSD",0,error
2026-09-18 19:34:12.767669+00:00,"Scan 2026-09-18 (leder Rune Main): trin 1/1b/1c ingen anmodninger fundet. control.json paused=false/close_all_requested=false (trin 2). Begge MetaTrader MCP-forbindelser (leder metatrader, foelger metatrader_2 Rune Copy#1) fejlede med CONNECT_TIMEOUT hele sessionen -- trin 3 (afstemning), 4 (scan), 5 (eksekvering) og 6 (konto-status) kunne ikke udfoeres for nogen konto pga. manglende MT5-forbindelse.","XAUUSD,XAGUSD",0,error
2026-09-18 19:54:34.330900+00:00,"Scan 2026-09-18 (leder Rune Main): ingen kill-switch/konto/omdoeb/byt-leder-anmodninger fundet. control.json paused=false/close_all_requested=false. Afstemning: leder 3 lukkede deals tjekket (0 nye opdateringer, alle allerede reflekteret), foelger Rune Copy#1 8 lukkede deals tjekket (0 nye opdateringer, alle allerede reflekteret). Scan af 4000 M15-candles XAUUSD+XAGUSD: ingen nye signaler siden sidste scan. Ingen eksekvering. Konto-status logget for begge konti: leder balance/equity 24903.59/24890.89 (1 aaben position XAGUSD), foelger Rune Copy#1 balance/equity 24834.24/24821.54 (1 aaben position XAGUSD).","XAUUSD,XAGUSD",0,ok
2026-09-18 20:06:46.623393+00:00,"Scan 2026-09-18 (leder Rune Main): ingen kill-switch/konto/omdoeb/byt-leder-anmodninger fundet. control.json paused=false/close_all_requested=false. Afstemning: leder 3 lukkede deals tjekket (0 nye opdateringer, alle allerede reflekteret), foelger Rune Copy#1 9 lukkede deals tjekket (0 nye opdateringer, alle allerede reflekteret). Scan af 4000 M15-candles XAUUSD+XAGUSD: ingen nye signaler. Ingen eksekvering. Konto-status logget for begge konti: leder balance/equity 24903.59/24890.04 (1 aaben position), foelger Rune Copy#1 balance/equity 24834.24/24820.69 (1 aaben position).","XAUUSD,XAGUSD",0,ok
2026-09-18 20:20:53.853802+00:00,"Scan 2026-09-18 (leder Rune Main): ingen kill-switch/konto/omdoeb/byt-leder-anmodninger fundet. control.json paused=false/close_all_requested=false. Afstemning: leder 3 lukkede deals tjekket (0 nye opdateringer, alle allerede reflekteret), foelger Rune Copy#1 8 lukkede deals tjekket (0 nye opdateringer, alle allerede reflekteret). Scan af 4000 M15-candles XAUUSD+XAGUSD: ingen nye signaler. Ingen eksekvering. Konto-status logget for begge konti: leder balance/equity 24903.59/24890.04 (1 aaben position), foelger Rune Copy#1 balance/equity 24834.24/24820.69 (1 aaben position).","XAUUSD,XAGUSD",0,ok
2026-09-18 20:34:42.170533+00:00,"Scan 2026-09-18 (leder Rune Main): ingen kill-switch/konto/omdoeb/byt-leder-anmodninger fundet. control.json paused=false/close_all_requested=false. Afstemning: leder 3 lukkede deals tjekket (0 nye opdateringer, alle allerede reflekteret), foelger Rune Copy#1 7 lukkede deals tjekket (0 nye opdateringer, alle allerede reflekteret). Scan af 4000 M15-candles XAUUSD+XAGUSD: ingen nye signaler. Ingen eksekvering. Konto-status logget for begge konti: leder balance/equity 24903.59/24890.04 (1 aaben position), foelger Rune Copy#1 balance/equity 24834.24/24820.69 (1 aaben position).","XAUUSD,XAGUSD",0,ok
2026-09-18 20:49:03.113473+00:00,"Scan 2026-09-18 (leder Rune Main): ingen kill-switch/konto/omdoeb/byt-leder-anmodninger fundet. control.json paused=false/close_all_requested=false. Afstemning: leder 3 lukkede deals tjekket (0 nye opdateringer, alle allerede reflekteret), foelger Rune Copy#1 8 lukkede deals tjekket (0 nye opdateringer, alle allerede reflekteret). Scan af 4000 M15-candles XAUUSD+XAGUSD: ingen nye signaler. Ingen eksekvering. Konto-status logget for begge konti: leder balance/equity 24903.59/24890.04 (1 aaben position), foelger Rune Copy#1 balance/equity 24834.24/24820.69 (1 aaben position).","XAUUSD,XAGUSD",0,ok
2026-09-18 21:02:53.016139+00:00,"Scan 2026-09-18 (leder Rune Main): ingen kill-switch/konto/omdoeb/byt-leder-anmodninger fundet. control.json paused=false/close_all_requested=false. Afstemning: leder 3 lukkede deals tjekket (0 nye opdateringer, alle allerede reflekteret), foelger Rune Copy#1 8 lukkede deals tjekket (0 nye opdateringer, alle allerede reflekteret). Scan af 4000 M15-candles XAUUSD+XAGUSD: ingen nye signaler. Ingen eksekvering. Konto-status logget for begge konti: leder balance/equity 24903.59/24889.92 (1 aaben position), foelger Rune Copy#1 balance/equity 24834.24/24820.57 (1 aaben position).","XAUUSD,XAGUSD",0,ok
2026-09-18 21:18:40.425339+00:00,"Scan 2026-09-18 (leder Rune Main): ingen kill-switch/konto/omdoeb/byt-leder-anmodninger fundet. control.json paused=false/close_all_requested=false. Afstemning: leder 3 lukkede deals tjekket (0 nye opdateringer, alle allerede reflekteret), foelger Rune Copy#1 9 lukkede deals tjekket (0 nye opdateringer, alle allerede reflekteret). Scan af 4000 M15-candles XAUUSD+XAGUSD: ingen nye signaler. Ingen eksekvering. Konto-status logget for begge konti: leder balance/equity 24903.59/24889.92 (1 aaben position), foelger Rune Copy#1 balance/equity 24834.24/24820.57 (1 aaben position).","XAUUSD,XAGUSD",0,ok
2026-09-18 21:33:59.099916+00:00,"Scan 2026-09-18 (leder Rune Main): ingen kill-switch/konto/omdoeb/byt-leder-anmodninger fundet. control.json paused=false/close_all_requested=false. Afstemning: leder 3 lukkede deals tjekket (0 nye opdateringer, alle allerede reflekteret), foelger Rune Copy#1 8 lukkede deals tjekket (0 nye opdateringer, alle allerede reflekteret). Scan af 4000 M15-candles XAUUSD+XAGUSD: ingen nye signaler. Ingen eksekvering. Konto-status logget for begge konti: leder balance/equity 24903.59/24889.92 (1 aaben position), foelger Rune Copy#1 balance/equity 24834.24/24820.57 (1 aaben position).","XAUUSD,XAGUSD",0,ok
2026-09-18 21:47:57.605535+00:00,"Scan 2026-09-18 (leder Rune Main): ingen kill-switch/konto/omdoeb/byt-leder-anmodninger fundet. control.json paused=false/close_all_requested=false. Afstemning: leder 3 lukkede deals tjekket (0 nye opdateringer, alle allerede reflekteret), foelger Rune Copy#1 8 lukkede deals tjekket (0 nye opdateringer, alle allerede reflekteret). Scan af 4000 M15-candles XAUUSD+XAGUSD: ingen nye signaler. Ingen eksekvering. Konto-status logget for begge konti: leder balance/equity 24903.59/24889.92 (1 aaben position), foelger Rune Copy#1 balance/equity 24834.24/24820.57 (1 aaben position).","XAUUSD,XAGUSD",0,ok
2026-09-18 22:05:44.973526+00:00,"Scan 2026-09-19 (leder Rune Main): ingen kill-switch/konto/omdoeb/byt-leder-anmodninger fundet. control.json paused=false/close_all_requested=false. Afstemning: leder 3 lukkede deals tjekket (0 nye opdateringer, alle allerede reflekteret), foelger Rune Copy#1 8 lukkede deals tjekket (0 nye opdateringer, alle allerede reflekteret). Scan af 4000 M15-candles XAUUSD+XAGUSD: ingen nye signaler. Ingen eksekvering. Konto-status logget for begge konti: leder balance/equity 24903.59/24889.92 (1 aaben position), foelger Rune Copy#1 balance/equity 24834.24/24820.57 (1 aaben position).","XAUUSD,XAGUSD",0,ok
2026-09-18 22:18:12.832922+00:00,"Scan 2026-09-19 (leder Rune Main): ingen kill-switch/konto/omdoeb/byt-leder-anmodninger fundet. control.json paused=false/close_all_requested=false. Afstemning: leder 6 lukkede deals tjekket (0 nye opdateringer, alle allerede reflekteret), foelger Rune Copy#1 17 lukkede deals tjekket (0 nye opdateringer, alle allerede reflekteret). Scan af 4000 M15-candles XAUUSD+XAGUSD: ingen nye signaler. Ingen eksekvering. Konto-status logget for begge konti: leder balance/equity 24903.59/24889.92 (1 aaben position), foelger Rune Copy#1 balance/equity 24834.24/24820.57 (1 aaben position).","XAUUSD,XAGUSD",0,ok
2026-09-18 22:33:27.702591+00:00,"Scan 2026-09-19 (leder Rune Main): ingen kill-switch/konto/omdoeb/byt-leder-anmodninger fundet. control.json paused=false/close_all_requested=false. Afstemning: leder 3 lukkede deals tjekket (0 nye opdateringer, alle allerede reflekteret), foelger Rune Copy#1 8 lukkede deals tjekket (0 nye opdateringer, alle allerede reflekteret). Scan af 4000 M15-candles XAUUSD+XAGUSD: ingen nye signaler. Ingen eksekvering. Konto-status logget for begge konti: leder balance/equity 24903.59/24889.92 (1 aaben position), foelger Rune Copy#1 balance/equity 24834.24/24820.57 (1 aaben position).","XAUUSD,XAGUSD",0,ok
2026-09-18 22:47:20.630857+00:00,"Scan 2026-09-19 (leder Rune Main): ingen kill-switch/konto/omdoeb/byt-leder-anmodninger fundet. control.json paused=false/close_all_requested=false. Afstemning: leder 3 lukkede deals tjekket (0 nye opdateringer, alle allerede reflekteret), foelger Rune Copy#1 8 lukkede deals tjekket (0 nye opdateringer, alle allerede reflekteret). Scan af 4000 M15-candles XAUUSD+XAGUSD: ingen nye signaler. Ingen eksekvering. Konto-status logget for begge konti: leder balance/equity 24903.59/24889.92 (1 aaben position), foelger Rune Copy#1 balance/equity 24834.24/24820.57 (1 aaben position).","XAUUSD,XAGUSD",0,ok
2026-09-18 23:03:10.347276+00:00,"Scan 2026-09-19 (leder Rune Main): ingen kill-switch/konto/omdoeb/byt-leder-anmodninger fundet. control.json paused=false/close_all_requested=false. Afstemning: leder 3 lukkede deals tjekket (0 nye opdateringer, alle allerede reflekteret), foelger Rune Copy#1 8 lukkede deals tjekket (0 nye opdateringer, alle allerede reflekteret). Scan af 4000 M15-candles XAUUSD+XAGUSD: ingen nye signaler. Ingen eksekvering. Konto-status logget for begge konti: leder balance/equity 24903.59/24889.92 (1 aaben position), foelger Rune Copy#1 balance/equity 24834.24/24820.57 (1 aaben position).","XAUUSD,XAGUSD",0,ok
2026-09-18 23:17:17.225436+00:00,"Scan 2026-09-19 (leder Rune Main): ingen kill-switch/konto/omdoeb/byt-leder-anmodninger fundet. control.json paused=false/close_all_requested=false. Afstemning: leder 6 lukkede deals tjekket (0 nye opdateringer, alle allerede reflekteret), foelger Rune Copy#1 17 lukkede deals tjekket (0 nye opdateringer, alle allerede reflekteret). Scan af 4000 M15-candles XAUUSD+XAGUSD: ingen nye signaler. Ingen eksekvering. Konto-status logget for begge konti: leder balance/equity 24903.59/24889.92 (1 aaben position), foelger Rune Copy#1 balance/equity 24834.24/24820.57 (1 aaben position).","XAUUSD,XAGUSD",0,ok
2026-09-18 23:33:24.627195+00:00,"Scan 2026-09-19 (leder Rune Main): ingen kill-switch/konto/omdoeb/byt-leder-anmodninger fundet. control.json paused=false/close_all_requested=false. Afstemning: leder 3 lukkede deals tjekket (0 nye opdateringer, alle allerede reflekteret), foelger Rune Copy#1 8 lukkede deals tjekket (0 nye opdateringer, alle allerede reflekteret). Scan af 4000 M15-candles XAUUSD+XAGUSD: ingen nye signaler. Ingen eksekvering. Konto-status logget for begge konti: leder balance/equity 24903.59/24889.92 (1 aaben position), foelger Rune Copy#1 balance/equity 24834.24/24820.57 (1 aaben position).","XAUUSD,XAGUSD",0,ok
2026-09-18 23:48:19.378001+00:00,"Scan 2026-09-19 (leder Rune Main): ingen kill-switch/konto/omdoeb/byt-leder-anmodninger fundet. control.json paused=false/close_all_requested=false. Afstemning: leder 3 lukkede deals tjekket (0 nye opdateringer, alle allerede reflekteret), foelger Rune Copy#1 8 lukkede deals tjekket (0 nye opdateringer, alle allerede reflekteret). Scan af 4000 M15-candles XAUUSD+XAGUSD: ingen nye signaler. Ingen eksekvering. Konto-status logget for begge konti: leder balance/equity 24903.59/24889.92 (1 aaben position), foelger Rune Copy#1 balance/equity 24834.24/24820.57 (1 aaben position).","XAUUSD,XAGUSD",0,ok
2026-09-19 00:02:38.550523+00:00,"Scan 2026-09-19 (leder Rune Main): ingen kill-switch/konto/omdoeb/byt-leder-anmodninger fundet. control.json paused=false/close_all_requested=false. Afstemning: leder 3 lukkede deals tjekket (0 nye opdateringer, alle allerede reflekteret), foelger Rune Copy#1 8 lukkede deals tjekket (0 nye opdateringer, alle allerede reflekteret). Scan af 4000 M15-candles XAUUSD+XAGUSD: ingen nye signaler. Ingen eksekvering. Konto-status logget for begge konti: leder balance/equity 24903.59/24889.92 (1 aaben position), foelger Rune Copy#1 balance/equity 24834.24/24820.57 (1 aaben position).","XAUUSD,XAGUSD",0,ok
2026-09-19 00:17:40.806361+00:00,"Scan 2026-09-19 (leder Rune Main): ingen kill-switch/konto/omdoeb/byt-leder-anmodninger fundet. control.json paused=false/close_all_requested=false. Afstemning: leder 3 lukkede deals tjekket (0 nye opdateringer, alle allerede reflekteret), foelger Rune Copy#1 8 lukkede deals tjekket (0 nye opdateringer, alle allerede reflekteret). Scan af 4000 M15-candles XAUUSD+XAGUSD: ingen nye signaler. Ingen eksekvering. Konto-status logget for begge konti: leder balance/equity 24903.59/24889.92 (1 aaben position), foelger Rune Copy#1 balance/equity 24834.24/24820.57 (1 aaben position).","XAUUSD,XAGUSD",0,ok
2026-09-19 00:32:36.923910+00:00,"Scan 2026-09-19 (leder Rune Main): ingen kill-switch/konto/omdoeb/byt-leder-anmodninger fundet. control.json paused=false/close_all_requested=false. Afstemning: leder 3 lukkede deals tjekket (0 nye opdateringer, alle allerede reflekteret), foelger Rune Copy#1 8 lukkede deals tjekket (0 nye opdateringer, alle allerede reflekteret). Scan af 4000 M15-candles XAUUSD+XAGUSD: ingen nye signaler. Ingen eksekvering. Konto-status logget for begge konti: leder balance/equity 24903.59/24889.92 (1 aaben position), foelger Rune Copy#1 balance/equity 24834.24/24820.57 (1 aaben position).","XAUUSD,XAGUSD",0,ok
2026-09-19 00:49:32.172172+00:00,"Scan 2026-09-19 (leder Rune Main): ingen kill-switch/konto/omdoeb/byt-leder-anmodninger fundet. control.json paused=false/close_all_requested=false. Afstemning: leder 3 lukkede deals tjekket (0 nye opdateringer, alle allerede reflekteret), foelger Rune Copy#1 17 lukkede deals tjekket (0 nye opdateringer, alle allerede reflekteret). Scan af 4000 M15-candles XAUUSD+XAGUSD: ingen nye signaler. Ingen eksekvering. Konto-status logget for begge konti: leder balance/equity 24903.59/24889.92 (1 aaben position), foelger Rune Copy#1 balance/equity 24834.24/24820.57 (1 aaben position).","XAUUSD,XAGUSD",0,ok
2026-09-19 01:02:16.851654+00:00,"Scan 2026-09-19 (leder Rune Main): ingen kill-switch/konto/omdoeb/byt-leder-anmodninger fundet. control.json paused=false/close_all_requested=false. Afstemning: leder 3 lukkede deals tjekket (0 nye opdateringer, alle allerede reflekteret), foelger Rune Copy#1 8 lukkede deals tjekket (0 nye opdateringer, alle allerede reflekteret). Scan af 4000 M15-candles XAUUSD+XAGUSD: ingen nye signaler. Ingen eksekvering. Konto-status logget for begge konti: leder balance/equity 24903.59/24889.92 (1 aaben position), foelger Rune Copy#1 balance/equity 24834.24/24820.57 (1 aaben position).","XAUUSD,XAGUSD",0,ok
2026-09-19 01:19:03.005574+00:00,"Scan 2026-09-19 (leder Rune Main): ingen kill-switch/konto/omdoeb/byt-leder-anmodninger fundet. control.json paused=false/close_all_requested=false. Afstemning: leder 3 lukkede deals tjekket (0 nye opdateringer, alle allerede reflekteret), foelger Rune Copy#1 8 lukkede deals tjekket (0 nye opdateringer, alle allerede reflekteret). Scan af 4000 M15-candles XAUUSD+XAGUSD: ingen nye signaler. Ingen eksekvering. Konto-status logget for begge konti: leder balance/equity 24903.59/24889.92 (1 aaben position), foelger Rune Copy#1 balance/equity 24834.24/24820.57 (1 aaben position).","XAUUSD,XAGUSD",0,ok
2026-09-19 01:33:44.696000+00:00,"Scan 2026-09-19 (leder Rune Main): ingen kill-switch/konto/omdoeb/byt-leder-anmodninger fundet. control.json paused=false/close_all_requested=false. Afstemning: leder 3 lukkede deals tjekket (0 nye opdateringer, alle allerede reflekteret), foelger Rune Copy#1 8 lukkede deals tjekket (0 nye opdateringer, alle allerede reflekteret). Scan af 4000 M15-candles XAUUSD+XAGUSD: ingen nye signaler. Ingen eksekvering. Konto-status logget for begge konti: leder balance/equity 24903.59/24889.92 (1 aaben position), foelger Rune Copy#1 balance/equity 24834.24/24820.57 (1 aaben position).","XAUUSD,XAGUSD",0,ok
2026-09-19 01:47:21.917485+00:00,"Scan 2026-09-19 (leder Rune Main): ingen kill-switch/konto/omdoeb/byt-leder-anmodninger fundet. control.json paused=false/close_all_requested=false. Afstemning: leder 6 lukkede deals tjekket (0 nye opdateringer, alle allerede reflekteret), foelger Rune Copy#1 17 lukkede deals tjekket (0 nye opdateringer, alle allerede reflekteret). Scan af 4000 M15-candles XAUUSD+XAGUSD: ingen nye signaler. Ingen eksekvering. Konto-status logget for begge konti: leder balance/equity 24903.59/24889.92 (1 aaben position), foelger Rune Copy#1 balance/equity 24834.24/24820.57 (1 aaben position).","XAUUSD,XAGUSD",0,ok
2026-09-19 02:02:30.399992+00:00,"Scan 2026-09-19: ingen kill-switch/konto/omdoeb/byt-leder-anmodninger fundet. control.json paused=false/close_all_requested=false. Afstemning: leder 6 lukkede deals tjekket (0 nye opdateringer), foelger Rune Copy#1 17 lukkede deals tjekket (0 nye opdateringer). Scan af 4000 M15-candles XAUUSD+XAGUSD: ingen nye signaler. Ingen eksekvering. Konto-status logget for begge konti: leder balance/equity 24903.59/24889.92 (1 aaben position), foelger Rune Copy#1 balance/equity 24834.24/24820.57 (1 aaben position).","XAUUSD,XAGUSD",0,ok
2026-09-19 02:18:42.482681+00:00,"Scan 2026-09-19 (leder Rune Main): ingen kill-switch/konto/omdoeb/byt-leder-anmodninger fundet. control.json paused=false/close_all_requested=false. Afstemning: leder 3 lukkede deals tjekket (0 nye opdateringer, alle allerede reflekteret), foelger Rune Copy#1 8 lukkede deals tjekket (0 nye opdateringer, alle allerede reflekteret). Scan af 4000 M15-candles XAUUSD+XAGUSD: ingen nye signaler. Ingen eksekvering. Konto-status logget for begge konti: leder balance/equity 24903.59/24889.92 (1 aaben position), foelger Rune Copy#1 balance/equity 24834.24/24820.57 (1 aaben position).","XAUUSD,XAGUSD",0,ok
2026-09-19 02:33:01.273594+00:00,"Scan 2026-09-19 (leder Rune Main): ingen kill-switch/konto/omdoeb/byt-leder-anmodninger fundet. control.json paused=false/close_all_requested=false. Afstemning: leder 3 lukkede deals tjekket (0 nye opdateringer, alle allerede reflekteret), foelger Rune Copy#1 8 lukkede deals tjekket (0 nye opdateringer, alle allerede reflekteret). Scan af 4000 M15-candles XAUUSD+XAGUSD: ingen nye signaler. Ingen eksekvering. Konto-status logget for begge konti: leder balance/equity 24903.59/24889.92 (1 aaben position), foelger Rune Copy#1 balance/equity 24834.24/24820.57 (1 aaben position).","XAUUSD,XAGUSD",0,ok
2026-09-19 02:48:27.614977+00:00,"Scan 2026-09-19 (leder Rune Main): ingen kill-switch/konto/omdoeb/byt-leder-anmodninger fundet. control.json paused=false/close_all_requested=false. Afstemning: leder 3 lukkede deals tjekket (0 nye opdateringer, alle allerede reflekteret), foelger Rune Copy#1 8 lukkede deals tjekket (0 nye opdateringer, alle allerede reflekteret). Scan af 4000 M15-candles XAUUSD+XAGUSD: ingen nye signaler. Ingen eksekvering. Konto-status logget for begge konti: leder balance/equity 24903.59/24889.92 (1 aaben position), foelger Rune Copy#1 balance/equity 24834.24/24820.57 (1 aaben position).","XAUUSD,XAGUSD",0,ok
2026-09-19 03:02:38.729414+00:00,"Scan 2026-09-19 (leder Rune Main): ingen kill-switch/konto/omdoeb/byt-leder-anmodninger fundet. control.json paused=false/close_all_requested=false. Afstemning: leder 3 lukkede deals tjekket (0 nye opdateringer, alle allerede reflekteret), foelger Rune Copy#1 9 lukkede deals tjekket (0 nye opdateringer, alle allerede reflekteret). Scan af 4000 M15-candles XAUUSD+XAGUSD: ingen nye signaler. Ingen eksekvering. Konto-status logget for begge konti: leder balance/equity 24903.59/24889.92 (1 aaben position), foelger Rune Copy#1 balance/equity 24834.24/24820.57 (1 aaben position).","XAUUSD,XAGUSD",0,ok
2026-09-19 03:17:05.094223+00:00,"Scan 2026-09-19 (leder Rune Main): ingen kill-switch/konto/omdoeb/byt-leder-anmodninger fundet. control.json paused=false/close_all_requested=false. Afstemning: leder 3 lukkede deals tjekket (0 nye opdateringer, alle allerede reflekteret), foelger Rune Copy#1 8 lukkede deals tjekket (0 nye opdateringer, alle allerede reflekteret). Scan af 4000 M15-candles XAUUSD+XAGUSD: ingen nye signaler. Ingen eksekvering. Konto-status logget for begge konti: leder balance/equity 24903.59/24889.92 (1 aaben position), foelger Rune Copy#1 balance/equity 24834.24/24820.57 (1 aaben position).","XAUUSD,XAGUSD",0,ok
2026-09-19 03:32:21.271355+00:00,"Scan 2026-09-19 (leder Rune Main): ingen kill-switch/konto/omdoeb/byt-leder-anmodninger fundet. control.json paused=false/close_all_requested=false. Afstemning: leder 3 lukkede deals tjekket (0 nye opdateringer, alle allerede reflekteret), foelger Rune Copy#1 8 lukkede deals tjekket (0 nye opdateringer, alle allerede reflekteret). Scan af 4000 M15-candles XAUUSD+XAGUSD: ingen nye signaler. Ingen eksekvering. Konto-status logget for begge konti: leder balance/equity 24903.59/24889.92 (1 aaben position), foelger Rune Copy#1 balance/equity 24834.24/24820.57 (1 aaben position).","XAUUSD,XAGUSD",0,ok
2026-09-19 03:48:11.167326+00:00,"Scan 2026-09-19 (leder Rune Main): ingen kill-switch/konto/omdoeb/byt-leder-anmodninger fundet. control.json paused=false/close_all_requested=false. Afstemning: leder 3 lukkede deals tjekket (0 nye opdateringer, alle allerede reflekteret), foelger Rune Copy#1 8 lukkede deals tjekket (0 nye opdateringer, alle allerede reflekteret). Scan af 4000 M15-candles XAUUSD+XAGUSD: ingen nye signaler. Ingen eksekvering. Konto-status logget for begge konti: leder balance/equity 24903.59/24889.92 (1 aaben position), foelger Rune Copy#1 balance/equity 24834.24/24820.57 (1 aaben position).","XAUUSD,XAGUSD",0,ok
2026-09-19 04:02:41.614337+00:00,"Scan 2026-09-19 (leder Rune Main): ingen kill-switch/konto/omdoeb/byt-leder-anmodninger fundet. control.json paused=false/close_all_requested=false. Afstemning: leder 3 lukkede positioner tjekket (0 nye opdateringer, alle allerede reflekteret), foelger Rune Copy#1 8 lukkede positioner tjekket (0 nye opdateringer, alle allerede reflekteret, inkl. kendt netting-position 58447635498). Scan af 4000 M15-candles XAUUSD+XAGUSD: ingen nye signaler. Ingen eksekvering. Konto-status logget for begge konti: leder balance/equity 24903.59/24889.92 (1 aaben position), foelger Rune Copy#1 balance/equity 24834.24/24820.57 (1 aaben position).","XAUUSD,XAGUSD",0,ok
2026-09-19 04:17:26.560281+00:00,"Scan 2026-09-19 (leder Rune Main): ingen kill-switch/konto/omdoeb/byt-leder-anmodninger fundet. control.json paused=false/close_all_requested=false. Afstemning: leder 3 lukkede positioner tjekket (0 nye opdateringer, alle allerede reflekteret), foelger Rune Copy#1 8 lukkede positioner tjekket (0 nye opdateringer, alle allerede reflekteret, inkl. kendt netting-position 58447635498). Scan af 4000 M15-candles XAUUSD+XAGUSD: ingen nye signaler. Ingen eksekvering. Konto-status logget for begge konti: leder balance/equity 24903.59/24889.92 (1 aaben position), foelger Rune Copy#1 balance/equity 24834.24/24820.57 (1 aaben position).","XAUUSD,XAGUSD",0,ok
2026-09-19 04:33:04.446650+00:00,"Scan 2026-09-19 (leder Rune Main): ingen kill-switch/konto/omdoeb/byt-leder-anmodninger fundet. control.json paused=false/close_all_requested=false. Afstemning: leder 3 lukkede positioner tjekket (0 nye opdateringer, alle allerede reflekteret), foelger Rune Copy#1 8 lukkede positioner tjekket (0 nye opdateringer, alle allerede reflekteret, inkl. kendt netting-position 58447635498). Scan af 4000 M15-candles XAUUSD+XAGUSD: ingen nye signaler. Ingen eksekvering. Konto-status logget for begge konti: leder balance/equity 24903.59/24889.92 (1 aaben position), foelger Rune Copy#1 balance/equity 24834.24/24820.57 (1 aaben position).","XAUUSD,XAGUSD",0,ok
2026-09-19 04:48:14.750848+00:00,"Scan 2026-09-19 (leder Rune Main): ingen kill-switch/konto/omdoeb/byt-leder-anmodninger fundet. control.json paused=false/close_all_requested=false. Afstemning: leder 3 lukkede positioner tjekket (0 nye opdateringer, alle allerede reflekteret), foelger Rune Copy#1 9 lukkede positioner tjekket (0 nye opdateringer, alle allerede reflekteret, inkl. kendt netting-position 58447635498). Scan af 4000 M15-candles XAUUSD+XAGUSD: ingen nye signaler. Ingen eksekvering. Konto-status logget for begge konti: leder balance/equity 24903.59/24889.92 (1 aaben position), foelger Rune Copy#1 balance/equity 24834.24/24820.57 (1 aaben position). _scan_runner.py var forsvundet (untracked) og blev genskabt.","XAUUSD,XAGUSD",0,ok
2026-09-19 05:02:36.262656+00:00,"Scan 2026-09-19 (leder Rune Main): ingen kill-switch/konto/omdoeb/byt-leder-anmodninger fundet. control.json paused=false/close_all_requested=false. Afstemning: leder 3 lukkede deals tjekket (0 nye opdateringer, alle allerede reflekteret), foelger Rune Copy#1 9 lukkede deals tjekket (0 nye opdateringer, alle allerede reflekteret, inkl. kendt netting-position 58447635498). Scan af 4000 M15-candles XAUUSD+XAGUSD: ingen nye signaler. Ingen eksekvering. Konto-status logget for begge konti: leder balance/equity 24903.59/24889.92 (1 aaben position), foelger Rune Copy#1 balance/equity 24834.24/24820.57 (1 aaben position).","XAUUSD,XAGUSD",0,ok
2026-09-19 05:18:28.382297+00:00,"Scan 2026-09-19 (leder Rune Main): ingen kill-switch/konto/omdoeb/byt-leder-anmodninger fundet. control.json paused=false/close_all_requested=false. Afstemning: leder 3 lukkede deals tjekket (0 nye opdateringer, alle allerede reflekteret), foelger Rune Copy#1 8 lukkede deals tjekket (0 nye opdateringer, alle allerede reflekteret, inkl. kendt netting-position 58447635498). Scan af 4000 M15-candles XAUUSD+XAGUSD: ingen nye signaler. Ingen eksekvering. Konto-status logget for begge konti: leder balance/equity 24903.59/24889.92 (1 aaben position), foelger Rune Copy#1 balance/equity 24834.24/24820.57 (1 aaben position).","XAUUSD,XAGUSD",0,ok
2026-09-19 05:33:34.398475+00:00,"Scan 2026-09-19 (leder Rune Main): ingen kill-switch/konto/omdoeb/byt-leder-anmodninger fundet. control.json paused=false/close_all_requested=false. Afstemning: leder 3 lukkede deals tjekket (0 nye opdateringer, alle allerede reflekteret), foelger Rune Copy#1 8 lukkede deals tjekket (0 nye opdateringer, alle allerede reflekteret, inkl. kendt netting-position 58447635498). Scan af 4000 M15-candles XAUUSD+XAGUSD: ingen nye signaler. Ingen eksekvering. Konto-status logget for begge konti: leder balance/equity 24903.59/24889.92 (1 aaben position), foelger Rune Copy#1 balance/equity 24834.24/24820.57 (1 aaben position).","XAUUSD,XAGUSD",0,ok
2026-09-19 05:49:09.149004+00:00,"Scan 2026-09-19 (leder Rune Main): ingen kill-switch/konto/omdoeb/byt-leder-anmodninger fundet. control.json paused=false/close_all_requested=false. Afstemning: leder 3 lukkede deals tjekket (0 nye opdateringer, alle allerede reflekteret), foelger Rune Copy#1 8 lukkede deals tjekket (0 nye opdateringer, alle allerede reflekteret, inkl. kendt netting-position 58447635498). Scan af 4000 M15-candles XAUUSD+XAGUSD: ingen nye signaler. Ingen eksekvering. Konto-status logget for begge konti: leder balance/equity 24903.59/24889.92 (1 aaben position), foelger Rune Copy#1 balance/equity 24834.24/24820.57 (1 aaben position).","XAUUSD,XAGUSD",0,ok
2026-09-19 06:03:04.960290+00:00,"Scan 2026-09-19 (leder Rune Main): ingen kill-switch/konto/omdoeb/byt-leder-anmodninger fundet. control.json paused=false/close_all_requested=false. Afstemning: leder 3 lukkede deals tjekket (0 nye opdateringer, alle allerede reflekteret), foelger Rune Copy#1 8 lukkede deals tjekket (0 nye opdateringer, alle allerede reflekteret, inkl. kendt netting-position 58447635498). Scan af 4000 M15-candles XAUUSD+XAGUSD: ingen nye signaler. Ingen eksekvering. Konto-status logget for begge konti: leder balance/equity 24903.59/24889.92 (1 aaben position), foelger Rune Copy#1 balance/equity 24834.24/24820.57 (1 aaben position).","XAUUSD,XAGUSD",0,ok
2026-09-19 06:18:18.591847+00:00,"Scan 2026-09-19 (leder Rune Main): ingen kill-switch/konto/omdoeb/byt-leder-anmodninger fundet. control.json paused=false/close_all_requested=false. Afstemning: leder 6 lukkede deals tjekket (0 nye opdateringer, alle allerede reflekteret), foelger Rune Copy#1 17 lukkede deals tjekket (0 nye opdateringer, alle allerede reflekteret). Scan af 4000 M15-candles XAUUSD+XAGUSD: ingen nye signaler. Ingen eksekvering. Konto-status logget for begge konti: leder balance/equity 24903.59/24889.92 (1 aaben position), foelger Rune Copy#1 balance/equity 24834.24/24820.57 (1 aaben position).","XAUUSD,XAGUSD",0,ok
2026-09-19 06:32:41.084264+00:00,"Scan 2026-09-19 (leder Rune Main): ingen kill-switch/konto/omdoeb/byt-leder-anmodninger fundet. control.json paused=false/close_all_requested=false. Afstemning: leder 3 lukkede deals tjekket (0 nye opdateringer, alle allerede reflekteret), foelger Rune Copy#1 7 lukkede deals tjekket (0 nye opdateringer, alle allerede reflekteret). Scan af 4000 M15-candles XAUUSD+XAGUSD: ingen nye signaler. Ingen eksekvering. Konto-status logget for begge konti: leder balance/equity 24903.59/24889.92 (1 aaben position), foelger Rune Copy#1 balance/equity 24834.24/24820.57 (1 aaben position).","XAUUSD,XAGUSD",0,ok
2026-09-19 06:48:20.440402+00:00,"Scan 2026-09-19 (leder Rune Main): ingen kill-switch/konto/omdoeb/byt-leder-anmodninger fundet. control.json paused=false/close_all_requested=false. Afstemning: leder 6 lukkede deals tjekket (0 nye opdateringer, alle allerede reflekteret), foelger Rune Copy#1 17 lukkede deals tjekket (0 nye opdateringer, alle allerede reflekteret). Scan af 4000 M15-candles XAUUSD+XAGUSD: ingen nye signaler. Ingen eksekvering. Konto-status logget for begge konti: leder balance/equity 24903.59/24889.92 (1 aaben position), foelger Rune Copy#1 balance/equity 24834.24/24820.57 (1 aaben position).","XAUUSD,XAGUSD",0,ok
2026-09-19 07:03:19.238579+00:00,"Scan 2026-09-19 (leder Rune Main): ingen kill-switch/konto/omdoeb/byt-leder-anmodninger fundet. control.json paused=false/close_all_requested=false. Afstemning: leder 3 lukkede deals tjekket (0 nye opdateringer, alle allerede reflekteret), foelger Rune Copy#1 8 lukkede deals tjekket (0 nye opdateringer, alle allerede reflekteret). Scan af 4000 M15-candles XAUUSD+XAGUSD: ingen nye signaler. Ingen eksekvering. Konto-status logget for begge konti: leder balance/equity 24903.59/24889.92 (1 aaben position), foelger Rune Copy#1 balance/equity 24834.24/24820.57 (1 aaben position).","XAUUSD,XAGUSD",0,ok
2026-09-19 07:17:53.750815+00:00,"Scan 2026-09-19 (leder Rune Main): ingen kill-switch/konto/omdoeb/byt-leder-anmodninger fundet. control.json paused=false/close_all_requested=false. Afstemning: leder 6 lukkede deals tjekket (0 nye opdateringer, alle allerede reflekteret), foelger Rune Copy#1 7 lukkede deals tjekket (0 nye opdateringer, alle allerede reflekteret, inkl. kendt netting-position 58447635498). Scan af 4000 M15-candles XAUUSD+XAGUSD: ingen nye signaler. Ingen eksekvering. Konto-status logget for begge konti: leder balance/equity 24903.59/24889.92 (1 aaben position), foelger Rune Copy#1 balance/equity 24834.24/24820.57 (1 aaben position).","XAUUSD,XAGUSD",0,ok
2026-09-19 07:34:10.572745+00:00,"Scan 2026-09-19 (leder Rune Main): ingen kill-switch/konto/omdoeb/byt-leder-anmodninger fundet. control.json paused=false/close_all_requested=false. Afstemning: leder 3 lukkede deals tjekket (0 nye opdateringer, alle allerede reflekteret), foelger Rune Copy#1 8 lukkede deals tjekket (0 nye opdateringer, alle allerede reflekteret, inkl. kendt netting-position 58447635498). Scan af 4000 M15-candles XAUUSD+XAGUSD: ingen nye signaler. Ingen eksekvering. Konto-status logget for begge konti: leder balance/equity 24903.59/24889.92 (1 aaben position), foelger Rune Copy#1 balance/equity 24834.24/24820.57 (1 aaben position).","XAUUSD,XAGUSD",0,ok
2026-09-19 07:47:46.679650+00:00,"Scan 2026-09-19 (leder Rune Main): ingen kill-switch/konto/omdoeb/byt-leder-anmodninger fundet. control.json paused=false/close_all_requested=false. Afstemning: leder 6 lukkede deals tjekket (0 nye opdateringer, alle allerede reflekteret), foelger Rune Copy#1 17 lukkede deals tjekket (0 nye opdateringer, alle allerede reflekteret). Scan af 4000 M15-candles XAUUSD+XAGUSD: ingen nye signaler. Ingen eksekvering. Konto-status logget for begge konti: leder balance/equity 24903.59/24889.92 (1 aaben position), foelger Rune Copy#1 balance/equity 24834.24/24820.57 (1 aaben position).","XAUUSD,XAGUSD",0,ok
2026-09-19 08:03:20.616919+00:00,"Scan 2026-09-19 (leder Rune Main): ingen kill-switch/konto/omdoeb/byt-leder-anmodninger fundet. control.json paused=false/close_all_requested=false. Afstemning: leder 3 lukkede deals tjekket (0 nye opdateringer, alle allerede reflekteret), foelger Rune Copy#1 8 lukkede deals tjekket (0 nye opdateringer, alle allerede reflekteret, inkl. kendt netting-position 58447635498). Scan af 4000 M15-candles XAUUSD+XAGUSD: ingen nye signaler. Ingen eksekvering. Konto-status logget for begge konti: leder balance/equity 24903.59/24889.92 (1 aaben position), foelger Rune Copy#1 balance/equity 24834.24/24820.57 (1 aaben position).","XAUUSD,XAGUSD",0,ok
2026-09-19 08:19:28.905997+00:00,"Scan 2026-09-19 (leder Rune Main): ingen kill-switch/konto/omdoeb/byt-leder-anmodninger fundet. control.json paused=false/close_all_requested=false. Afstemning: leder 3 lukkede deals tjekket (0 nye opdateringer, alle allerede reflekteret), foelger Rune Copy#1 8 lukkede deals tjekket (0 nye opdateringer, alle allerede reflekteret). Scan af 4000 M15-candles XAUUSD+XAGUSD: ingen nye signaler. Ingen eksekvering. Konto-status logget for begge konti: leder balance/equity 24903.59/24889.92 (1 aaben position), foelger Rune Copy#1 balance/equity 24834.24/24820.57 (1 aaben position).","XAUUSD,XAGUSD",0,ok
2026-09-19 08:33:18.063621+00:00,"Scan 2026-09-19 (leder Rune Main): ingen kill-switch/konto/omdoeb/byt-leder-anmodninger fundet. control.json paused=false/close_all_requested=false. Afstemning: leder 6 lukkede deals tjekket (0 nye opdateringer, alle allerede reflekteret), foelger Rune Copy#1 17 lukkede deals tjekket (0 nye opdateringer, alle allerede reflekteret). Scan af 4000 M15-candles XAUUSD+XAGUSD: ingen nye signaler. Ingen eksekvering. Konto-status logget for begge konti: leder balance/equity 24903.59/24889.92 (1 aaben position), foelger Rune Copy#1 balance/equity 24834.24/24820.57 (1 aaben position).","XAUUSD,XAGUSD",0,ok
2026-09-19 08:45:43.141082+00:00,"Scan 2026-09-19 (leder Rune Main): trin 0-2 udfoert -- ingen account/omdoeb/byt-leder-anmodninger fundet, control.json paused=false/close_all_requested=false. Trin 3-6 IKKE udfoert: baade metatrader og metatrader_2 MCP-forbindelser fejlede denne session (CONNECTION_CLOSED), krver formentlig session-genstart. Ingen afstemning, ingen scan, ingen eksekvering, ingen konto-status-logning denne koersel.","XAUUSD,XAGUSD",0,error
2026-09-19 09:03:56.024886+00:00,"Scan 2026-09-19 (leder Rune Main): ingen kill-switch/konto/omdoeb/byt-leder-anmodninger fundet. control.json paused=false/close_all_requested=false. Afstemning: leder 3 lukkede deals tjekket (0 nye opdateringer, alle allerede reflekteret), foelger Rune Copy#1 8 lukkede deals tjekket (0 nye opdateringer, alle allerede reflekteret, inkl. kendt netting-position 58447635498). Scan af 4000 M15-candles XAUUSD+XAGUSD: ingen nye signaler. Ingen eksekvering. Konto-status logget for begge konti: leder balance/equity 24903.59/24889.92 (1 aaben position), foelger Rune Copy#1 balance/equity 24834.24/24820.57 (1 aaben position).","XAUUSD,XAGUSD",0,ok
2026-09-19 09:19:02.789969+00:00,"Scan 2026-09-19 (leder Rune Main): ingen kill-switch/konto/omdoeb/byt-leder-anmodninger fundet. control.json paused=false/close_all_requested=false. Afstemning: leder 6 lukkede deals tjekket (0 nye opdateringer, alle allerede reflekteret), foelger Rune Copy#1 17 lukkede deals tjekket (0 nye opdateringer, alle allerede reflekteret). Scan af 4000 M15-candles XAUUSD+XAGUSD: ingen nye signaler. Ingen eksekvering. Konto-status logget for begge konti: leder balance/equity 24903.59/24889.92 (1 aaben position), foelger Rune Copy#1 balance/equity 24834.24/24820.57 (1 aaben position).","XAUUSD,XAGUSD",0,ok
2026-09-19 09:32:40.296284+00:00,"Scan 2026-09-19 (leder Rune Main): ingen kill-switch/konto/omdoeb/byt-leder-anmodninger fundet. control.json paused=false/close_all_requested=false. Afstemning: leder 3 lukkede deals tjekket (0 nye opdateringer, alle allerede reflekteret), foelger Rune Copy#1 8 lukkede deals tjekket (0 nye opdateringer, alle allerede reflekteret). Scan af 4000 M15-candles XAUUSD+XAGUSD: ingen nye signaler. Ingen eksekvering. Konto-status logget for begge konti: leder balance/equity 24903.59/24889.92 (1 aaben position), foelger Rune Copy#1 balance/equity 24834.24/24820.57 (1 aaben position).","XAUUSD,XAGUSD",0,ok
2026-09-19 09:48:54.461210+00:00,"Scan 2026-09-19 (leder Rune Main): ingen kill-switch/konto/omdoeb/byt-leder-anmodninger fundet. control.json paused=false/close_all_requested=false. Afstemning: leder 3 lukkede deals tjekket (0 nye opdateringer, alle allerede reflekteret), foelger Rune Copy#1 8 lukkede deals tjekket (0 nye opdateringer, alle allerede reflekteret). Scan af 4000 M15-candles XAUUSD+XAGUSD: ingen nye signaler. Ingen eksekvering. Konto-status logget for begge konti: leder balance/equity 24903.59/24889.92 (1 aaben position), foelger Rune Copy#1 balance/equity 24834.24/24820.57 (1 aaben position).","XAUUSD,XAGUSD",0,ok
2026-09-19 10:03:17.728236+00:00,"Scan 2026-09-19 (leder Rune Main): ingen kill-switch/konto/omdoeb/byt-leder-anmodninger fundet. control.json paused=false/close_all_requested=false. Afstemning: leder 3 lukkede deals tjekket (0 nye opdateringer, alle allerede reflekteret), foelger Rune Copy#1 8 lukkede deals tjekket (0 nye opdateringer, alle allerede reflekteret). Scan af 4000 M15-candles XAUUSD+XAGUSD: ingen nye signaler. Ingen eksekvering. Konto-status logget for begge konti: leder balance/equity 24903.59/24889.92 (1 aaben position), foelger Rune Copy#1 balance/equity 24834.24/24820.57 (1 aaben position).","XAUUSD,XAGUSD",0,ok
2026-09-19 10:19:18.160189+00:00,"Scan 2026-09-19 (leder Rune Main): ingen kill-switch/konto/omdoeb/byt-leder-anmodninger fundet. control.json paused=false/close_all_requested=false. Afstemning: leder 6 lukkede deals tjekket (0 nye opdateringer, alle allerede reflekteret), foelger Rune Copy#1 17 lukkede deals tjekket (0 nye opdateringer, alle allerede reflekteret). Scan af 4000 M15-candles XAUUSD+XAGUSD: ingen nye signaler. Ingen eksekvering. Konto-status logget for begge konti: leder balance/equity 24903.59/24889.92 (1 aaben position), foelger Rune Copy#1 balance/equity 24834.24/24820.57 (1 aaben position).","XAUUSD,XAGUSD",0,ok
2026-09-19 10:32:54.892251+00:00,"Scan 2026-09-19 (leder Rune Main): ingen kill-switch/konto/omdoeb/byt-leder-anmodninger fundet. control.json paused=false/close_all_requested=false. Afstemning: leder 3 lukkede deals tjekket (0 nye opdateringer, alle allerede reflekteret), foelger Rune Copy#1 8 lukkede deals tjekket (0 nye opdateringer, alle allerede reflekteret). Scan af 4000 M15-candles XAUUSD+XAGUSD: ingen nye signaler. Ingen eksekvering. Konto-status logget for begge konti: leder balance/equity 24903.59/24889.92 (1 aaben position), foelger Rune Copy#1 balance/equity 24834.24/24820.57 (1 aaben position).","XAUUSD,XAGUSD",0,ok
2026-09-19 10:50:02.681881+00:00,"Scan 2026-09-19 (leder Rune Main): ingen kill-switch/konto/omdoeb/byt-leder-anmodninger fundet. control.json paused=false/close_all_requested=false. Afstemning: leder 3 lukkede deals tjekket (0 nye opdateringer, alle allerede reflekteret), foelger Rune Copy#1 8 lukkede deals tjekket (0 nye opdateringer, alle allerede reflekteret). Scan af 4000 M15-candles XAUUSD+XAGUSD: ingen nye signaler. Ingen eksekvering. Konto-status logget for begge konti: leder balance/equity 24903.59/24889.92 (1 aaben position), foelger Rune Copy#1 balance/equity 24834.24/24820.57 (1 aaben position).","XAUUSD,XAGUSD",0,ok
2026-09-19 11:03:45.201236+00:00,"Scan 2026-09-19 (leder Rune Main): ingen kill-switch/konto/omdoeb/byt-leder-anmodninger fundet. control.json paused=false/close_all_requested=false. Afstemning: leder 3 lukkede deals tjekket (0 nye opdateringer, alle allerede reflekteret), foelger Rune Copy#1 8 lukkede deals tjekket (0 nye opdateringer, alle allerede reflekteret). Scan af 4000 M15-candles XAUUSD+XAGUSD: ingen nye signaler. Ingen eksekvering. Konto-status logget for begge konti: leder balance/equity 24903.59/24889.92 (1 aaben position), foelger Rune Copy#1 balance/equity 24834.24/24820.57 (1 aaben position).","XAUUSD,XAGUSD",0,ok
2026-09-19 11:17:42.752832+00:00,"Scan 2026-09-19 (leder Rune Main): ingen kill-switch/konto/omdoeb/byt-leder-anmodninger fundet. control.json paused=false/close_all_requested=false. Afstemning: leder 3 lukkede deals tjekket (0 nye opdateringer, alle allerede reflekteret), foelger Rune Copy#1 8 lukkede deals tjekket (0 nye opdateringer, alle allerede reflekteret). Scan af 4000 M15-candles XAUUSD+XAGUSD: ingen nye signaler. Ingen eksekvering. Konto-status logget for begge konti: leder balance/equity 24903.59/24889.92 (1 aaben position), foelger Rune Copy#1 balance/equity 24834.24/24820.57 (1 aaben position).","XAUUSD,XAGUSD",0,ok
2026-09-19 11:35:04.100190+00:00,"Scan 2026-09-19 (leder Rune Main): ingen kill-switch/konto/omdoeb/byt-leder-anmodninger fundet. control.json paused=false/close_all_requested=false. Afstemning: leder 3 lukkede deals tjekket (0 nye opdateringer, alle allerede reflekteret), foelger Rune Copy#1 8 lukkede deals tjekket (0 nye opdateringer, alle allerede reflekteret). En tidligere resting pending-ordre (XAGUSD BUY_STOP) blev fyldt paa begge konti siden sidste scan, men ingen nye lukkede deals deraf endnu. Scan af 4000 M15-candles XAUUSD+XAGUSD: ingen nye signaler. Ingen eksekvering. Konto-status logget for begge konti: leder balance/equity 24903.59/24889.92 (1 aaben position), foelger Rune Copy#1 balance/equity 24834.24/24820.57 (1 aaben position).","XAUUSD,XAGUSD",0,ok
2026-09-19 11:48:08.944461+00:00,"Scan 2026-09-19 (leder Rune Main): ingen kill-switch/konto/omdoeb/byt-leder-anmodninger fundet. control.json paused=false/close_all_requested=false. Afstemning: leder 6 lukkede deals tjekket (0 nye opdateringer, alle allerede reflekteret), foelger Rune Copy#1 17 lukkede deals tjekket (0 nye opdateringer, alle allerede reflekteret). Scan af 4000 M15-candles XAUUSD+XAGUSD: ingen nye signaler. Ingen eksekvering. Konto-status logget for begge konti: leder balance/equity 24903.59/24889.92 (1 aaben position), foelger Rune Copy#1 balance/equity 24834.24/24820.57 (1 aaben position).","XAUUSD,XAGUSD",0,ok
2026-09-19 12:03:24.281163+00:00,"Scan 2026-09-19 (leder Rune Main): ingen kill-switch/konto/omdoeb/byt-leder-anmodninger fundet. control.json paused=false/close_all_requested=false. Afstemning: leder 3 lukkede deals tjekket (0 nye opdateringer, alle allerede reflekteret), foelger Rune Copy#1 8 lukkede deals tjekket (0 nye opdateringer, alle allerede reflekteret). Scan af 4000 M15-candles XAUUSD+XAGUSD: ingen nye signaler. Ingen eksekvering. Konto-status logget for begge konti: leder balance/equity 24903.59/24889.92 (1 aaben position), foelger Rune Copy#1 balance/equity 24834.24/24820.57 (1 aaben position).","XAUUSD,XAGUSD",0,ok
2026-09-19 12:18:05.334841+00:00,"Scan 2026-09-19 (leder Rune Main): ingen kill-switch/konto/omdoeb/byt-leder-anmodninger fundet. control.json paused=false/close_all_requested=false. Afstemning: leder 3 lukkede deals tjekket (0 nye opdateringer, alle allerede reflekteret), foelger Rune Copy#1 8 lukkede deals tjekket (0 nye opdateringer, alle allerede reflekteret). Tidligere resting pending-ordre (XAGUSD BUY_STOP) blev fyldt paa begge konti siden sidste scan (leder ticket 58535558683, foelger ticket 58535561192). Scan af 4000 M15-candles XAUUSD+XAGUSD: ingen nye signaler. Ingen eksekvering. Konto-status logget for begge konti: leder balance/equity 24903.59/24889.92 (1 aaben position), foelger Rune Copy#1 balance/equity 24834.24/24820.57 (1 aaben position).","XAUUSD,XAGUSD",0,ok
2026-09-19 12:32:39.346515+00:00,"Scan 2026-09-19 (leder Rune Main): ingen kill-switch/konto/omdoeb/byt-leder-anmodninger fundet. control.json paused=false/close_all_requested=false. Afstemning: leder 3 lukkede deals tjekket (0 nye opdateringer, alle allerede reflekteret), foelger Rune Copy#1 8 lukkede deals tjekket (0 nye opdateringer, alle allerede reflekteret). Scan af 4000 M15-candles XAUUSD+XAGUSD: ingen nye signaler. Ingen eksekvering. Konto-status logget for begge konti: leder balance/equity 24903.59/24889.92 (1 aaben position), foelger Rune Copy#1 balance/equity 24834.24/24820.57 (1 aaben position).","XAUUSD,XAGUSD",0,ok
2026-09-19 12:47:26.442052+00:00,"Scan 2026-09-19 (leder Rune Main): ingen kill-switch/konto/omdoeb/byt-leder-anmodninger fundet. control.json paused=false/close_all_requested=false. Afstemning: leder 3 lukkede deals tjekket (0 nye opdateringer, alle allerede reflekteret), foelger Rune Copy#1 8 lukkede deals tjekket (0 nye opdateringer, alle allerede reflekteret). Scan af 4000 M15-candles XAUUSD+XAGUSD: ingen nye signaler. Ingen eksekvering. Konto-status logget for begge konti: leder balance/equity 24903.59/24889.92 (1 aaben position), foelger Rune Copy#1 balance/equity 24834.24/24820.57 (1 aaben position).","XAUUSD,XAGUSD",0,ok
2026-09-19 13:03:16.058471+00:00,"Scan 2026-09-19 (leder Rune Main): ingen kill-switch/konto/omdoeb/byt-leder-anmodninger fundet. control.json paused=false/close_all_requested=false. Afstemning: leder 3 lukkede deals tjekket (0 nye opdateringer, alle allerede reflekteret), foelger Rune Copy#1 8 lukkede deals tjekket (0 nye opdateringer, alle allerede reflekteret). Scan af 4000 M15-candles XAUUSD+XAGUSD: ingen nye signaler. Ingen eksekvering. Konto-status logget for begge konti: leder balance/equity 24903.59/24889.92 (1 aaben position), foelger Rune Copy#1 balance/equity 24834.24/24820.57 (1 aaben position).","XAUUSD,XAGUSD",0,ok
2026-09-19 13:17:43.308022+00:00,"Scan 2026-09-19 (leder Rune Main): ingen kill-switch/konto/omdoeb/byt-leder-anmodninger fundet. control.json paused=false/close_all_requested=false. Afstemning: leder 3 lukkede deals tjekket (0 nye opdateringer, alle allerede reflekteret), foelger Rune Copy#1 8 lukkede deals tjekket (0 nye opdateringer, alle allerede reflekteret). Scan af 4000 M15-candles XAUUSD+XAGUSD: ingen nye signaler. Ingen eksekvering. Konto-status logget for begge konti: leder balance/equity 24903.59/24889.92 (1 aaben position), foelger Rune Copy#1 balance/equity 24834.24/24820.57 (1 aaben position).","XAUUSD,XAGUSD",0,ok
2026-09-19 13:33:57.838799+00:00,"Scan 2026-09-19 (leder Rune Main): ingen kill-switch/konto/omdoeb/byt-leder-anmodninger fundet. control.json paused=false/close_all_requested=false. Afstemning: leder 3 lukkede deals tjekket (0 nye opdateringer, alle allerede reflekteret), foelger Rune Copy#1 8 lukkede deals tjekket (0 nye opdateringer, alle allerede reflekteret). Scan af 4000 M15-candles XAUUSD+XAGUSD: ingen nye signaler. Ingen eksekvering. Konto-status logget for begge konti: leder balance/equity 24903.59/24889.92 (1 aaben position), foelger Rune Copy#1 balance/equity 24834.24/24820.57 (1 aaben position).","XAUUSD,XAGUSD",0,ok
2026-09-19 13:47:25.439801+00:00,"Scan 2026-09-19 (leder Rune Main): ingen kill-switch/konto/omdoeb/byt-leder-anmodninger fundet. control.json paused=false/close_all_requested=false. Afstemning: leder 3 lukkede deals tjekket (0 nye opdateringer, alle allerede reflekteret), foelger Rune Copy#1 8 lukkede deals tjekket (0 nye opdateringer, alle allerede reflekteret). Scan af 4000 M15-candles XAUUSD+XAGUSD: ingen nye signaler. Ingen eksekvering. Konto-status logget for begge konti: leder balance/equity 24903.59/24889.92 (1 aaben position), foelger Rune Copy#1 balance/equity 24834.24/24820.57 (1 aaben position).","XAUUSD,XAGUSD",0,ok
2026-09-19 14:02:29.873919+00:00,"Scan 2026-09-19 (leder Rune Main): ingen kill-switch/konto/omdoeb/byt-leder-anmodninger fundet. control.json paused=false/close_all_requested=false. Afstemning: leder 3 lukkede deals tjekket (0 nye opdateringer, alle allerede reflekteret), foelger Rune Copy#1 9 lukkede deals tjekket (0 nye opdateringer, alle allerede reflekteret). Scan af 4000 M15-candles XAUUSD+XAGUSD: ingen nye signaler. Ingen eksekvering. Konto-status logget for begge konti: leder balance/equity 24903.59/24889.92 (1 aaben position), foelger Rune Copy#1 balance/equity 24834.24/24820.57 (1 aaben position).","XAUUSD,XAGUSD",0,ok
2026-09-19 14:18:09.052599+00:00,"Scan 2026-09-19 (leder Rune Main): ingen kill-switch/konto/omdoeb/byt-leder-anmodninger fundet. control.json paused=false/close_all_requested=false. Afstemning: leder 3 lukkede deals tjekket (0 nye opdateringer, alle allerede reflekteret), foelger Rune Copy#1 8 lukkede deals tjekket (0 nye opdateringer, alle allerede reflekteret). Scan af 4000 M15-candles XAUUSD+XAGUSD: ingen nye signaler. Ingen eksekvering. Konto-status logget for begge konti: leder balance/equity 24903.59/24889.92 (1 aaben position), foelger Rune Copy#1 balance/equity 24834.24/24820.57 (1 aaben position).","XAUUSD,XAGUSD",0,ok
2026-09-19 14:34:14.052385+00:00,"Scan 2026-09-19 (leder Rune Main): ingen kill-switch/konto/omdoeb/byt-leder-anmodninger fundet. control.json paused=false/close_all_requested=false. Afstemning: leder 3 lukkede deals tjekket (0 nye opdateringer, alle allerede reflekteret), foelger Rune Copy#1 8 lukkede deals tjekket (0 nye opdateringer, alle allerede reflekteret). Scan af 4000 M15-candles XAUUSD+XAGUSD: ingen nye signaler. Ingen eksekvering. Konto-status logget for begge konti: leder balance/equity 24903.59/24889.92 (1 aaben position), foelger Rune Copy#1 balance/equity 24834.24/24820.57 (1 aaben position).","XAUUSD,XAGUSD",0,ok
2026-09-19 14:49:48.792595+00:00,"Scan 2026-09-19 (leder Rune Main): ingen kill-switch/konto/omdoeb/byt-leder-anmodninger fundet. control.json paused=false/close_all_requested=false. Afstemning: leder 6 lukkede deals tjekket (0 nye opdateringer, alle allerede reflekteret), foelger Rune Copy#1 17 lukkede deals tjekket (0 nye opdateringer, alle allerede reflekteret). Scan af 4000 M15-candles XAUUSD+XAGUSD: ingen nye signaler. Ingen eksekvering. Konto-status logget for begge konti: leder balance/equity 24903.59/24889.92 (1 aaben position), foelger Rune Copy#1 balance/equity 24834.24/24820.57 (1 aaben position).","XAUUSD,XAGUSD",0,ok
2026-09-19 15:03:36.352989+00:00,"Scan 2026-09-19 (leder Rune Main): ingen kill-switch/konto/omdoeb/byt-leder-anmodninger fundet. control.json paused=false/close_all_requested=false. Afstemning: leder 3 lukkede positioner tjekket (-14.65, -19.64, -39.04), 0 nye opdateringer (allerede afstemt). Foelger Rune Copy#1 8 lukkede positioner tjekket (inkl. kendt netting-position 58447635498 paa -52.45), 0 nye opdateringer (allerede afstemt). Scan af 4000 M15-candles XAUUSD+XAGUSD: ingen nye signaler. Ingen eksekvering. Konto-status logget for begge konti: leder balance/equity 24903.59/24889.92 (1 aaben position), foelger Rune Copy#1 balance/equity 24834.24/24820.57 (1 aaben position).","XAUUSD,XAGUSD",0,ok
2026-09-19 15:17:35.205336+00:00,"Scan 2026-09-19 (leder Rune Main): ingen kill-switch/konto/omdoeb/byt-leder-anmodninger fundet. control.json paused=false/close_all_requested=false. Afstemning: leder 3 lukkede deals tjekket (0 nye opdateringer, alle allerede reflekteret), foelger Rune Copy#1 8 lukkede deals tjekket (0 nye opdateringer, alle allerede reflekteret). Scan af 4000 M15-candles XAUUSD+XAGUSD: ingen nye signaler. Ingen eksekvering. Konto-status logget for begge konti: leder balance/equity 24903.59/24889.92 (1 aaben position), foelger Rune Copy#1 balance/equity 24834.24/24820.57 (1 aaben position).","XAUUSD,XAGUSD",0,ok
2026-09-19 15:32:58.792383+00:00,"Scan 2026-09-19 (leder Rune Main): ingen kill-switch/konto/omdoeb/byt-leder-anmodninger fundet. control.json paused=false/close_all_requested=false. Afstemning: leder 3 lukkede deals tjekket (0 nye opdateringer, alle allerede reflekteret), foelger Rune Copy#1 8 lukkede deals tjekket (0 nye opdateringer, alle allerede reflekteret). Scan af 4000 M15-candles XAUUSD+XAGUSD: ingen nye signaler. Ingen eksekvering. Konto-status logget for begge konti: leder balance/equity 24903.59/24889.92 (1 aaben position), foelger Rune Copy#1 balance/equity 24834.24/24820.57 (1 aaben position).","XAUUSD,XAGUSD",0,ok
2026-09-19 15:49:01.174068+00:00,"Scan 2026-09-19 (leder Rune Main): ingen kill-switch/konto/omdoeb/byt-leder-anmodninger fundet. control.json paused=false/close_all_requested=false. Afstemning: leder 3 lukkede deals tjekket (0 nye opdateringer, alle allerede reflekteret), foelger Rune Copy#1 8 lukkede deals tjekket (0 nye opdateringer, alle allerede reflekteret). Scan af 4000 M15-candles XAUUSD+XAGUSD: ingen nye signaler. Ingen eksekvering. Konto-status logget for begge konti: leder balance/equity 24903.59/24889.92 (1 aaben position), foelger Rune Copy#1 balance/equity 24834.24/24820.57 (1 aaben position).","XAUUSD,XAGUSD",0,ok
2026-09-19 16:02:49.638718+00:00,"Scan 2026-09-19 (leder Rune Main): ingen kill-switch/konto/omdoeb/byt-leder-anmodninger fundet. control.json paused=false/close_all_requested=false. Afstemning: leder 3 lukkede deals tjekket (0 nye opdateringer, alle allerede reflekteret), foelger Rune Copy#1 7 lukkede deals tjekket (0 nye opdateringer, alle allerede reflekteret). Scan af 4000 M15-candles XAUUSD+XAGUSD: ingen nye signaler. Ingen eksekvering. Konto-status logget for begge konti: leder balance/equity 24903.59/24889.92 (1 aaben position), foelger Rune Copy#1 balance/equity 24834.24/24820.57 (1 aaben position).","XAUUSD,XAGUSD",0,ok
2026-09-19 16:17:36.926822+00:00,"Scan 2026-09-19 (leder Rune Main): ingen kill-switch/konto/omdoeb/byt-leder-anmodninger fundet. control.json paused=false/close_all_requested=false. Afstemning: leder 3 lukkede deals tjekket (0 nye opdateringer, alle allerede reflekteret), foelger Rune Copy#1 17 lukkede deals tjekket (0 nye opdateringer, alle allerede reflekteret). Scan af 4000 M15-candles XAUUSD+XAGUSD: ingen nye signaler. Ingen eksekvering. Konto-status logget for begge konti: leder balance/equity 24903.59/24889.92 (1 aaben position), foelger Rune Copy#1 balance/equity 24834.24/24820.57 (1 aaben position).","XAUUSD,XAGUSD",0,ok
2026-09-19 16:32:34.478930+00:00,"Scan 2026-09-19 (leder Rune Main): ingen kill-switch/konto/omdoeb/byt-leder-anmodninger fundet. control.json paused=false/close_all_requested=false. Afstemning: leder 3 lukkede deals tjekket (0 nye opdateringer, alle allerede reflekteret), foelger Rune Copy#1 8 lukkede deals tjekket (0 nye opdateringer, alle allerede reflekteret). Scan af 4000 M15-candles XAUUSD+XAGUSD: ingen nye signaler. Ingen eksekvering. Konto-status logget for begge konti: leder balance/equity 24903.59/24889.92 (1 aaben position), foelger Rune Copy#1 balance/equity 24834.24/24820.57 (1 aaben position).","XAUUSD,XAGUSD",0,ok
2026-09-19 16:49:09.274821+00:00,"Scan 2026-09-19 (leder Rune Main): ingen kill-switch/konto/omdoeb/byt-leder-anmodninger fundet. control.json paused=false/close_all_requested=false. Afstemning: leder 3 lukkede deals tjekket (0 nye opdateringer, alle allerede reflekteret), foelger Rune Copy#1 9 lukkede deals tjekket (0 nye opdateringer, alle allerede reflekteret, inkl. 1 nettet position med 2 entry-tickets). Scan af 4000 M15-candles XAUUSD+XAGUSD: ingen nye signaler. Ingen eksekvering. Konto-status logget for begge konti: leder balance/equity 24903.59/24889.92 (1 aaben position), foelger Rune Copy#1 balance/equity 24834.24/24820.57 (1 aaben position).","XAUUSD,XAGUSD",0,ok
2026-09-19 17:04:07.157172+00:00,"Scan 2026-09-19 (leder Rune Main): ingen kill-switch/konto/omdoeb/byt-leder-anmodninger fundet. control.json paused=false/close_all_requested=false. Afstemning: leder 3 lukkede deals tjekket (0 nye opdateringer, alle allerede reflekteret), foelger Rune Copy#1 8 lukkede deals tjekket (0 nye opdateringer, alle allerede reflekteret). Scan af 4000 M15-candles XAUUSD+XAGUSD: ingen nye signaler. Ingen eksekvering. Konto-status logget for begge konti: leder balance/equity 24903.59/24889.92 (1 aaben position), foelger Rune Copy#1 balance/equity 24834.24/24820.57 (1 aaben position).","XAUUSD,XAGUSD",0,ok
2026-09-19 17:17:28.096728+00:00,"Scan 2026-09-19 (leder Rune Main): ingen kill-switch/konto/omdoeb/byt-leder-anmodninger fundet. control.json paused=false/close_all_requested=false. Afstemning: leder 3 lukkede deals tjekket (0 nye opdateringer, alle allerede reflekteret), foelger Rune Copy#1 8 lukkede deals tjekket (0 nye opdateringer, alle allerede reflekteret, inkl. kendt netting-position 58447635498). Scan af 4000 M15-candles XAUUSD+XAGUSD: ingen nye signaler. Ingen eksekvering. Konto-status logget for begge konti: leder balance/equity 24903.59/24889.92 (1 aaben position), foelger Rune Copy#1 balance/equity 24834.24/24820.57 (1 aaben position).","XAUUSD,XAGUSD",0,ok
2026-09-19 17:32:17.601613+00:00,"Scan 2026-09-19 (leder Rune Main): ingen kill-switch/konto/omdoeb/byt-leder-anmodninger fundet. control.json paused=false/close_all_requested=false. Afstemning: leder 7 lukkede deals tjekket (0 nye opdateringer, alle allerede reflekteret), foelger Rune Copy#1 18 lukkede deals tjekket (0 nye opdateringer, alle allerede reflekteret). Scan af 4000 M15-candles XAUUSD+XAGUSD: ingen nye signaler. Ingen eksekvering. Konto-status logget for begge konti: leder balance/equity 24903.59/24889.92 (1 aaben position), foelger Rune Copy#1 balance/equity 24834.24/24820.57 (1 aaben position).","XAUUSD,XAGUSD",0,ok
2026-09-19 17:47:55.920726+00:00,"Scan 2026-09-19 (leder Rune Main): ingen kill-switch/konto/omdoeb/byt-leder-anmodninger fundet. control.json paused=false/close_all_requested=false. Afstemning: leder 6 lukkede deals tjekket (0 nye opdateringer, alle allerede reflekteret), foelger Rune Copy#1 17 lukkede deals tjekket (0 nye opdateringer, alle allerede reflekteret). Scan af 4000 M15-candles XAUUSD+XAGUSD: ingen nye signaler. Ingen eksekvering. Konto-status logget for begge konti: leder balance/equity 24903.59/24889.92 (1 aaben position), foelger Rune Copy#1 balance/equity 24834.24/24820.57 (1 aaben position).","XAUUSD,XAGUSD",0,ok
2026-09-19 18:05:22.617775+00:00,"Scan 2026-09-19 (leder Rune Main): ingen kill-switch/konto/omdoeb/byt-leder-anmodninger fundet. control.json paused=false/close_all_requested=false. Afstemning: leder 6 lukkede deals tjekket (0 nye opdateringer, alle allerede reflekteret), foelger Rune Copy#1 17 lukkede deals tjekket (0 nye opdateringer, alle allerede reflekteret). Scan af 4000 M15-candles XAUUSD+XAGUSD: ingen nye signaler. Ingen eksekvering. Konto-status logget for begge konti: leder balance/equity 24903.59/24889.92 (1 aaben position), foelger Rune Copy#1 balance/equity 24834.24/24820.57 (1 aaben position).","XAUUSD,XAGUSD",0,ok
2026-09-19 18:17:52.932549+00:00,"Scan 2026-09-19 (leder Rune Main): ingen kill-switch/konto/omdoeb/byt-leder-anmodninger fundet. control.json paused=false/close_all_requested=false. Afstemning: leder 3 lukkede deals tjekket (0 nye opdateringer, alle allerede reflekteret), foelger Rune Copy#1 8 lukkede deals tjekket (0 nye opdateringer, alle allerede reflekteret, inkl. kendt netting-position 58447635498). Scan af 4000 M15-candles XAUUSD+XAGUSD: ingen nye signaler. Ingen eksekvering. Konto-status logget for begge konti: leder balance/equity 24903.59/24889.92 (1 aaben position), foelger Rune Copy#1 balance/equity 24834.24/24820.57 (1 aaben position).","XAUUSD,XAGUSD",0,ok
2026-09-19 18:33:41.216306+00:00,"Scan 2026-09-19 (leder Rune Main): ingen kill-switch/konto/omdoeb/byt-leder-anmodninger fundet. control.json paused=false/close_all_requested=false. Afstemning: leder 6 lukkede deals tjekket (0 nye opdateringer, alle allerede reflekteret), foelger Rune Copy#1 17 lukkede deals tjekket (0 nye opdateringer, alle allerede reflekteret). Scan af 4000 M15-candles XAUUSD+XAGUSD: ingen nye signaler. Ingen eksekvering. Konto-status logget for begge konti: leder balance/equity 24903.59/24889.92 (1 aaben position), foelger Rune Copy#1 balance/equity 24834.24/24820.57 (1 aaben position).","XAUUSD,XAGUSD",0,ok
2026-09-19 18:48:09.419873+00:00,"Ingen kill-switch/konto/omdoeb/byt-leder-anmodninger fundet. control.json paused=false/close_all_requested=false. Afstemning: leder 3 lukkede deals tjekket (0 nye opdateringer, alle allerede reflekteret), foelger Rune Copy#1 8 lukkede deals tjekket (0 nye opdateringer, alle allerede reflekteret). Scan af 4000 M15-candles XAUUSD+XAGUSD: ingen nye signaler. Ingen eksekvering. Konto-status logget for begge konti: leder balance/equity 24903.59/24889.92 (1 aaben position), foelger Rune Copy#1 balance/equity 24834.24/24820.57 (1 aaben position).","XAUUSD,XAGUSD",0,ok
2026-09-19 19:03:22.075213+00:00,"Scan 2026-09-19 (leder Rune Main): ingen kill-switch/konto/omdoeb/byt-leder-anmodninger fundet. control.json paused=false/close_all_requested=false. Afstemning: leder 3 lukkede deals tjekket (0 nye opdateringer, alle allerede reflekteret), foelger Rune Copy#1 8 lukkede deals tjekket (0 nye opdateringer, alle allerede reflekteret). Scan af 4000 M15-candles XAUUSD+XAGUSD: ingen nye signaler. Ingen eksekvering. Konto-status logget for begge konti: leder balance/equity 24903.59/24889.92 (1 aaben position), foelger Rune Copy#1 balance/equity 24834.24/24820.57 (1 aaben position).","XAUUSD,XAGUSD",0,ok
2026-09-19 19:17:10.835729+00:00,"Scan 2026-09-19 (leder Rune Main): ingen kill-switch/konto/omdoeb/byt-leder-anmodninger fundet. control.json paused=false/close_all_requested=false. Afstemning: leder 6 lukkede deals tjekket (0 nye opdateringer, alle allerede reflekteret), foelger Rune Copy#1 17 lukkede deals tjekket (0 nye opdateringer, alle allerede reflekteret). Scan af 4000 M15-candles XAUUSD+XAGUSD: ingen nye signaler. Ingen eksekvering. Konto-status logget for begge konti: leder balance/equity 24903.59/24889.92 (1 aaben position), foelger Rune Copy#1 balance/equity 24834.24/24820.57 (1 aaben position).","XAUUSD,XAGUSD",0,ok
2026-09-19 19:33:37.605786+00:00,"Scan 2026-09-19 (leder Rune Main): ingen kill-switch/konto/omdoeb/byt-leder-anmodninger fundet. control.json paused=false/close_all_requested=false. Afstemning: leder 3 lukkede deals tjekket (0 nye opdateringer, alle allerede reflekteret), foelger Rune Copy#1 8 lukkede deals tjekket (0 nye opdateringer, alle allerede reflekteret). Scan af 4000 M15-candles XAUUSD+XAGUSD: ingen nye signaler. Ingen eksekvering. Konto-status logget for begge konti: leder balance/equity 24903.59/24889.92 (1 aaben position), foelger Rune Copy#1 balance/equity 24834.24/24820.57 (1 aaben position).","XAUUSD,XAGUSD",0,ok
2026-09-19 19:48:41.009183+00:00,"Scan 2026-09-19 (leder Rune Main): ingen kill-switch/konto/omdoeb/byt-leder-anmodninger fundet. control.json paused=false/close_all_requested=false. Afstemning: leder 3 lukkede deals tjekket (0 nye opdateringer, alle allerede reflekteret), foelger Rune Copy#1 8 lukkede deals tjekket (0 nye opdateringer, alle allerede reflekteret). Scan af 4000 M15-candles XAUUSD+XAGUSD: ingen nye signaler. Ingen eksekvering. Konto-status logget for begge konti: leder balance/equity 24903.59/24889.92 (1 aaben position), foelger Rune Copy#1 balance/equity 24834.24/24820.57 (1 aaben position).","XAUUSD,XAGUSD",0,ok
2026-09-19 20:03:42.737980+00:00,"Scan 2026-09-19 (leder Rune Main): ingen kill-switch/konto/omdoeb/byt-leder-anmodninger fundet. control.json paused=false/close_all_requested=false. Afstemning: leder 3 lukkede deals tjekket (0 nye opdateringer, alle allerede reflekteret), foelger Rune Copy#1 8 lukkede deals tjekket (0 nye opdateringer, alle allerede reflekteret). Scan af 4000 M15-candles XAUUSD+XAGUSD: ingen nye signaler. Ingen eksekvering. Konto-status logget for begge konti: leder balance/equity 24903.59/24889.92 (1 aaben position), foelger Rune Copy#1 balance/equity 24834.24/24820.57 (1 aaben position).","XAUUSD,XAGUSD",0,ok
2026-09-19 20:16:38.153718+00:00,"Scan 2026-09-19 (leder Rune Main): ingen kill-switch/konto/omdoeb/byt-leder-anmodninger fundet. control.json paused=false/close_all_requested=false. Afstemning: leder 3 lukkede deals tjekket (0 nye opdateringer, alle allerede reflekteret), foelger Rune Copy#1 9 lukkede deals tjekket (0 nye opdateringer, alle allerede reflekteret). Scan af 4000 M15-candles XAUUSD+XAGUSD: ingen nye signaler. Ingen eksekvering. Konto-status logget for begge konti: leder balance/equity 24903.59/24889.92 (1 aaben position), foelger Rune Copy#1 balance/equity 24834.24/24820.57 (1 aaben position).","XAUUSD,XAGUSD",0,ok
2026-09-19 20:32:14.868520+00:00,"Ingen kill-switch/konto/omdoeb/byt-leder-anmodninger fundet. control.json paused=false/close_all_requested=false. Afstemning: leder 3 lukkede deals tjekket (0 nye opdateringer, alle allerede reflekteret), foelger Rune Copy#1 8 lukkede deals tjekket (0 nye opdateringer, alle allerede reflekteret). Scan af 4000 M15-candles XAUUSD+XAGUSD: ingen nye signaler. Ingen eksekvering. Konto-status logget for begge konti: leder balance/equity 24903.59/24889.92 (1 aaben position), foelger Rune Copy#1 balance/equity 24834.24/24820.57 (1 aaben position).","XAUUSD,XAGUSD",0,ok
2026-09-19 20:48:52.616169+00:00,"Scan 2026-09-19 (leder Rune Main): ingen kill-switch/konto/omdoeb/byt-leder-anmodninger fundet. control.json paused=false/close_all_requested=false. Afstemning: leder 3 lukkede deals tjekket (0 nye opdateringer, alle allerede reflekteret), foelger Rune Copy#1 8 lukkede deals tjekket (0 nye opdateringer, alle allerede reflekteret). Scan af 4000 M15-candles XAUUSD+XAGUSD: ingen nye signaler. Ingen eksekvering. Konto-status logget for begge konti: leder balance/equity 24903.59/24889.92 (1 aaben position), foelger Rune Copy#1 balance/equity 24834.24/24820.57 (1 aaben position).","XAUUSD,XAGUSD",0,ok
2026-09-19 21:03:14.496857+00:00,"Scan 2026-09-19 (leder Rune Main): ingen kill-switch/konto/omdoeb/byt-leder-anmodninger fundet. control.json paused=false/close_all_requested=false. Afstemning: leder 3 lukkede deals tjekket (0 nye opdateringer, alle allerede reflekteret), foelger Rune Copy#1 8 lukkede deals tjekket (0 nye opdateringer, alle allerede reflekteret). Scan af 4000 M15-candles XAUUSD+XAGUSD: ingen nye signaler. Ingen eksekvering. Konto-status logget for begge konti: leder balance/equity 24903.59/24889.92 (1 aaben position), foelger Rune Copy#1 balance/equity 24834.24/24820.57 (1 aaben position).","XAUUSD,XAGUSD",0,ok
2026-09-19 21:18:20.824403+00:00,"Scan 2026-09-19 (leder Rune Main): ingen kill-switch/konto/omdoeb/byt-leder-anmodninger fundet. control.json paused=false/close_all_requested=false. Afstemning: leder 3 lukkede deals tjekket (0 nye opdateringer, alle allerede reflekteret), foelger Rune Copy#1 8 lukkede deals tjekket (0 nye opdateringer, alle allerede reflekteret). Scan af 4000 M15-candles XAUUSD+XAGUSD: ingen nye signaler. Ingen eksekvering. Konto-status logget for begge konti: leder balance/equity 24903.59/24889.92 (1 aaben position), foelger Rune Copy#1 balance/equity 24834.24/24820.57 (1 aaben position).","XAUUSD,XAGUSD",0,ok
2026-09-19 21:33:32.865876+00:00,"ingen kill-switch/konto/omdoeb/byt-leder-anmodninger fundet. control.json paused=false/close_all_requested=false. Afstemning: leder 3 lukkede deals tjekket (0 nye opdateringer, alle allerede reflekteret), foelger Rune Copy#1 8 lukkede deals tjekket (0 nye opdateringer, alle allerede reflekteret). Scan af 4000 M15-candles XAUUSD+XAGUSD: ingen nye signaler. Ingen eksekvering. Konto-status logget for begge konti: leder balance/equity 24903.59/24889.92 (1 aaben position), foelger Rune Copy#1 balance/equity 24834.24/24820.57 (1 aaben position).","XAUUSD,XAGUSD",0,ok
2026-09-19 21:47:55.037644+00:00,"Scan 2026-09-19 (leder Rune Main): ingen kill-switch/konto/omdoeb/byt-leder-anmodninger fundet. control.json paused=false/close_all_requested=false. Afstemning: leder 3 lukkede deals tjekket (0 nye opdateringer, alle allerede reflekteret), foelger Rune Copy#1 8 lukkede deals tjekket (0 nye opdateringer, alle allerede reflekteret). Scan af 4000 M15-candles XAUUSD+XAGUSD: ingen nye signaler. Ingen eksekvering. Konto-status logget for begge konti: leder balance/equity 24903.59/24889.92 (1 aaben position), foelger Rune Copy#1 balance/equity 24834.24/24820.57 (1 aaben position).","XAUUSD,XAGUSD",0,ok
2026-09-19 22:03:16.158017+00:00,"Scan 2026-09-20 (leder Rune Main): ingen kill-switch/konto/omdoeb/byt-leder-anmodninger fundet. control.json paused=false/close_all_requested=false. Afstemning: leder 3 lukkede deals tjekket (0 nye opdateringer, alle allerede reflekteret), foelger Rune Copy#1 8 lukkede deals tjekket (0 nye opdateringer, alle allerede reflekteret). Scan af 4000 M15-candles XAUUSD+XAGUSD (marked lukket i weekenden, sidste candle fredag 22:45 UTC): ingen nye signaler. Ingen eksekvering. Konto-status logget for begge konti: leder balance/equity 24903.59/24889.92 (1 aaben position), foelger Rune Copy#1 balance/equity 24834.24/24820.57 (1 aaben position).","XAUUSD,XAGUSD",0,ok
2026-09-19 22:19:43.533346+00:00,"Scan 2026-09-20 (leder Rune Main): ingen kill-switch/konto/omdoeb/byt-leder-anmodninger fundet. control.json paused=false/close_all_requested=false. Afstemning: leder 7 lukkede deals tjekket (0 nye opdateringer, alle allerede reflekteret), foelger Rune Copy#1 18 lukkede deals tjekket (0 nye opdateringer, alle allerede reflekteret). Scan af 4000 M15-candles XAUUSD+XAGUSD (marked lukket i weekenden, sidste candle fredag 2026-09-18 22:45 UTC): ingen nye signaler. Ingen eksekvering. Konto-status logget for begge konti: leder balance/equity 24903.59/24889.92 (1 aaben position), foelger Rune Copy#1 balance/equity 24834.24/24820.57 (1 aaben position).","XAUUSD,XAGUSD",0,ok
2026-09-19 22:33:30.664831+00:00,"Scan 2026-09-20 (leder Rune Main): ingen kill-switch/konto/omdoeb/byt-leder-anmodninger fundet. control.json paused=false/close_all_requested=false. Afstemning: leder 7 lukkede deals tjekket (0 nye opdateringer, alle allerede reflekteret), foelger Rune Copy#1 18 lukkede deals tjekket (0 nye opdateringer, alle allerede reflekteret). Scan af 4000 M15-candles XAUUSD+XAGUSD (marked lukket i weekenden, sidste candle fredag 2026-09-18 22:45 UTC): ingen nye signaler. Ingen eksekvering. Konto-status logget for begge konti: leder balance/equity 24903.59/24889.92 (1 aaben position), foelger Rune Copy#1 balance/equity 24834.24/24820.57 (1 aaben position).","XAUUSD,XAGUSD",0,ok
2026-09-19 22:47:45.005249+00:00,"Scan 2026-09-20 (leder Rune Main): ingen kill-switch/konto/omdoeb/byt-leder-anmodninger fundet. control.json paused=false/close_all_requested=false. Afstemning: leder 3 lukkede deals tjekket (0 nye opdateringer, alle allerede reflekteret), foelger Rune Copy#1 8 lukkede deals tjekket (0 nye opdateringer, alle allerede reflekteret). Scan af 4000 M15-candles XAUUSD+XAGUSD (marked lukket i weekenden, sidste candle fredag 2026-09-18 22:45 UTC): ingen nye signaler. Ingen eksekvering. Konto-status logget for begge konti: leder balance/equity 24903.59/24889.92 (1 aaben position), foelger Rune Copy#1 balance/equity 24834.24/24820.57 (1 aaben position).","XAUUSD,XAGUSD",0,ok
2026-09-19 23:04:34.159473+00:00,"Scan 2026-09-20 (leder Rune Main): ingen kill-switch/konto/omdoeb/byt-leder-anmodninger fundet. control.json paused=false/close_all_requested=false. Afstemning: leder 3 lukkede deals tjekket (0 nye opdateringer, alle allerede reflekteret), foelger Rune Copy#1 8 lukkede deals tjekket (0 nye opdateringer, alle allerede reflekteret). Scan af 4000 M15-candles XAUUSD+XAGUSD (marked lukket i weekenden, sidste candle fredag 2026-09-18 22:45 UTC): ingen nye signaler. Ingen eksekvering. Konto-status logget for begge konti: leder balance/equity 24903.59/24889.92 (1 aaben position), foelger Rune Copy#1 balance/equity 24834.24/24820.57 (1 aaben position).","XAUUSD,XAGUSD",0,ok
2026-09-19 23:19:31.433701+00:00,"Scan 2026-09-20 (leder Rune Main): ingen kill-switch/konto/omdoeb/byt-leder-anmodninger fundet. control.json paused=false/close_all_requested=false. Afstemning: leder 3 lukkede deals tjekket (0 nye opdateringer, alle allerede reflekteret), foelger Rune Copy#1 8 lukkede deals tjekket (0 nye opdateringer, alle allerede reflekteret). Scan af 4000 M15-candles XAUUSD+XAGUSD (marked lukket i weekenden, sidste candle fredag 2026-09-18 22:45 UTC): ingen nye signaler. Ingen eksekvering. Konto-status logget for begge konti: leder balance/equity 24903.59/24889.92 (1 aaben position), foelger Rune Copy#1 balance/equity 24834.24/24820.57 (1 aaben position).","XAUUSD,XAGUSD",0,ok
2026-09-19 23:33:07.496863+00:00,"Scan 2026-09-20 (leder Rune Main): ingen kill-switch/konto/omdoeb/byt-leder-anmodninger fundet. control.json paused=false/close_all_requested=false. Afstemning: leder 7 lukkede deals tjekket (0 nye opdateringer, alle allerede reflekteret), foelger Rune Copy#1 18 lukkede deals tjekket (0 nye opdateringer, alle allerede reflekteret). Scan af 4000 M15-candles XAUUSD+XAGUSD (marked lukket i weekenden, sidste candle fredag 2026-09-18 22:45 UTC): ingen nye signaler. Ingen eksekvering. Konto-status logget for begge konti: leder balance/equity 24903.59/24889.92 (1 aaben position), foelger Rune Copy#1 balance/equity 24834.24/24820.57 (1 aaben position).","XAUUSD,XAGUSD",0,ok
2026-09-19 23:49:25.320099+00:00,"Scan 2026-09-20 (leder Rune Main): ingen kill-switch/konto/omdoeb/byt-leder-anmodninger fundet. control.json paused=false/close_all_requested=false. Afstemning: leder 7 lukkede deals tjekket (0 nye opdateringer, alle allerede reflekteret), foelger Rune Copy#1 18 lukkede deals tjekket (0 nye opdateringer, alle allerede reflekteret). Scan af 4000 M15-candles XAUUSD+XAGUSD (marked lukket i weekenden, sidste candle fredag 2026-09-18 22:45 UTC): ingen nye signaler. Ingen eksekvering. Konto-status logget for begge konti: leder balance/equity 24903.59/24889.92 (1 aaben position), foelger Rune Copy#1 balance/equity 24834.24/24820.57 (1 aaben position).","XAUUSD,XAGUSD",0,ok
2026-09-20 00:02:22.309356+00:00,"Scan 2026-09-20 (leder Rune Main): ingen kill-switch/konto/omdoeb/byt-leder-anmodninger fundet. control.json paused=false/close_all_requested=false. Afstemning: leder 3 lukkede deals tjekket (0 nye opdateringer, alle allerede reflekteret), foelger Rune Copy#1 8 lukkede deals tjekket (0 nye opdateringer, alle allerede reflekteret). Scan af 4000 M15-candles XAUUSD+XAGUSD (marked lukket i weekenden, sidste candle fredag 2026-09-18 22:45 UTC): ingen nye signaler. Ingen eksekvering. Konto-status logget for begge konti: leder balance/equity 24903.59/24889.92 (1 aaben position), foelger Rune Copy#1 balance/equity 24834.24/24820.57 (1 aaben position).","XAUUSD,XAGUSD",0,ok
2026-09-20 00:17:17.907062+00:00,"Scan 2026-09-20 (leder Rune Main): ingen kill-switch/konto/omdoeb/byt-leder-anmodninger fundet. control.json paused=false/close_all_requested=false. Afstemning: leder 3 lukkede deals tjekket (0 nye opdateringer, alle allerede reflekteret), foelger Rune Copy#1 9 lukkede deals tjekket (0 nye opdateringer, alle allerede reflekteret). Scan af 4000 M15-candles XAUUSD+XAGUSD: ingen nye signaler. Ingen eksekvering. Konto-status logget for begge konti: leder balance/equity 24903.59/24889.92 (1 aaben position), foelger Rune Copy#1 balance/equity 24834.24/24820.57 (1 aaben position).","XAUUSD,XAGUSD",0,ok
2026-09-20 00:34:10.083828+00:00,"Scan 2026-09-20 (leder Rune Main): ingen kill-switch/konto/omdoeb/byt-leder-anmodninger fundet. control.json paused=false/close_all_requested=false. Afstemning: leder 3 lukkede deals tjekket (0 nye opdateringer, alle allerede reflekteret), foelger Rune Copy#1 9 lukkede deals tjekket (0 nye opdateringer, alle allerede reflekteret). Scan af 4000 M15-candles XAUUSD+XAGUSD: ingen nye signaler. Ingen eksekvering. Konto-status logget for begge konti: leder balance/equity 24903.59/24889.92 (1 aaben position), foelger Rune Copy#1 balance/equity 24834.24/24820.57 (1 aaben position).","XAUUSD,XAGUSD",0,ok
2026-09-20 00:48:59.669124+00:00,"Scan 2026-09-20 (leder Rune Main): ingen kill-switch/konto/omdoeb/byt-leder-anmodninger fundet. control.json paused=false/close_all_requested=false. Afstemning: leder 3 lukkede deals tjekket (0 nye opdateringer, alle allerede reflekteret), foelger Rune Copy#1 7 lukkede deals tjekket (0 nye opdateringer, alle allerede reflekteret). Scan af 4000 M15-candles XAUUSD+XAGUSD (marked lukket i weekenden, sidste candle fredag 2026-09-18 22:45 UTC): ingen nye signaler. Ingen eksekvering. Konto-status logget for begge konti: leder balance/equity 24903.59/24889.92 (1 aaben position), foelger Rune Copy#1 balance/equity 24834.24/24820.57 (1 aaben position).","XAUUSD,XAGUSD",0,ok
2026-09-20 01:03:58.265279+00:00,"Scan 2026-09-20 (leder Rune Main): ingen kill-switch/konto/omdoeb/byt-leder-anmodninger fundet. control.json paused=false/close_all_requested=false. Afstemning: leder 4 lukkede deals tjekket (2 nye opdateringer skrevet, resten allerede reflekteret), foelger Rune Copy#1 9 lukkede deals tjekket (1 ny opdatering skrevet, resten allerede reflekteret). Scan af 4000 M15-candles XAUUSD+XAGUSD (marked lukket i weekenden, sidste candle fredag 2026-09-18 22:45 UTC): ingen nye signaler. Ingen eksekvering. Konto-status logget for begge konti: leder balance/equity 24903.59/24889.92 (1 aaben position), foelger Rune Copy#1 balance/equity 24834.24/24820.57 (1 aaben position).","XAUUSD,XAGUSD",0,ok
2026-09-20 01:19:08.917774+00:00,"Scan 2026-09-20 (leder Rune Main): ingen kill-switch/konto/omdoeb/byt-leder-anmodninger fundet. control.json paused=false/close_all_requested=false. Afstemning: leder 3 lukkede deals tjekket (0 nye, alle allerede reflekteret), foelger Rune Copy#1 8 lukkede deals tjekket (0 nye, alle allerede reflekteret). ADVARSEL: XAGUSD position (leder ticket 58535558683 / foelger ticket 58535561192) staar i loggen som LUKKET/breakeven (pnl 0.0), men get_all_positions viser den STADIG AABEN paa begge konti med flydende tab -13.55 -- loggen ser ud til fejlagtigt at have markeret aabningsdeal (profit=0.0) som lukning i en tidligere koersel. Ikke rettet i denne koersel, kun rapporteret. Scan af 4000 M15-candles XAUUSD+XAGUSD (marked lukket i weekenden, sidste candle fredag 2026-09-18 22:45 UTC): ingen nye signaler. Ingen eksekvering. Konto-status logget for begge konti: leder balance/equity 24903.59/24889.92 (1 aaben position), foelger Rune Copy#1 balance/equity 24834.24/24820.57 (1 aaben position).","XAUUSD,XAGUSD",0,warning
2026-09-20 01:34:34.365498+00:00,"Scan 2026-09-20 (leder Rune Main): ingen kill-switch/konto/omdoeb/byt-leder-anmodninger fundet. control.json paused=false/close_all_requested=false. Afstemning: leder 3 lukkede deals tjekket (0 nye opdateringer, alle allerede reflekteret), foelger Rune Copy#1 8 lukkede deals tjekket (0 nye opdateringer, alle allerede reflekteret). ADVARSEL (fortsat fra tidligere): XAGUSD ticket 58535558683 (leder) / 58535561192 (foelger) staar fejlagtigt som LUKKET/breakeven i loggen men er stadig AABEN med flydende tab -13.55 -- rapporteret, ikke rettet. Scan af 4000 M15-candles XAUUSD+XAGUSD (marked lukket i weekenden, sidste candle fredag 2026-09-18 22:45 UTC): ingen nye signaler. Ingen eksekvering. Konto-status logget for begge konti: leder balance/equity 24903.59/24889.92 (1 aaben position), foelger Rune Copy#1 balance/equity 24834.24/24820.57 (1 aaben position).","XAUUSD,XAGUSD",0,warning
2026-09-20 01:49:13.101523+00:00,"Scan 2026-09-20 (leder Rune Main): ingen kill-switch/konto/omdoeb/byt-leder-anmodninger fundet. control.json paused=false/close_all_requested=false. Afstemning: leder 3 lukkede deals tjekket (0 nye opdateringer, alle allerede reflekteret), foelger Rune Copy#1 8 lukkede deals tjekket (0 nye opdateringer, alle allerede reflekteret). ADVARSEL (fortsat fra tidligere): XAGUSD ticket 58535558683 (leder) / 58535561192 (foelger) staar fejlagtigt som LUKKET/breakeven i loggen men er stadig AABEN med flydende tab -13.55 -- rapporteret, ikke rettet. Scan af 4000 M15-candles XAUUSD+XAGUSD (marked lukket i weekenden, sidste candle fredag 2026-09-18 22:45 UTC): ingen nye signaler. Ingen eksekvering. Konto-status logget for begge konti: leder balance/equity 24903.59/24889.92 (1 aaben position), foelger Rune Copy#1 balance/equity 24834.24/24820.57 (1 aaben position).","XAUUSD,XAGUSD",0,warning
2026-09-20 02:03:58.982474+00:00,"Scan 2026-09-20 (leder Rune Main): ingen kill-switch/konto/omdoeb/byt-leder-anmodninger fundet. control.json paused=false/close_all_requested=false. Afstemning: leder 9 lukkede deals tjekket (0 nye opdateringer, alle allerede reflekteret), foelger Rune Copy#1 13 lukkede deals tjekket (0 nye opdateringer, alle allerede reflekteret). ADVARSEL (fortsat fra tidligere): XAGUSD ticket 58535558683 (leder) / 58535561192 (foelger) staar fejlagtigt som LUKKET/breakeven i loggen men er stadig AABEN med flydende tab -13.55 -- rapporteret, ikke rettet. Scan af 4000 M15-candles XAUUSD+XAGUSD (marked lukket i weekenden, sidste candle fredag 2026-09-18 22:45 UTC): ingen nye signaler. Ingen eksekvering. Konto-status logget for begge konti: leder balance/equity 24903.59/24889.92 (1 aaben position), foelger Rune Copy#1 balance/equity 24834.24/24820.57 (1 aaben position).","XAUUSD,XAGUSD",0,warning
2026-09-20 02:18:50.446443+00:00,"Scan 2026-09-20 (leder Rune Main): ingen kill-switch/konto/omdoeb/byt-leder-anmodninger fundet. control.json paused=false/close_all_requested=false. Afstemning: leder 3 lukkede deals tjekket (0 nye opdateringer, alle allerede reflekteret), foelger Rune Copy#1 7 lukkede deals tjekket (0 nye opdateringer, alle allerede reflekteret). ADVARSEL (fortsat fra tidligere): XAGUSD ticket 58535558683 (leder) / 58535561192 (foelger) staar fejlagtigt som LUKKET/breakeven i loggen men er stadig AABEN med flydende tab -13.55 -- rapporteret, ikke rettet. Scan af 4000 M15-candles XAUUSD+XAGUSD (marked lukket i weekenden, sidste candle fredag 2026-09-18 22:45 UTC): ingen nye signaler. Ingen eksekvering. Konto-status logget for begge konti: leder balance/equity 24903.59/24889.92 (1 aaben position), foelger Rune Copy#1 balance/equity 24834.24/24820.57 (1 aaben position).","XAUUSD,XAGUSD",0,ok
2026-09-20 02:34:57.884439+00:00,"Scan 2026-09-20 (leder Rune Main): ingen kill-switch/konto/omdoeb/byt-leder-anmodninger fundet. control.json paused=false/close_all_requested=false. Afstemning: leder 3 lukkede deals tjekket (0 nye opdateringer, alle allerede reflekteret), foelger Rune Copy#1 7 lukkede deals tjekket (0 nye opdateringer, alle allerede reflekteret). ADVARSEL (fortsat fra tidligere): XAGUSD ticket 58535558683 (leder) / 58535561192 (foelger) staar fejlagtigt som LUKKET/breakeven i loggen men er stadig AABEN med flydende tab -13.55 -- rapporteret, ikke rettet. Scan af 4000 M15-candles XAUUSD+XAGUSD (marked lukket i weekenden, sidste candle fredag 2026-09-18 22:45 UTC): ingen nye signaler. Ingen eksekvering. Konto-status logget for begge konti: leder balance/equity 24903.59/24889.92 (1 aaben position), foelger Rune Copy#1 balance/equity 24834.24/24820.57 (1 aaben position).","XAUUSD,XAGUSD",0,warning
2026-09-20 02:48:47.648981+00:00,"Scan 2026-09-20 (leder Rune Main): ingen kill-switch/konto/omdoeb/byt-leder-anmodninger fundet. control.json paused=false/close_all_requested=false. Afstemning: leder 3 lukkede deals tjekket (0 nye opdateringer, alle allerede reflekteret), foelger Rune Copy#1 8 lukkede deals tjekket (0 nye opdateringer, alle allerede reflekteret). ADVARSEL (fortsat fra tidligere): XAGUSD ticket 58535558683 (leder) / 58535561192 (foelger) staar fejlagtigt som LUKKET/breakeven i loggen men er stadig AABEN med flydende tab -13.55 -- rapporteret, ikke rettet. Scan af 4000 M15-candles XAUUSD+XAGUSD (marked lukket i weekenden, sidste candle fredag 2026-09-18 22:45 UTC): ingen nye signaler. Ingen eksekvering. Konto-status logget for begge konti: leder balance/equity 24903.59/24889.92 (1 aaben position), foelger Rune Copy#1 balance/equity 24834.24/24820.57 (1 aaben position).","XAUUSD,XAGUSD",0,warning
2026-09-20 03:03:42.085204+00:00,"Scan 2026-09-20 (leder Rune Main): ingen kill-switch/konto/omdoeb/byt-leder-anmodninger fundet. control.json paused=false/close_all_requested=false. Afstemning: leder 3 lukkede deals tjekket (0 nye opdateringer, alle allerede reflekteret), foelger Rune Copy#1 8 lukkede deals tjekket (0 nye opdateringer, alle allerede reflekteret). ADVARSEL (fortsat fra tidligere): XAGUSD ticket 58535558683 (leder) / 58535561192 (foelger) staar fejlagtigt som LUKKET/breakeven i loggen men er stadig AABEN med flydende tab -13.55 -- rapporteret, ikke rettet. Scan af 4000 M15-candles XAUUSD+XAGUSD (marked lukket i weekenden, sidste candle fredag 2026-09-18 22:45 UTC): ingen nye signaler. Ingen eksekvering. Konto-status logget for begge konti: leder balance/equity 24903.59/24889.92 (1 aaben position), foelger Rune Copy#1 balance/equity 24834.24/24820.57 (1 aaben position).","XAUUSD,XAGUSD",0,warning
2026-09-20 03:17:14.006072+00:00,"Scan 2026-09-20 (leder Rune Main): ingen kill-switch/konto/omdoeb/byt-leder-anmodninger fundet. control.json paused=false/close_all_requested=false. Afstemning: leder 3 lukkede deals tjekket (0 nye opdateringer, alle allerede reflekteret), foelger Rune Copy#1 8 lukkede deals tjekket (0 nye opdateringer, alle allerede reflekteret). ADVARSEL (fortsat fra tidligere): XAGUSD ticket 58535558683 (leder) / 58535561192 (foelger) staar fejlagtigt som LUKKET/breakeven i loggen men er stadig AABEN med flydende tab -13.55 -- rapporteret, ikke rettet. Scan af 4000 M15-candles XAUUSD+XAGUSD (marked lukket i weekenden, sidste candle fredag 2026-09-18 22:45 UTC): ingen nye signaler. Ingen eksekvering. Konto-status logget for begge konti: leder balance/equity 24903.59/24889.92 (1 aaben position), foelger Rune Copy#1 balance/equity 24834.24/24820.57 (1 aaben position).","XAUUSD,XAGUSD",0,warning
2026-09-20 03:32:16.200127+00:00,"Scan 2026-09-20 (leder Rune Main): ingen kill-switch/konto/omdoeb/byt-leder-anmodninger fundet. control.json paused=false/close_all_requested=false. Afstemning: leder 3 lukkede deals tjekket (0 nye opdateringer, alle allerede reflekteret), foelger Rune Copy#1 9 lukkede deals tjekket (0 nye opdateringer, alle allerede reflekteret). ADVARSEL (fortsat fra tidligere): XAGUSD ticket 58535558683 (leder) / 58535561192 (foelger) staar fejlagtigt som LUKKET/breakeven i loggen men er stadig AABEN med flydende tab -13.55 -- rapporteret, ikke rettet. Scan af 4000 M15-candles XAUUSD+XAGUSD: ingen nye signaler. Ingen eksekvering. Konto-status logget for begge konti: leder balance/equity 24903.59/24889.92 (1 aaben position), foelger Rune Copy#1 balance/equity 24834.24/24820.57 (1 aaben position).","XAUUSD,XAGUSD",0,ok
2026-09-20 03:48:20.922775+00:00,"Scan 2026-09-20 (leder Rune Main): ingen kill-switch/konto/omdoeb/byt-leder-anmodninger fundet. control.json paused=false/close_all_requested=false. Afstemning: leder 3 lukkede deals tjekket (0 nye opdateringer, alle allerede reflekteret), foelger Rune Copy#1 9 lukkede deals tjekket (0 nye opdateringer, alle allerede reflekteret). ADVARSEL (fortsat fra tidligere): XAGUSD ticket 58535558683 (leder) / 58535561192 (foelger) staar fejlagtigt som LUKKET/breakeven i loggen men er stadig AABEN med flydende tab -13.55 -- rapporteret, ikke rettet. Scan af 4000 M15-candles XAUUSD+XAGUSD (marked lukket i weekenden, sidste candle fredag 2026-09-18 22:45 UTC): ingen nye signaler. Ingen eksekvering. Konto-status logget for begge konti: leder balance/equity 24903.59/24889.92 (1 aaben position), foelger Rune Copy#1 balance/equity 24834.24/24820.57 (1 aaben position).","XAUUSD,XAGUSD",0,warning
2026-09-20 04:02:21.609579+00:00,"Scan 2026-09-20 (leder Rune Main): ingen kill-switch/konto/omdoeb/byt-leder-anmodninger fundet. control.json paused=false/close_all_requested=false. Afstemning: leder 3 lukkede deals tjekket (0 nye opdateringer, alle allerede reflekteret), foelger Rune Copy#1 8 lukkede deals tjekket (0 nye opdateringer, alle allerede reflekteret). ADVARSEL (fortsat fra tidligere): XAGUSD ticket 58535558683 (leder) / 58535561192 (foelger) staar fejlagtigt som LUKKET/breakeven i loggen men er stadig AABEN med flydende tab -13.55 -- rapporteret, ikke rettet. Scan af 4000 M15-candles XAUUSD+XAGUSD (sidste candle fredag 2026-09-18 22:45 UTC, marked lukket i weekenden): ingen nye signaler. Ingen eksekvering. Konto-status logget for begge konti: leder balance/equity 24903.59/24889.92 (1 aaben position), foelger Rune Copy#1 balance/equity 24834.24/24820.57 (1 aaben position).","XAUUSD,XAGUSD",0,warning
2026-09-20 04:19:15.882070+00:00,"Scan 2026-09-20 (leder Rune Main): ingen kill-switch/konto/omdoeb/byt-leder-anmodninger fundet. control.json paused=false/close_all_requested=false. Afstemning: leder 3 lukkede deals tjekket (0 nye opdateringer, alle allerede reflekteret), foelger Rune Copy#1 8 lukkede deals tjekket (0 nye opdateringer, alle allerede reflekteret). ADVARSEL (fortsat fra tidligere): XAGUSD ticket 58535558683 (leder) / 58535561192 (foelger) staar fejlagtigt som LUKKET/breakeven i loggen men er stadig AABEN med flydende tab -13.55 -- rapporteret, ikke rettet. Scan af 4000 M15-candles XAUUSD+XAGUSD (sidste candle fredag 2026-09-18 22:45 UTC, marked lukket i weekenden): ingen nye signaler. Ingen eksekvering. Konto-status logget for begge konti: leder balance/equity 24903.59/24889.92 (1 aaben position), foelger Rune Copy#1 balance/equity 24834.24/24820.57 (1 aaben position).","XAUUSD,XAGUSD",0,ok
2026-09-20 04:34:02.629320+00:00,"Scan 2026-09-20 (leder Rune Main): ingen kill-switch/konto/omdoeb/byt-leder-anmodninger fundet. control.json paused=false/close_all_requested=false. Afstemning: leder 3 lukkede deals tjekket (0 nye opdateringer, alle allerede reflekteret), foelger Rune Copy#1 8 lukkede deals tjekket (0 nye opdateringer, alle allerede reflekteret). ADVARSEL (fortsat fra tidligere): XAGUSD ticket 58535558683 (leder) / 58535561192 (foelger) staar fejlagtigt som LUKKET/breakeven i loggen men er stadig AABEN med flydende tab -13.55 -- rapporteret, ikke rettet. Scan af 4000 M15-candles XAUUSD+XAGUSD (sidste candle fredag 2026-09-18 22:45 UTC, marked lukket i weekenden): ingen nye signaler. Ingen eksekvering. Konto-status logget for begge konti: leder balance/equity 24903.59/24889.92 (1 aaben position), foelger Rune Copy#1 balance/equity 24834.24/24820.57 (1 aaben position).","XAUUSD,XAGUSD",0,warning
2026-09-20 04:47:58.860567+00:00,"Scan 2026-09-20 (leder Rune Main): ingen kill-switch/konto/omdoeb/byt-leder-anmodninger fundet. control.json paused=false/close_all_requested=false. Afstemning: leder 3 lukkede deals tjekket (0 nye opdateringer, alle allerede reflekteret), foelger Rune Copy#1 8 lukkede deals tjekket (0 nye opdateringer, alle allerede reflekteret). ADVARSEL (fortsat fra tidligere): XAGUSD ticket 58535558683 (leder) / 58535561192 (foelger) staar fejlagtigt som LUKKET/breakeven i loggen men er stadig AABEN med flydende tab -13.55 -- rapporteret, ikke rettet. Scan af 4000 M15-candles XAUUSD+XAGUSD (sidste candle fredag 2026-09-18 22:45 UTC, marked lukket i weekenden): ingen nye signaler. Ingen eksekvering. Konto-status logget for begge konti: leder balance/equity 24903.59/24889.92 (1 aaben position), foelger Rune Copy#1 balance/equity 24834.24/24820.57 (1 aaben position).","XAUUSD,XAGUSD",0,warning
2026-09-20 05:04:15.220203+00:00,"Scan 2026-09-20 (leder Rune Main): ingen kill-switch/konto/omdoeb/byt-leder-anmodninger fundet. control.json paused=false/close_all_requested=false. Afstemning: leder 3 lukkede deals tjekket (0 nye opdateringer, alle allerede reflekteret), foelger Rune Copy#1 8 lukkede deals tjekket (0 nye opdateringer, alle allerede reflekteret). ADVARSEL (fortsat fra tidligere): XAGUSD ticket 58535558683 (leder) / 58535561192 (foelger) staar fejlagtigt som LUKKET/breakeven i loggen men er stadig AABEN med flydende tab -13.55 -- rapporteret, ikke rettet. Scan af 4000 M15-candles XAUUSD+XAGUSD (sidste candle fredag 2026-09-18 22:45 UTC, marked lukket i weekenden): ingen nye signaler. Ingen eksekvering. Konto-status logget for begge konti: leder balance/equity 24903.59/24889.92 (1 aaben position), foelger Rune Copy#1 balance/equity 24834.24/24820.57 (1 aaben position).","XAUUSD,XAGUSD",0,warning
2026-09-20 05:18:19.309152+00:00,"Scan 2026-09-20 (leder Rune Main): ingen kill-switch/konto/omdoeb/byt-leder-anmodninger fundet. control.json paused=false/close_all_requested=false. Afstemning: leder 3 lukkede deals tjekket (0 nye opdateringer, alle allerede reflekteret), foelger Rune Copy#1 8 lukkede deals tjekket (0 nye opdateringer, alle allerede reflekteret). ADVARSEL (fortsat fra tidligere): XAGUSD ticket 58535558683 (leder) / 58535561192 (foelger) staar fejlagtigt som LUKKET/breakeven i loggen men er stadig AABEN med flydende tab -13.55 -- rapporteret, ikke rettet. Scan af 4000 M15-candles XAUUSD+XAGUSD (sidste candle fredag 2026-09-18 22:45 UTC, marked lukket i weekenden): ingen nye signaler. Ingen eksekvering. Konto-status logget for begge konti: leder balance/equity 24903.59/24889.92 (1 aaben position), foelger Rune Copy#1 balance/equity 24834.24/24820.57 (1 aaben position).","XAUUSD,XAGUSD",0,warning
2026-09-20 05:33:05.903543+00:00,"Scan 2026-09-20 (leder Rune Main): ingen kill-switch/konto/omdoeb/byt-leder-anmodninger fundet. control.json paused=false/close_all_requested=false. Afstemning: leder 3 lukkede deals tjekket (0 nye opdateringer, alle allerede reflekteret), foelger Rune Copy#1 8 lukkede deals tjekket (0 nye opdateringer, alle allerede reflekteret). ADVARSEL (fortsat fra tidligere): XAGUSD ticket 58535558683 (leder) / 58535561192 (foelger) staar fejlagtigt som LUKKET/breakeven i loggen men er stadig AABEN med flydende tab -13.55 -- rapporteret, ikke rettet. Scan af 4000 M15-candles XAUUSD+XAGUSD (sidste candle fredag 2026-09-18 22:45 UTC, marked lukket i weekenden): ingen nye signaler. Ingen eksekvering. Konto-status logget for begge konti: leder balance/equity 24903.59/24889.92 (1 aaben position), foelger Rune Copy#1 balance/equity 24834.24/24820.57 (1 aaben position).","XAUUSD,XAGUSD",0,warning
2026-09-20 05:49:02.849844+00:00,"Scan 2026-09-20 (leder Rune Main): ingen kill-switch/konto/omdoeb/byt-leder-anmodninger fundet. control.json paused=false/close_all_requested=false. Afstemning: leder 3 lukkede deals tjekket (0 nye opdateringer, alle allerede reflekteret), foelger Rune Copy#1 8 lukkede deals tjekket (0 nye opdateringer, alle allerede reflekteret). ADVARSEL (fortsat fra tidligere): XAGUSD ticket 58535558683 (leder) / 58535561192 (foelger) staar fejlagtigt som LUKKET/breakeven i loggen men er stadig AABEN med flydende tab -13.55 -- rapporteret, ikke rettet. Scan af 4000 M15-candles XAUUSD+XAGUSD (sidste candle fredag 2026-09-18 22:45 UTC, marked lukket i weekenden): ingen nye signaler. Ingen eksekvering. Konto-status logget for begge konti: leder balance/equity 24903.59/24889.92 (1 aaben position), foelger Rune Copy#1 balance/equity 24834.24/24820.57 (1 aaben position).","XAUUSD,XAGUSD",0,ok
2026-09-20 06:02:37.033047+00:00,"Scan 2026-09-20 (leder Rune Main): ingen kill-switch/konto/omdoeb/byt-leder-anmodninger fundet. control.json paused=false/close_all_requested=false. Afstemning: leder 3 lukkede deals tjekket (0 nye opdateringer, alle allerede reflekteret), foelger Rune Copy#1 8 lukkede deals tjekket (0 nye opdateringer, alle allerede reflekteret). ADVARSEL (fortsat fra tidligere): XAGUSD ticket 58535558683 (leder) / 58535561192 (foelger) staar fejlagtigt som LUKKET/breakeven i loggen men er stadig AABEN med flydende tab -13.55 -- rapporteret, ikke rettet. Scan af 4000 M15-candles XAUUSD+XAGUSD (sidste candle fredag 2026-09-18 22:45 UTC, marked lukket i weekenden): ingen nye signaler. Ingen eksekvering. Konto-status logget for begge konti: leder balance/equity 24903.59/24889.92 (1 aaben position), foelger Rune Copy#1 balance/equity 24834.24/24820.57 (1 aaben position).","XAUUSD,XAGUSD",0,warning
2026-09-20 06:19:25.162626+00:00,"Scan 2026-09-20 (leder Rune Main): ingen kill-switch/konto/omdoeb/byt-leder-anmodninger fundet. control.json paused=false/close_all_requested=false. Afstemning: leder 3 lukkede deals tjekket (0 nye opdateringer, alle allerede reflekteret), foelger Rune Copy#1 8 lukkede deals tjekket (0 nye opdateringer, alle allerede reflekteret). ADVARSEL (fortsat fra tidligere): XAGUSD ticket 58535558683 (leder) / 58535561192 (foelger) staar fejlagtigt som LUKKET/breakeven i loggen men er stadig AABEN med flydende tab -13.55 -- rapporteret, ikke rettet. Scan af 4000 M15-candles XAUUSD+XAGUSD (sidste candle fredag 2026-09-18 22:45 UTC, marked lukket i weekenden): ingen nye signaler. Ingen eksekvering. Konto-status logget for begge konti: leder balance/equity 24903.59/24889.92 (1 aaben position), foelger Rune Copy#1 balance/equity 24834.24/24820.57 (1 aaben position).","XAUUSD,XAGUSD",0,warning
2026-09-20 06:32:34.345737+00:00,"Scan 2026-09-20 (leder Rune Main): ingen kill-switch/konto/omdoeb/byt-leder-anmodninger fundet. control.json paused=false/close_all_requested=false. Afstemning: leder 7 deals tjekket (3 lukkede positioner, 0 nye opdateringer, alle allerede reflekteret), foelger Rune Copy#1 18 deals tjekket (8 lukkede positioner, 0 nye opdateringer, alle allerede reflekteret). ADVARSEL (fortsat fra tidligere): XAGUSD ticket 58535558683 (leder) / 58535561192 (foelger) staar fejlagtigt som LUKKET/breakeven i loggen men er stadig AABEN med flydende tab -13.55 -- rapporteret, ikke rettet. Scan af 4000 M15-candles XAUUSD+XAGUSD (sidste candle fredag 2026-09-18 22:45 UTC, marked lukket i weekenden): ingen nye signaler. Ingen eksekvering. Konto-status logget for begge konti: leder balance/equity 24903.59/24889.92 (1 aaben position), foelger Rune Copy#1 balance/equity 24834.24/24820.57 (1 aaben position).","XAUUSD,XAGUSD",0,warning
2026-09-20 06:47:44.712753+00:00,"Scan 2026-09-20 (leder Rune Main): ingen kill-switch/konto/omdoeb/byt-leder-anmodninger fundet. control.json paused=false/close_all_requested=false. Afstemning: leder 7 deals tjekket (3 lukkede positioner, 0 nye opdateringer, alle allerede reflekteret), foelger Rune Copy#1 18 deals tjekket (8 lukkede positioner, 0 nye opdateringer, alle allerede reflekteret). ADVARSEL (fortsat fra tidligere): XAGUSD ticket 58535558683 (leder) / 58535561192 (foelger) staar fejlagtigt som LUKKET/breakeven i loggen men er stadig AABEN med flydende tab -13.55 -- rapporteret, ikke rettet. Scan af 4000 M15-candles XAUUSD+XAGUSD (sidste candle fredag 2026-09-18 22:45 UTC, marked lukket i weekenden): ingen nye signaler. Ingen eksekvering. Konto-status logget for begge konti: leder balance/equity 24903.59/24889.92 (1 aaben position), foelger Rune Copy#1 balance/equity 24834.24/24820.57 (1 aaben position).","XAUUSD,XAGUSD",0,warning
2026-09-20 07:02:55.233181+00:00,"Scan 2026-09-20 (leder Rune Main): ingen kill-switch/konto/omdoeb/byt-leder-anmodninger fundet. control.json paused=false/close_all_requested=false. Afstemning: leder 7 deals tjekket (3 lukkede positioner, 0 nye opdateringer, alle allerede reflekteret), foelger Rune Copy#1 18 deals tjekket (8 lukkede positioner, 0 nye opdateringer, alle allerede reflekteret). ADVARSEL (fortsat fra tidligere): XAGUSD ticket 58535558683 (leder) / 58535561192 (foelger) staar fejlagtigt som LUKKET/breakeven i loggen men er stadig AABEN med flydende tab -13.55 -- rapporteret, ikke rettet. Scan af 4000 M15-candles XAUUSD+XAGUSD (sidste candle fredag 2026-09-18 22:45 UTC, marked lukket i weekenden): ingen nye signaler. Ingen eksekvering. Konto-status logget for begge konti: leder balance/equity 24903.59/24889.92 (1 aaben position), foelger Rune Copy#1 balance/equity 24834.24/24820.57 (1 aaben position).","XAUUSD,XAGUSD",0,warning
2026-09-20 07:17:24.157780+00:00,"Scan 2026-09-20 (leder Rune Main): ingen kill-switch/konto/omdoeb/byt-leder-anmodninger fundet. control.json paused=false/close_all_requested=false. Afstemning: leder 7 deals tjekket (3 lukkede positioner, 0 nye opdateringer, alle allerede reflekteret), foelger Rune Copy#1 18 deals tjekket (8 lukkede positioner, 0 nye opdateringer, alle allerede reflekteret). ADVARSEL (fortsat fra tidligere): XAGUSD ticket 58535558683 (leder) / 58535561192 (foelger) staar fejlagtigt som LUKKET/breakeven i loggen men er stadig AABEN med flydende tab -13.55 -- rapporteret, ikke rettet. Scan af 4000 M15-candles XAUUSD+XAGUSD (sidste candle fredag 2026-09-18 22:45 UTC, marked lukket i weekenden): ingen nye signaler. Ingen eksekvering. Konto-status logget for begge konti: leder balance/equity 24903.59/24889.92 (1 aaben position), foelger Rune Copy#1 balance/equity 24834.24/24820.57 (1 aaben position).","XAUUSD,XAGUSD",0,ok
2026-09-20 07:33:24.246363+00:00,"Scan 2026-09-20 (leder Rune Main): ingen kill-switch/konto/omdoeb/byt-leder-anmodninger fundet. control.json paused=false/close_all_requested=false. Afstemning: leder 7 deals tjekket (3 lukkede positioner, 0 nye opdateringer, alle allerede reflekteret), foelger Rune Copy#1 18 deals tjekket (8 lukkede positioner, 0 nye opdateringer, alle allerede reflekteret). ADVARSEL (fortsat fra tidligere): XAGUSD ticket 58535558683 (leder) / 58535561192 (foelger) staar fejlagtigt som LUKKET/breakeven i loggen men er stadig AABEN med flydende tab -13.55 -- rapporteret, ikke rettet. Scan af 4000 M15-candles XAUUSD+XAGUSD (sidste candle fredag 2026-09-18 22:45 UTC, marked lukket i weekenden): ingen nye signaler. Ingen eksekvering. Konto-status logget for begge konti: leder balance/equity 24903.59/24889.92 (1 aaben position), foelger Rune Copy#1 balance/equity 24834.24/24820.57 (1 aaben position).","XAUUSD,XAGUSD",0,ok
2026-09-20 07:47:23.801364+00:00,"Scan 2026-09-20 (leder Rune Main): ingen kill-switch/konto/omdoeb/byt-leder-anmodninger fundet. control.json paused=false/close_all_requested=false. Afstemning: leder 3 lukkede positioner tjekket (0 nye opdateringer, alle allerede reflekteret), foelger Rune Copy#1 8 lukkede positioner tjekket (0 nye opdateringer, alle allerede reflekteret). ADVARSEL (fortsat fra tidligere): XAGUSD ticket 58535558683 (leder) / 58535561192 (foelger) staar stadig AABEN med flydende tab -13.55 -- ikke rettet, kraever manuel handling. Scan af 4000 M15-candles XAUUSD+XAGUSD (sidste candle fredag 2026-09-18 22:45 UTC, marked lukket i weekenden): ingen nye signaler. Ingen eksekvering. Konto-status logget for begge konti: leder balance/equity 24903.59/24889.92 (1 aaben position), foelger Rune Copy#1 balance/equity 24834.24/24820.57 (1 aaben position).","XAUUSD,XAGUSD",0,warning
2026-09-20 08:01:43.667906+00:00,"Scan 2026-09-20 (leder Rune Main): ingen kill-switch/konto/omdoeb/byt-leder-anmodninger fundet. control.json paused=false/close_all_requested=false. Afstemning: leder 3 lukkede positioner tjekket (0 nye opdateringer, alle allerede reflekteret), foelger Rune Copy#1 8 lukkede positioner tjekket (0 nye opdateringer, alle allerede reflekteret). ADVARSEL (fortsat fra tidligere): XAGUSD ticket 58535558683 (leder) / 58535561192 (foelger) staar stadig AABEN med flydende tab -13.55 -- ikke rettet, kraever manuel handling. Scan af 4000 M15-candles XAUUSD+XAGUSD (sidste candle fredag 2026-09-18 22:45 UTC, marked lukket i weekenden): ingen nye signaler. Ingen eksekvering. Konto-status logget for begge konti: leder balance/equity 24903.59/24889.92 (1 aaben position), foelger Rune Copy#1 balance/equity 24834.24/24820.57 (1 aaben position).","XAUUSD,XAGUSD",0,warning
2026-09-20 08:17:30.508623+00:00,"Scan 2026-09-20 (leder Rune Main): ingen kill-switch/konto/omdoeb/byt-leder-anmodninger fundet. control.json paused=false/close_all_requested=false. Afstemning: leder 3 lukkede positioner tjekket (0 nye opdateringer, alle allerede reflekteret), foelger Rune Copy#1 8 lukkede positioner tjekket (0 nye opdateringer, alle allerede reflekteret). ADVARSEL (fortsat fra tidligere): XAGUSD ticket 58535558683 (leder) / 58535561192 (foelger) staar stadig AABEN med flydende tab -13.55 -- ikke rettet, kraever manuel handling. Scan af 4000 M15-candles XAUUSD+XAGUSD: ingen nye signaler. Ingen eksekvering. Konto-status logget for begge konti: leder balance/equity 24903.59/24889.92 (1 aaben position), foelger Rune Copy#1 balance/equity 24834.24/24820.57 (1 aaben position).","XAUUSD,XAGUSD",0,warning
2026-09-20 08:33:19.029565+00:00,"Scan 2026-09-20 (leder Rune Main): ingen kill-switch/konto/omdoeb/byt-leder-anmodninger fundet. control.json paused=false/close_all_requested=false. Afstemning: leder 7 deals tjekket (3 lukkede positioner, 0 nye opdateringer, alle allerede reflekteret), foelger Rune Copy#1 18 deals tjekket (8 lukkede positioner, 0 nye opdateringer, alle allerede reflekteret). ADVARSEL (fortsat fra tidligere): XAGUSD ticket 58535558683 (leder) / 58535561192 (foelger) staar stadig AABEN med flydende tab -13.55 -- ikke rettet, kraever manuel handling. Scan af 4000 M15-candles XAUUSD+XAGUSD (sidste candle fredag 2026-09-18 22:45 UTC, marked lukket i weekenden): ingen nye signaler. Ingen eksekvering. Konto-status logget for begge konti: leder balance/equity 24903.59/24889.92 (1 aaben position), foelger Rune Copy#1 balance/equity 24834.24/24820.57 (1 aaben position).","XAUUSD,XAGUSD",0,warning
2026-09-20 08:47:33.679729+00:00,"Scan 2026-09-20 (leder Rune Main): ingen kill-switch/konto/omdoeb/byt-leder-anmodninger fundet. control.json paused=false/close_all_requested=false. Afstemning: leder 3 lukkede positioner tjekket (0 nye opdateringer, alle allerede reflekteret), foelger Rune Copy#1 8 lukkede positioner tjekket (0 nye opdateringer, alle allerede reflekteret). ADVARSEL (fortsat fra tidligere): XAGUSD ticket 58535558683 (leder) / 58535561192 (foelger) staar stadig AABEN med flydende tab -13.55 -- ikke rettet, kraever manuel handling. Scan af 4000 M15-candles XAUUSD+XAGUSD (sidste candle fredag 2026-09-18 22:45 UTC, marked lukket i weekenden): ingen nye signaler. Ingen eksekvering. Konto-status logget for begge konti: leder balance/equity 24903.59/24889.92 (1 aaben position), foelger Rune Copy#1 balance/equity 24834.24/24820.57 (1 aaben position).","XAUUSD,XAGUSD",0,warning
2026-09-20 09:03:11.325583+00:00,"Scan 2026-09-20 (leder Rune Main): ingen kill-switch/konto/omdoeb/byt-leder-anmodninger fundet. control.json paused=false/close_all_requested=false. Afstemning: leder 3 lukkede positioner tjekket (0 nye opdateringer, alle allerede reflekteret), foelger Rune Copy#1 8 lukkede positioner tjekket (0 nye opdateringer, alle allerede reflekteret). ADVARSEL (fortsat fra tidligere): XAGUSD ticket 58535558683 (leder) / 58535561192 (foelger) staar stadig AABEN med flydende tab -13.55 -- ikke rettet, kraever manuel handling. Scan af 4000 M15-candles XAUUSD+XAGUSD (sidste candle fredag 2026-09-18 22:45 UTC, marked lukket i weekenden): ingen nye signaler. Ingen eksekvering. Konto-status logget for begge konti: leder balance/equity 24903.59/24889.92 (1 aaben position), foelger Rune Copy#1 balance/equity 24834.24/24820.57 (1 aaben position).","XAUUSD,XAGUSD",0,warning
2026-09-20 09:17:24.894744+00:00,"Scan 2026-09-20 (leder Rune Main): ingen kill-switch/konto/omdoeb/byt-leder-anmodninger fundet. control.json paused=false/close_all_requested=false. Afstemning: leder 3 lukkede positioner tjekket (0 nye opdateringer, alle allerede reflekteret), foelger Rune Copy#1 8 lukkede positioner tjekket (0 nye opdateringer, alle allerede reflekteret). ADVARSEL (fortsat fra tidligere): XAGUSD ticket 58535558683 (leder) / 58535561192 (foelger) staar stadig AABEN med flydende tab -13.55 -- ikke rettet, kraever manuel handling. Scan af 4000 M15-candles XAUUSD+XAGUSD (sidste candle fredag 2026-09-18 22:45 UTC, marked lukket i weekenden): ingen nye signaler. Ingen eksekvering. Konto-status logget for begge konti: leder balance/equity 24903.59/24889.92 (1 aaben position), foelger Rune Copy#1 balance/equity 24834.24/24820.57 (1 aaben position).","XAUUSD,XAGUSD",0,warning
2026-09-20 09:31:55.674968+00:00,"Scan 2026-09-20 (leder Rune Main): ingen kill-switch/konto/omdoeb/byt-leder-anmodninger fundet. control.json paused=false/close_all_requested=false. Afstemning: leder 3 lukkede positioner tjekket (0 nye opdateringer, alle allerede reflekteret), foelger Rune Copy#1 8 lukkede positioner tjekket (0 nye opdateringer, alle allerede reflekteret). ADVARSEL (fortsat fra tidligere): XAGUSD ticket 58535558683 (leder) / 58535561192 (foelger) staar stadig AABEN med flydende tab -13.55 -- ikke rettet, kraever manuel handling. Scan af 4000 M15-candles XAUUSD+XAGUSD (sidste candle fredag 2026-09-18 22:45 UTC, marked lukket i weekenden): ingen nye signaler. Ingen eksekvering. Konto-status logget for begge konti: leder balance/equity 24903.59/24889.92 (1 aaben position), foelger Rune Copy#1 balance/equity 24834.24/24820.57 (1 aaben position).","XAUUSD,XAGUSD",0,warning
2026-09-20 09:48:20.442162+00:00,"Scan 2026-09-20 (leder Rune Main): ingen kill-switch/konto/omdoeb/byt-leder-anmodninger fundet. control.json paused=false/close_all_requested=false. Afstemning: leder 3 lukkede positioner tjekket (0 nye opdateringer, alle allerede reflekteret), foelger Rune Copy#1 8 lukkede positioner tjekket (0 nye opdateringer, alle allerede reflekteret). ADVARSEL (fortsat fra tidligere): XAGUSD ticket 58535558683 (leder) / 58535561192 (foelger) staar stadig AABEN med flydende tab -13.55 -- ikke rettet, kraever manuel handling. Scan af 4000 M15-candles XAUUSD+XAGUSD (sidste candle fredag 2026-09-18 22:45 UTC, marked lukket i weekenden): ingen nye signaler. Ingen eksekvering. Konto-status logget for begge konti: leder balance/equity 24903.59/24889.92 (1 aaben position), foelger Rune Copy#1 balance/equity 24834.24/24820.57 (1 aaben position).","XAUUSD,XAGUSD",0,warning
2026-09-20 10:03:44.338878+00:00,"Scan 2026-09-20 (leder Rune Main): ingen kill-switch/konto/omdoeb/byt-leder-anmodninger fundet. control.json paused=false/close_all_requested=false. Afstemning: leder 3 lukkede positioner tjekket (0 nye opdateringer, alle allerede reflekteret), foelger Rune Copy#1 8 lukkede positioner tjekket (0 nye opdateringer, alle allerede reflekteret). ADVARSEL (fortsat fra tidligere): XAGUSD ticket 58535558683 (leder) / 58535561192 (foelger) staar stadig AABEN med flydende tab -13.55 -- ikke rettet, kraever manuel handling. Scan af 4000 M15-candles XAUUSD+XAGUSD (sidste candle fredag 2026-09-18 22:45 UTC, marked lukket i weekenden): ingen nye signaler. Ingen eksekvering. Konto-status logget for begge konti: leder balance/equity 24903.59/24889.92 (1 aaben position), foelger Rune Copy#1 balance/equity 24834.24/24820.57 (1 aaben position).","XAUUSD,XAGUSD",0,warning
2026-09-20 10:17:56.294825+00:00,"Scan 2026-09-20 (leder Rune Main): ingen kill-switch/konto/omdoeb/byt-leder-anmodninger fundet. control.json paused=false/close_all_requested=false. Afstemning: leder 3 lukkede positioner tjekket (0 nye opdateringer, alle allerede reflekteret), foelger Rune Copy#1 8 lukkede positioner tjekket (0 nye opdateringer, alle allerede reflekteret). ADVARSEL (fortsat fra tidligere): XAGUSD ticket 58535558683 (leder) / 58535561192 (foelger) staar stadig AABEN med flydende tab -13.55 -- ikke rettet, kraever manuel handling. Scan af 4000 M15-candles XAUUSD+XAGUSD (sidste candle fredag 2026-09-18 22:45 UTC, marked lukket i weekenden): ingen nye signaler. Ingen eksekvering. Konto-status logget for begge konti: leder balance/equity 24903.59/24889.92 (1 aaben position), foelger Rune Copy#1 balance/equity 24834.24/24820.57 (1 aaben position).","XAUUSD,XAGUSD",0,warning
2026-09-20 10:32:50.063465+00:00,"Scan 2026-09-20 (leder Rune Main): ingen kill-switch/konto/omdoeb/byt-leder-anmodninger fundet. control.json paused=false/close_all_requested=false. Afstemning: leder 3 lukkede positioner tjekket (0 nye opdateringer, alle allerede reflekteret), foelger Rune Copy#1 8 lukkede positioner tjekket (0 nye opdateringer, alle allerede reflekteret). ADVARSEL (fortsat fra tidligere): XAGUSD ticket 58535558683 (leder) / 58535561192 (foelger) staar stadig AABEN med flydende tab -13.55 -- ikke rettet, kraever manuel handling. Scan af 4000 M15-candles XAUUSD+XAGUSD (sidste candle fredag 2026-09-18 22:45 UTC, marked lukket i weekenden): ingen nye signaler. Ingen eksekvering. Konto-status logget for begge konti: leder balance/equity 24903.59/24889.92 (1 aaben position), foelger Rune Copy#1 balance/equity 24834.24/24820.57 (1 aaben position).","XAUUSD,XAGUSD",0,warning
2026-09-20 10:48:17.511565+00:00,"Scan 2026-09-20 (leder Rune Main): ingen kill-switch/konto/omdoeb/byt-leder-anmodninger fundet. control.json paused=false/close_all_requested=false. Afstemning: leder 10 lukkede positioner tjekket (0 nye opdateringer, alle allerede reflekteret), foelger Rune Copy#1 13 lukkede positioner tjekket (0 nye opdateringer, alle allerede reflekteret). ADVARSEL (fortsat fra tidligere): XAGUSD ticket 58535558683 (leder) / 58535561192 (foelger) staar stadig AABEN med flydende tab -13.55 -- ikke rettet, kraever manuel handling. Scan af 4000 M15-candles XAUUSD+XAGUSD (sidste candle fredag 2026-09-18 22:45 UTC, marked lukket i weekenden): ingen nye signaler. Ingen eksekvering. Konto-status logget for begge konti: leder balance/equity 24903.59/24889.92 (1 aaben position), foelger Rune Copy#1 balance/equity 24834.24/24820.57 (1 aaben position).","XAUUSD,XAGUSD",0,warning
2026-09-20 11:03:32.668033+00:00,"Scan 2026-09-20 (leder Rune Main): ingen kill-switch/konto/omdoeb/byt-leder-anmodninger fundet. control.json paused=false/close_all_requested=false. Afstemning: leder 3 lukkede positioner tjekket (0 nye opdateringer, alle allerede reflekteret), foelger Rune Copy#1 8 lukkede positioner tjekket (0 nye opdateringer, alle allerede reflekteret). ADVARSEL (fortsat fra tidligere): XAGUSD ticket 58535558683 (leder) / 58535561192 (foelger) staar stadig AABEN med flydende tab -13.55 -- ikke rettet, kraever manuel handling. Scan af 4000 M15-candles XAUUSD+XAGUSD (sidste candle fredag 2026-09-18 22:45 UTC, marked lukket i weekenden): ingen nye signaler. Ingen eksekvering. Konto-status logget for begge konti: leder balance/equity 24903.59/24889.92 (1 aaben position), foelger Rune Copy#1 balance/equity 24834.24/24820.57 (1 aaben position).","XAUUSD,XAGUSD",0,warning
2026-09-20 11:17:55.077546+00:00,"Scan 2026-09-20 (leder Rune Main): ingen kill-switch/konto/omdoeb/byt-leder-anmodninger fundet. control.json paused=false/close_all_requested=false. Afstemning: leder 3 lukkede deals tjekket (0 nye opdateringer, alle allerede reflekteret), foelger Rune Copy#1 7 lukkede deals tjekket (0 nye opdateringer, alle allerede reflekteret). ADVARSEL (fortsat fra tidligere): XAGUSD ticket 58535558683 (leder) / 58535561192 (foelger) staar stadig AABEN med flydende tab -13.55 -- ikke rettet, kraever manuel handling. Scan af 4000 M15-candles XAUUSD+XAGUSD (sidste candle fredag 2026-09-18 22:45 UTC, marked lukket i weekenden): ingen nye signaler. Ingen eksekvering. Konto-status logget for begge konti: leder balance/equity 24903.59/24889.92 (1 aaben position), foelger Rune Copy#1 balance/equity 24834.24/24820.57 (1 aaben position).","XAUUSD,XAGUSD",0,warning
2026-09-20 11:33:24.625688+00:00,"Scan 2026-09-20 (leder Rune Main): ingen konto/omdoeb/byt-leder-anmodninger fundet. control.json paused=false/close_all_requested=false. Afstemning: leder 3 lukkede deals tjekket (0 nye opdateringer, alle allerede reflekteret), foelger Rune Copy#1 8 lukkede deals tjekket (0 nye opdateringer, alle allerede reflekteret). ADVARSEL (fortsat fra tidligere): XAGUSD ticket 58535558683 (leder) / 58535561192 (foelger) staar stadig AABEN med flydende tab -13.55 -- ikke rettet, kraever manuel handling. Scan af 4000 M15-candles XAUUSD+XAGUSD (sidste candle fredag 2026-09-18 22:45 UTC, marked lukket i weekenden): ingen nye signaler. Ingen eksekvering. Konto-status logget for begge konti: leder balance/equity 24903.59/24889.92 (1 aaben position), foelger Rune Copy#1 balance/equity 24834.24/24820.57 (1 aaben position).","XAUUSD,XAGUSD",0,ok
2026-09-20 11:47:33.718146+00:00,"Scan 2026-09-20 (leder Rune Main): ingen konto/omdoeb/byt-leder-anmodninger fundet. control.json paused=false/close_all_requested=false. Afstemning: leder 7 lukkede deals tjekket (0 nye opdateringer, alle allerede reflekteret), foelger Rune Copy#1 18 lukkede deals tjekket (0 nye opdateringer, alle allerede reflekteret). ADVARSEL (fortsat fra tidligere): XAGUSD ticket 58535558683 (leder) / 58535561192 (foelger) staar stadig AABEN med flydende tab -13.55 -- ikke rettet, kraever manuel handling. Scan af 4000 M15-candles XAUUSD+XAGUSD (sidste candle fredag 2026-09-18 22:45 UTC, marked lukket i weekenden): ingen nye signaler. Ingen eksekvering. Konto-status logget for begge konti: leder balance/equity 24903.59/24889.92 (1 aaben position), foelger Rune Copy#1 balance/equity 24834.24/24820.57 (1 aaben position).","XAUUSD,XAGUSD",0,warning
2026-09-20 12:02:44.194613+00:00,"Scan 2026-09-20 (leder Rune Main): ingen konto/omdoeb/byt-leder-anmodninger fundet. control.json paused=false/close_all_requested=false. Afstemning: leder 3 lukkede deals tjekket (0 nye opdateringer, alle allerede reflekteret), foelger Rune Copy#1 8 lukkede deals tjekket (0 nye opdateringer, alle allerede reflekteret). ADVARSEL (fortsat fra tidligere): XAGUSD ticket 58535558683 (leder) / 58535561192 (foelger) staar stadig AABEN med flydende tab -13.55 -- ikke rettet, kraever manuel handling. Scan af 4000 M15-candles XAUUSD+XAGUSD (sidste candle fredag 2026-09-18 22:45 UTC, marked lukket i weekenden): ingen nye signaler. Ingen eksekvering. Konto-status logget for begge konti: leder balance/equity 24903.59/24889.92 (1 aaben position), foelger Rune Copy#1 balance/equity 24834.24/24820.57 (1 aaben position).","XAUUSD,XAGUSD",0,warning
2026-09-20 12:17:07.875863+00:00,"Scan 2026-09-20 (leder Rune Main): ingen konto/omdoeb/byt-leder-anmodninger fundet. control.json paused=false/close_all_requested=false. Afstemning: leder 3 lukkede deals tjekket (0 nye opdateringer, alle allerede reflekteret), foelger Rune Copy#1 8 lukkede deals tjekket (0 nye opdateringer, alle allerede reflekteret). ADVARSEL (fortsat fra tidligere): XAGUSD ticket 58535558683 (leder) / 58535561192 (foelger) staar stadig AABEN med flydende tab -13.55 -- ikke rettet, kraever manuel handling. Scan af 4000 M15-candles XAUUSD+XAGUSD (sidste candle fredag 2026-09-18 22:45 UTC, marked lukket i weekenden): ingen nye signaler. Ingen eksekvering. Konto-status logget for begge konti: leder balance/equity 24903.59/24889.92 (1 aaben position), foelger Rune Copy#1 balance/equity 24834.24/24820.57 (1 aaben position).","XAUUSD,XAGUSD",0,warning
2026-09-20 12:32:20.558051+00:00,"Scan 2026-09-20 (leder Rune Main): ingen konto/omdoeb/byt-leder-anmodninger fundet. control.json paused=false/close_all_requested=false. Afstemning: leder 3 lukkede deals tjekket (0 nye opdateringer, alle allerede reflekteret), foelger Rune Copy#1 8 lukkede deals tjekket (0 nye opdateringer, alle allerede reflekteret). ADVARSEL (fortsat fra tidligere): XAGUSD ticket 58535558683 (leder) / 58535561192 (foelger) staar stadig AABEN med flydende tab -13.55 -- ikke rettet, kraever manuel handling. Scan af 4000 M15-candles XAUUSD+XAGUSD (sidste candle fredag 2026-09-18 22:45 UTC, marked lukket i weekenden): ingen nye signaler. Ingen eksekvering. Konto-status logget for begge konti: leder balance/equity 24903.59/24889.92 (1 aaben position), foelger Rune Copy#1 balance/equity 24834.24/24820.57 (1 aaben position).","XAUUSD,XAGUSD",0,warning
2026-09-20 12:48:10.813793+00:00,"Scan 2026-09-20 (leder Rune Main): ingen konto/omdoeb/byt-leder-anmodninger fundet. control.json paused=false/close_all_requested=false. Afstemning: leder 7 lukkede deals tjekket (0 nye opdateringer, alle allerede reflekteret), foelger Rune Copy#1 18 lukkede deals tjekket (0 nye opdateringer, alle allerede reflekteret). ADVARSEL (fortsat fra tidligere): XAGUSD ticket 58535558683 (leder) / 58535561192 (foelger) staar stadig AABEN med flydende tab -13.55 -- ikke rettet, kraever manuel handling. Scan af 4000 M15-candles XAUUSD+XAGUSD (sidste candle fredag 2026-09-18 22:45 UTC, marked lukket i weekenden): ingen nye signaler. Ingen eksekvering. Konto-status logget for begge konti: leder balance/equity 24903.59/24889.92 (1 aaben position), foelger Rune Copy#1 balance/equity 24834.24/24820.57 (1 aaben position).","XAUUSD,XAGUSD",0,warning
2026-09-20 13:03:21.069082+00:00,"Scan 2026-09-20 (leder Rune Main): ingen konto/omdoeb/byt-leder-anmodninger fundet. control.json paused=false/close_all_requested=false. Afstemning: leder 3 lukkede deals tjekket (0 nye opdateringer, alle allerede reflekteret), foelger Rune Copy#1 8 lukkede deals tjekket (0 nye opdateringer, alle allerede reflekteret). ADVARSEL (fortsat fra tidligere): XAGUSD ticket 58535558683 (leder) / 58535561192 (foelger) staar stadig AABEN med flydende tab -13.55 -- ikke rettet, kraever manuel handling. Scan af 4000 M15-candles XAUUSD+XAGUSD (sidste candle fredag 2026-09-18 22:45 UTC, marked lukket i weekenden): ingen nye signaler. Ingen eksekvering. Konto-status logget for begge konti: leder balance/equity 24903.59/24889.92 (1 aaben position), foelger Rune Copy#1 balance/equity 24834.24/24820.57 (1 aaben position).","XAUUSD,XAGUSD",0,warning
2026-09-20 13:18:05.934118+00:00,"Scan 2026-09-20 (leder Rune Main): ingen konto/omdoeb/byt-leder-anmodninger fundet. control.json paused=false/close_all_requested=false. Afstemning: leder 3 lukkede deals tjekket (0 nye opdateringer, alle allerede reflekteret), foelger Rune Copy#1 8 lukkede deals tjekket (0 nye opdateringer, alle allerede reflekteret). ADVARSEL (fortsat fra tidligere): XAGUSD ticket 58535558683 (leder) / 58535561192 (foelger) staar stadig AABEN med flydende tab -13.55 -- ikke rettet, kraever manuel handling. Scan af 4000 M15-candles XAUUSD+XAGUSD (sidste candle fredag 2026-09-18 22:45 UTC, marked lukket i weekenden): ingen nye signaler. Ingen eksekvering. Konto-status logget for begge konti: leder balance/equity 24903.59/24889.92 (1 aaben position), foelger Rune Copy#1 balance/equity 24834.24/24820.57 (1 aaben position).","XAUUSD,XAGUSD",0,warning
2026-09-20 13:32:43.490488+00:00,"Scan 2026-09-20 (leder Rune Main): ingen konto/omdoeb/byt-leder-anmodninger fundet. control.json paused=false/close_all_requested=false. Afstemning: leder 7 lukkede deals tjekket (0 nye opdateringer, alle allerede reflekteret), foelger Rune Copy#1 18 lukkede deals tjekket (0 nye opdateringer, alle allerede reflekteret). ADVARSEL (fortsat fra tidligere): XAGUSD ticket 58535558683 (leder) / 58535561192 (foelger) staar stadig AABEN med flydende tab -13.55 -- ikke rettet, kraever manuel handling. Scan af 4000 M15-candles XAUUSD+XAGUSD (sidste candle fredag 2026-09-18 22:45 UTC, marked lukket i weekenden): ingen nye signaler. Ingen eksekvering. Konto-status logget for begge konti: leder balance/equity 24903.59/24889.92 (1 aaben position), foelger Rune Copy#1 balance/equity 24834.24/24820.57 (1 aaben position).","XAUUSD,XAGUSD",0,warning
2026-09-20 13:48:00.603000+00:00,"Scan 2026-09-20 (leder Rune Main): ingen konto/omdoeb/byt-leder-anmodninger fundet. control.json paused=false/close_all_requested=false. Afstemning: leder 7 lukkede deals tjekket (0 nye opdateringer, alle allerede reflekteret), foelger Rune Copy#1 18 lukkede deals tjekket (0 nye opdateringer, alle allerede reflekteret). ADVARSEL (fortsat fra tidligere): XAGUSD ticket 58535558683 (leder) / 58535561192 (foelger) staar stadig AABEN med flydende tab -13.55 -- ikke rettet, kraever manuel handling. Scan af 4000 M15-candles XAUUSD+XAGUSD (sidste candle fredag 2026-09-18 22:45 UTC, marked lukket i weekenden): ingen nye signaler. Ingen eksekvering. Konto-status logget for begge konti: leder balance/equity 24903.59/24889.92 (1 aaben position), foelger Rune Copy#1 balance/equity 24834.24/24820.57 (1 aaben position).","XAUUSD,XAGUSD",0,warning
2026-09-20 14:01:58.507866+00:00,"Scan 2026-09-20 (leder Rune Main): ingen konto/omdoeb/byt-leder-anmodninger fundet. control.json paused=false/close_all_requested=false. Afstemning: leder 7 lukkede deals tjekket (0 nye opdateringer, alle allerede reflekteret), foelger Rune Copy#1 18 lukkede deals tjekket (0 nye opdateringer, alle allerede reflekteret). ADVARSEL (fortsat fra tidligere): XAGUSD ticket 58535558683 (leder) / 58535561192 (foelger) staar stadig AABEN med flydende tab -13.55 -- ikke rettet, kraever manuel handling. Scan af 4000 M15-candles XAUUSD+XAGUSD (sidste candle fredag 2026-09-18 22:45 UTC, marked lukket i weekenden): ingen nye signaler. Ingen eksekvering. Konto-status logget for begge konti: leder balance/equity 24903.59/24889.92 (1 aaben position), foelger Rune Copy#1 balance/equity 24834.24/24820.57 (1 aaben position).","XAUUSD,XAGUSD",0,warning
2026-09-20 14:18:43.130969+00:00,"Scan 2026-09-20 (leder Rune Main): ingen konto/omdoeb/byt-leder-anmodninger fundet. control.json paused=false/close_all_requested=false. Afstemning: leder 3 lukkede deals tjekket (0 nye opdateringer, alle allerede reflekteret), foelger Rune Copy#1 8 lukkede deals tjekket (0 nye opdateringer, alle allerede reflekteret). ADVARSEL (fortsat fra tidligere): XAGUSD ticket 58535558683 (leder) / 58535561192 (foelger) staar stadig AABEN med flydende tab -13.55 -- ikke rettet, kraever manuel handling. Scan af 4000 M15-candles XAUUSD+XAGUSD (sidste candle fredag 2026-09-18 22:45 UTC, marked lukket i weekenden): ingen nye signaler. Ingen eksekvering. Konto-status logget for begge konti: leder balance/equity 24903.59/24889.92 (1 aaben position), foelger Rune Copy#1 balance/equity 24834.24/24820.57 (1 aaben position).","XAUUSD,XAGUSD",0,warning
2026-09-20 14:32:52.958610+00:00,"Scan 2026-09-20 (leder Rune Main): ingen konto/omdoeb/byt-leder-anmodninger fundet. control.json paused=false/close_all_requested=false. Afstemning: leder 3 lukkede deals tjekket (0 nye opdateringer, alle allerede reflekteret), foelger Rune Copy#1 9 lukkede deals tjekket (0 nye opdateringer, alle allerede reflekteret). ADVARSEL (fortsat fra tidligere): XAGUSD ticket 58535558683 (leder) / 58535561192 (foelger) staar stadig AABEN med flydende tab -13.55 -- ikke rettet, kraever manuel handling. Scan af 4000 M15-candles XAUUSD+XAGUSD (sidste candle fredag 2026-09-18 22:45 UTC, marked lukket i weekenden): ingen nye signaler. Ingen eksekvering. Konto-status logget for begge konti: leder balance/equity 24903.59/24889.92 (1 aaben position), foelger Rune Copy#1 balance/equity 24834.24/24820.57 (1 aaben position).","XAUUSD,XAGUSD",0,warning
2026-09-20 14:47:34.879652+00:00,"Scan 2026-09-20 (leder Rune Main): ingen konto/omdoeb/byt-leder-anmodninger fundet. control.json paused=false/close_all_requested=false. Afstemning: leder 7 lukkede deals tjekket (0 nye opdateringer, alle allerede reflekteret), foelger Rune Copy#1 18 lukkede deals tjekket (0 nye opdateringer, alle allerede reflekteret). ADVARSEL (fortsat fra tidligere): XAGUSD ticket 58535558683 (leder) / 58535561192 (foelger) staar stadig AABEN med flydende tab -13.55 -- ikke rettet, kraever manuel handling. Scan af 4000 M15-candles XAUUSD+XAGUSD (sidste candle fredag 2026-09-18 22:45 UTC, marked lukket i weekenden): ingen nye signaler. Ingen eksekvering. Konto-status logget for begge konti: leder balance/equity 24903.59/24889.92 (1 aaben position), foelger Rune Copy#1 balance/equity 24834.24/24820.57 (1 aaben position).","XAUUSD,XAGUSD",0,warning
2026-09-20 15:02:38.563866+00:00,"Scan 2026-09-20 (leder Rune Main): ingen konto/omdoeb/byt-leder-anmodninger fundet. control.json paused=false/close_all_requested=false. Afstemning: leder 3 lukkede deals tjekket (0 nye opdateringer, alle allerede reflekteret), foelger Rune Copy#1 8 lukkede deals tjekket (0 nye opdateringer, alle allerede reflekteret). ADVARSEL (fortsat fra tidligere): XAGUSD ticket 58535558683 (leder) / 58535561192 (foelger) staar stadig AABEN med flydende tab -13.55 -- ikke rettet, kraever manuel handling. Scan af 4000 M15-candles XAUUSD+XAGUSD: ingen nye signaler. Ingen eksekvering. Konto-status logget for begge konti: leder balance/equity 24903.59/24889.92 (1 aaben position), foelger Rune Copy#1 balance/equity 24834.24/24820.57 (1 aaben position).","XAUUSD,XAGUSD",0,warning
2026-09-20 15:18:26.844909+00:00,"Scan 2026-09-20 (leder Rune Main): ingen konto/omdoeb/byt-leder-anmodninger fundet. control.json paused=false/close_all_requested=false. Afstemning: leder 3 lukkede deals tjekket (0 nye opdateringer, alle allerede reflekteret), foelger Rune Copy#1 8 lukkede deals tjekket (0 nye opdateringer, alle allerede reflekteret). ADVARSEL (fortsat fra tidligere): XAGUSD ticket 58535558683 (leder) / 58535561192 (foelger) staar stadig AABEN med flydende tab -13.55 -- ikke rettet, kraever manuel handling. Scan af 4000 M15-candles XAUUSD+XAGUSD (sidste candle fredag 2026-09-18 22:45 UTC, marked lukket i weekenden): ingen nye signaler. Ingen eksekvering. Konto-status logget for begge konti: leder balance/equity 24903.59/24889.92 (1 aaben position), foelger Rune Copy#1 balance/equity 24834.24/24820.57 (1 aaben position).","XAUUSD,XAGUSD",0,warning
2026-09-20 15:32:58.859360+00:00,"Scan 2026-09-20 (leder Rune Main): ingen konto/omdoeb/byt-leder-anmodninger fundet. control.json paused=false/close_all_requested=false. Afstemning: leder 7 lukkede deals tjekket (0 nye opdateringer, alle allerede reflekteret), foelger Rune Copy#1 18 lukkede deals tjekket (0 nye opdateringer, alle allerede reflekteret). ADVARSEL (fortsat fra tidligere): XAGUSD ticket 58535558683 (leder) / 58535561192 (foelger) staar stadig AABEN med flydende tab -13.55 -- ikke rettet, kraever manuel handling. Scan af 4000 M15-candles XAUUSD+XAGUSD (sidste candle fredag 2026-09-18 22:45 UTC, marked lukket i weekenden): ingen nye signaler. Ingen eksekvering. Konto-status logget for begge konti: leder balance/equity 24903.59/24889.92 (1 aaben position), foelger Rune Copy#1 balance/equity 24834.24/24820.57 (1 aaben position).","XAUUSD,XAGUSD",0,warning
2026-09-20 15:49:36.854198+00:00,"Scan 2026-09-20 (leder Rune Main): ingen konto/omdoeb/byt-leder-anmodninger fundet. control.json paused=false/close_all_requested=false. Afstemning: leder 3 lukkede deals tjekket (0 nye opdateringer, alle allerede reflekteret), foelger Rune Copy#1 8 lukkede deals tjekket (0 nye opdateringer, alle allerede reflekteret). ADVARSEL (fortsat fra tidligere): XAGUSD ticket 58535558683 (leder) / 58535561192 (foelger) staar stadig AABEN med flydende tab -13.55 -- ikke rettet, kraever manuel handling. Scan af 4000 M15-candles XAUUSD+XAGUSD (sidste candle fredag 2026-09-18 22:45 UTC, marked lukket i weekenden): ingen nye signaler. Ingen eksekvering. Konto-status logget for begge konti: leder balance/equity 24903.59/24889.92 (1 aaben position), foelger Rune Copy#1 balance/equity 24834.24/24820.57 (1 aaben position).","XAUUSD,XAGUSD",0,warning
2026-09-20 16:04:11.671623+00:00,"Scan 2026-09-20 (leder Rune Main): ingen konto/omdoeb/byt-leder-anmodninger fundet. control.json paused=false/close_all_requested=false. Afstemning: leder 3 lukkede deals tjekket (0 nye opdateringer, alle allerede reflekteret), foelger Rune Copy#1 8 lukkede deals tjekket (0 nye opdateringer, alle allerede reflekteret). ADVARSEL (fortsat fra tidligere): XAGUSD ticket 58535558683 (leder) / 58535561192 (foelger) staar stadig AABEN med flydende tab -13.55 -- ikke rettet, kraever manuel handling. Scan af 4000 M15-candles XAUUSD+XAGUSD (sidste candle fredag 2026-09-18 22:45 UTC, marked lukket i weekenden): ingen nye signaler. Ingen eksekvering. Konto-status logget for begge konti: leder balance/equity 24903.59/24889.92 (1 aaben position), foelger Rune Copy#1 balance/equity 24834.24/24820.57 (1 aaben position).","XAUUSD,XAGUSD",0,warning
2026-09-20 16:18:13.923036+00:00,"Scan 2026-09-20 (leder Rune Main): ingen konto/omdoeb/byt-leder-anmodninger fundet. control.json paused=false/close_all_requested=false. Afstemning: leder 3 lukkede deals tjekket (0 nye opdateringer, alle allerede reflekteret), foelger Rune Copy#1 8 lukkede deals tjekket (0 nye opdateringer, alle allerede reflekteret). ADVARSEL (fortsat fra tidligere): XAGUSD ticket 58535558683 (leder) / 58535561192 (foelger) staar stadig AABEN med flydende tab -13.55 -- ikke rettet, kraever manuel handling. Scan af 4000 M15-candles XAUUSD+XAGUSD (sidste candle fredag 2026-09-18 22:45 UTC, marked lukket i weekenden): ingen nye signaler. Ingen eksekvering. Konto-status logget for begge konti: leder balance/equity 24903.59/24889.92 (1 aaben position), foelger Rune Copy#1 balance/equity 24834.24/24820.57 (1 aaben position).","XAUUSD,XAGUSD",0,warning
2026-09-20 16:32:02.426352+00:00,"Scan 2026-09-20 (leder Rune Main): ingen konto/omdoeb/byt-leder-anmodninger fundet. control.json paused=false/close_all_requested=false. Afstemning: leder 3 lukkede deals tjekket (0 nye opdateringer, alle allerede reflekteret), foelger Rune Copy#1 8 lukkede deals tjekket (0 nye opdateringer, alle allerede reflekteret). ADVARSEL (fortsat fra tidligere): XAGUSD ticket 58535558683 (leder) / 58535561192 (foelger) staar stadig AABEN med flydende tab -13.55 -- ikke rettet, kraever manuel handling. Scan af 4000 M15-candles XAUUSD+XAGUSD (sidste candle fredag 2026-09-18 22:45 UTC, marked lukket i weekenden): ingen nye signaler. Ingen eksekvering. Konto-status logget for begge konti: leder balance/equity 24903.59/24889.92 (1 aaben position), foelger Rune Copy#1 balance/equity 24834.24/24820.57 (1 aaben position).","XAUUSD,XAGUSD",0,warning
2026-09-20 16:47:20.671405+00:00,"Scan 2026-09-20 (leder Rune Main): ingen konto/omdoeb/byt-leder-anmodninger fundet. control.json paused=false/close_all_requested=false. Afstemning: leder 3 lukkede deals tjekket (0 nye opdateringer, alle allerede reflekteret), foelger Rune Copy#1 8 lukkede deals tjekket (0 nye opdateringer, alle allerede reflekteret). ADVARSEL (fortsat fra tidligere): XAGUSD ticket 58535558683 (leder) / 58535561192 (foelger) staar stadig AABEN med flydende tab -13.55 -- ikke rettet, kraever manuel handling. Scan af 4000 M15-candles XAUUSD+XAGUSD (sidste candle fredag 2026-09-18 22:45 UTC, marked lukket i weekenden): ingen nye signaler. Ingen eksekvering. Konto-status logget for begge konti: leder balance/equity 24903.59/24889.92 (1 aaben position), foelger Rune Copy#1 balance/equity 24834.24/24820.57 (1 aaben position).","XAUUSD,XAGUSD",0,warning
2026-09-20 17:03:14.867006+00:00,"Scan 2026-09-20 (leder Rune Main): ingen konto/omdoeb/byt-leder-anmodninger fundet. control.json paused=false/close_all_requested=false. Afstemning: leder 3 lukkede deals tjekket (0 nye opdateringer, alle allerede reflekteret), foelger Rune Copy#1 8 lukkede deals tjekket (0 nye opdateringer, alle allerede reflekteret). ADVARSEL (fortsat fra tidligere): XAGUSD ticket 58535558683 (leder) / 58535561192 (foelger) staar stadig AABEN med flydende tab -13.55 -- ikke rettet, kraever manuel handling. Scan af 4000 M15-candles XAUUSD+XAGUSD (sidste candle fredag 2026-09-18 22:45 UTC, marked lukket i weekenden): ingen nye signaler. Ingen eksekvering. Konto-status logget for begge konti: leder balance/equity 24903.59/24889.92 (1 aaben position), foelger Rune Copy#1 balance/equity 24834.24/24820.57 (1 aaben position).","XAUUSD,XAGUSD",0,warning
2026-09-20 17:17:11.771513+00:00,"Scan 2026-09-20 (leder Rune Main): ingen konto/omdoeb/byt-leder-anmodninger fundet. control.json paused=false/close_all_requested=false. Afstemning: leder 3 lukkede deals tjekket (0 nye opdateringer, alle allerede reflekteret), foelger Rune Copy#1 8 lukkede deals tjekket (0 nye opdateringer, alle allerede reflekteret). ADVARSEL (fortsat fra tidligere): XAGUSD ticket 58535558683 (leder) / 58535561192 (foelger) staar stadig AABEN med flydende tab -13.55 -- ikke rettet, kraever manuel handling. Scan af 4000 M15-candles XAUUSD+XAGUSD (sidste candle fredag 2026-09-18 22:45 UTC, marked lukket i weekenden): ingen nye signaler. Ingen eksekvering. Konto-status logget for begge konti: leder balance/equity 24903.59/24889.92 (1 aaben position), foelger Rune Copy#1 balance/equity 24834.24/24820.57 (1 aaben position).","XAUUSD,XAGUSD",0,warning
2026-09-20 17:33:22.855735+00:00,"Scan 2026-09-20 (leder Rune Main): ingen konto/omdoeb/byt-leder-anmodninger fundet. control.json paused=false/close_all_requested=false. Afstemning: leder 3 lukkede deals tjekket (0 nye opdateringer, alle allerede reflekteret), foelger Rune Copy#1 8 lukkede deals tjekket (0 nye opdateringer, alle allerede reflekteret). ADVARSEL (fortsat fra tidligere): XAGUSD ticket 58535558683 (leder) / 58535561192 (foelger) staar stadig AABEN med flydende tab -13.55 -- ikke rettet, kraever manuel handling. Scan af 4000 M15-candles XAUUSD+XAGUSD (sidste candle soendag 2026-09-18 22:45 UTC, marked stadig lukket i weekenden): ingen nye signaler. Ingen eksekvering. Konto-status logget for begge konti: leder balance/equity 24903.59/24889.92 (1 aaben position), foelger Rune Copy#1 balance/equity 24834.24/24820.57 (1 aaben position).","XAUUSD,XAGUSD",0,warning
2026-09-20 17:48:03.914933+00:00,"Scan 2026-09-20 (leder Rune Main): ingen konto/omdoeb/byt-leder-anmodninger fundet. control.json paused=false/close_all_requested=false. Afstemning: leder 3 lukkede deals tjekket (0 nye opdateringer, alle allerede reflekteret), foelger Rune Copy#1 8 lukkede deals tjekket (0 nye opdateringer, alle allerede reflekteret). ADVARSEL (fortsat fra tidligere): XAGUSD ticket 58535558683 (leder) / 58535561192 (foelger) staar stadig AABEN med flydende tab -13.55 -- ikke rettet, kraever manuel handling. Scan af 4000 M15-candles XAUUSD+XAGUSD (sidste candle fredag 2026-09-18 22:45 UTC, marked lukket i weekenden): ingen nye signaler. Ingen eksekvering. Konto-status logget for begge konti: leder balance/equity 24903.59/24889.92 (1 aaben position), foelger Rune Copy#1 balance/equity 24834.24/24820.57 (1 aaben position).","XAUUSD,XAGUSD",0,warning
2026-09-20 18:02:22.713363+00:00,"Scan 2026-09-20 (leder Rune Main): ingen konto/omdoeb/byt-leder-anmodninger fundet. control.json paused=false/close_all_requested=false. Afstemning: leder 3 lukkede deals tjekket (0 nye opdateringer, alle allerede reflekteret), foelger Rune Copy#1 8 lukkede deals tjekket (0 nye opdateringer, alle allerede reflekteret). ADVARSEL (fortsat fra tidligere): XAGUSD ticket 58535558683 (leder) / 58535561192 (foelger) staar stadig AABEN med flydende tab -13.55 -- ikke rettet, kraever manuel handling. Scan af 4000 M15-candles XAUUSD+XAGUSD (sidste candle fredag 2026-09-18 22:45 UTC, marked lukket i weekenden): ingen nye signaler. Ingen eksekvering. Konto-status logget for begge konti: leder balance/equity 24903.59/24889.92 (1 aaben position), foelger Rune Copy#1 balance/equity 24834.24/24820.57 (1 aaben position).","XAUUSD,XAGUSD",0,warning
2026-09-20 18:17:37.091560+00:00,"Scan 2026-09-20 (leder Rune Main): ingen konto/omdoeb/byt-leder-anmodninger fundet. control.json paused=false/close_all_requested=false. Afstemning: leder 3 lukkede deals tjekket (0 nye opdateringer, alle allerede reflekteret), foelger Rune Copy#1 9 lukkede deals tjekket (0 nye opdateringer, alle allerede reflekteret). ADVARSEL (fortsat fra tidligere): XAGUSD ticket 58535558683 (leder) / 58535561192 (foelger) staar stadig AABEN med flydende tab -13.55 -- ikke rettet, kraever manuel handling. Scan af 4000 M15-candles XAUUSD+XAGUSD (sidste candle fredag 2026-09-18 22:45 UTC, marked lukket i weekenden): ingen nye signaler. Ingen eksekvering. Konto-status logget for begge konti: leder balance/equity 24903.59/24889.92 (1 aaben position), foelger Rune Copy#1 balance/equity 24834.24/24820.57 (1 aaben position).","XAUUSD,XAGUSD",0,warning
2026-09-20 18:33:04.168743+00:00,"Scan 2026-09-20 (leder Rune Main): ingen konto/omdoeb/byt-leder-anmodninger fundet. control.json paused=false/close_all_requested=false. Afstemning: leder 3 lukkede deals tjekket (0 nye opdateringer, alle allerede reflekteret), foelger Rune Copy#1 8 lukkede deals tjekket (0 nye opdateringer, alle allerede reflekteret). ADVARSEL (fortsat fra tidligere): XAGUSD ticket 58535558683 (leder) / 58535561192 (foelger) staar stadig AABEN med flydende tab -13.55 -- ikke rettet, kraever manuel handling. Scan af 4000 M15-candles XAUUSD+XAGUSD (sidste candle fredag 2026-09-18 22:45 UTC, marked lukket i weekenden): ingen nye signaler. Ingen eksekvering. Konto-status logget for begge konti: leder balance/equity 24903.59/24889.92 (1 aaben position), foelger Rune Copy#1 balance/equity 24834.24/24820.57 (1 aaben position).","XAUUSD,XAGUSD",0,warning
2026-09-20 18:48:00.996590+00:00,"Scan 2026-09-20 (leder Rune Main): ingen konto/omdoeb/byt-leder-anmodninger fundet. control.json paused=false/close_all_requested=false. Afstemning: leder 3 lukkede deals tjekket (0 nye opdateringer, alle allerede reflekteret), foelger Rune Copy#1 8 lukkede deals tjekket (0 nye opdateringer, alle allerede reflekteret). ADVARSEL (fortsat fra tidligere): XAGUSD ticket 58535558683 (leder) / 58535561192 (foelger) staar stadig AABEN med flydende tab -13.55 -- ikke rettet, kraever manuel handling. Scan af 4000 M15-candles XAUUSD+XAGUSD (sidste candle fredag 2026-09-18 22:45 UTC, marked lukket i weekenden): ingen nye signaler. Ingen eksekvering. Konto-status logget for begge konti: leder balance/equity 24903.59/24889.92 (1 aaben position), foelger Rune Copy#1 balance/equity 24834.24/24820.57 (1 aaben position).","XAUUSD,XAGUSD",0,warning
2026-09-20 19:03:50.033401+00:00,"Scan 2026-09-20 (leder Rune Main): ingen konto/omdoeb/byt-leder-anmodninger fundet. control.json paused=false/close_all_requested=false. Afstemning: leder 3 lukkede deals tjekket (0 nye opdateringer, alle allerede reflekteret), foelger Rune Copy#1 8 lukkede deals tjekket (0 nye opdateringer, alle allerede reflekteret). ADVARSEL (fortsat fra tidligere): XAGUSD ticket 58535558683 (leder) / 58535561192 (foelger) staar stadig AABEN med flydende tab -13.55 -- ikke rettet, kraever manuel handling. Scan af 4000 M15-candles XAUUSD+XAGUSD (sidste candle fredag 2026-09-18 22:45 UTC, marked lukket i weekenden): ingen nye signaler. Ingen eksekvering. Konto-status logget for begge konti: leder balance/equity 24903.59/24889.92 (1 aaben position), foelger Rune Copy#1 balance/equity 24834.24/24820.57 (1 aaben position).","XAUUSD,XAGUSD",0,warning
2026-09-20 19:19:12.076417+00:00,"Scan 2026-09-20 (leder Rune Main): ingen konto/omdoeb/byt-leder-anmodninger fundet. control.json paused=false/close_all_requested=false. Afstemning: leder 3 lukkede deals tjekket (0 nye opdateringer, alle allerede reflekteret), foelger Rune Copy#1 8 lukkede deals tjekket (0 nye opdateringer, alle allerede reflekteret). ADVARSEL (fortsat fra tidligere): XAGUSD ticket 58535558683 (leder) / 58535561192 (foelger) staar stadig AABEN med flydende tab -13.55 -- ikke rettet, kraever manuel handling. Scan af 4000 M15-candles XAUUSD+XAGUSD (sidste candle fredag 2026-09-18 22:45 UTC, marked lukket i weekenden): ingen nye signaler. Ingen eksekvering. Konto-status logget for begge konti: leder balance/equity 24903.59/24889.92 (1 aaben position), foelger Rune Copy#1 balance/equity 24834.24/24820.57 (1 aaben position).","XAUUSD,XAGUSD",0,warning
2026-09-20 19:32:36.644348+00:00,"Scan 2026-09-20 (leder Rune Main): ingen konto/omdoeb/byt-leder-anmodninger fundet. control.json paused=false/close_all_requested=false. Afstemning: leder 3 lukkede deals tjekket (0 nye opdateringer, alle allerede reflekteret), foelger Rune Copy#1 8 lukkede deals tjekket (0 nye opdateringer, alle allerede reflekteret). ADVARSEL (fortsat fra tidligere): XAGUSD ticket 58535558683 (leder) / 58535561192 (foelger) staar stadig AABEN med flydende tab -13.55 -- ikke rettet, kraever manuel handling. Scan af 4000 M15-candles XAUUSD+XAGUSD (sidste candle fredag 2026-09-18 22:45 UTC, marked lukket i weekenden): ingen nye signaler. Ingen eksekvering. Konto-status logget for begge konti: leder balance/equity 24903.59/24889.92 (1 aaben position), foelger Rune Copy#1 balance/equity 24834.24/24820.57 (1 aaben position).","XAUUSD,XAGUSD",0,warning
2026-09-20 19:48:51.461684+00:00,"Scan 2026-09-20 (leder Rune Main): ingen konto/omdoeb/byt-leder-anmodninger fundet. control.json paused=false/close_all_requested=false. Afstemning: leder 3 lukkede deals tjekket (0 nye opdateringer, alle allerede reflekteret), foelger Rune Copy#1 8 lukkede deals tjekket (0 nye opdateringer, alle allerede reflekteret). ADVARSEL (fortsat fra tidligere): XAGUSD ticket 58535558683 (leder) / 58535561192 (foelger) staar stadig AABEN med flydende tab -13.55 -- ikke rettet, kraever manuel handling. Scan af 4000 M15-candles XAUUSD+XAGUSD (sidste candle fredag 2026-09-18 22:45 UTC, marked lukket i weekenden): ingen nye signaler. Ingen eksekvering. Konto-status logget for begge konti: leder balance/equity 24903.59/24889.92 (1 aaben position), foelger Rune Copy#1 balance/equity 24834.24/24820.57 (1 aaben position).","XAUUSD,XAGUSD",0,warning
2026-09-20 20:03:19.588928+00:00,"Scan 2026-09-20 (leder Rune Main): ingen konto/omdoeb/byt-leder-anmodninger fundet. control.json paused=false/close_all_requested=false. Afstemning: leder 3 lukkede deals tjekket (0 nye opdateringer, alle allerede reflekteret), foelger Rune Copy#1 8 lukkede deals tjekket (0 nye opdateringer, alle allerede reflekteret). ADVARSEL (fortsat fra tidligere): XAGUSD ticket 58535558683 (leder) / 58535561192 (foelger) staar stadig AABEN med flydende tab -13.55 -- ikke rettet, kraever manuel handling. Scan af 4000 M15-candles XAUUSD+XAGUSD (sidste candle fredag 2026-09-18 22:45 UTC, marked lukket i weekenden): ingen nye signaler. Ingen eksekvering. Konto-status logget for begge konti: leder balance/equity 24903.59/24889.92 (1 aaben position), foelger Rune Copy#1 balance/equity 24834.24/24820.57 (1 aaben position).","XAUUSD,XAGUSD",0,warning
2026-09-20 20:17:48.884907+00:00,"Scan 2026-09-20 (leder Rune Main): ingen konto/omdoeb/byt-leder-anmodninger fundet. control.json paused=false/close_all_requested=false. Afstemning: leder 3 lukkede deals tjekket (0 nye opdateringer, alle allerede reflekteret), foelger Rune Copy#1 8 lukkede deals tjekket (0 nye opdateringer, alle allerede reflekteret). ADVARSEL (fortsat fra tidligere): XAGUSD ticket 58535558683 (leder) / 58535561192 (foelger) staar stadig AABEN med flydende tab -13.55 -- ikke rettet, kraever manuel handling. Scan af 4000 M15-candles XAUUSD+XAGUSD (sidste candle fredag 2026-09-18 22:45 UTC, marked lukket i weekenden): ingen nye signaler. Ingen eksekvering. Konto-status logget for begge konti: leder balance/equity 24903.59/24889.92 (1 aaben position), foelger Rune Copy#1 balance/equity 24834.24/24820.57 (1 aaben position).","XAUUSD,XAGUSD",0,warning
2026-09-20 20:32:34.564440+00:00,"Scan 2026-09-20 (leder Rune Main): ingen konto/omdoeb/byt-leder-anmodninger fundet. control.json paused=false/close_all_requested=false. Afstemning: leder 3 lukkede deals tjekket (0 nye opdateringer, alle allerede reflekteret), foelger Rune Copy#1 8 lukkede deals tjekket (0 nye opdateringer, alle allerede reflekteret). ADVARSEL (fortsat fra tidligere): XAGUSD ticket 58535558683 (leder) / 58535561192 (foelger) staar stadig AABEN med flydende tab -13.55 -- ikke rettet, kraever manuel handling. Scan af 4000 M15-candles XAUUSD+XAGUSD (sidste candle fredag 2026-09-18 22:45 UTC, marked lukket i weekenden): ingen nye signaler. Ingen eksekvering. Konto-status logget for begge konti: leder balance/equity 24903.59/24889.92 (1 aaben position), foelger Rune Copy#1 balance/equity 24834.24/24820.57 (1 aaben position).","XAUUSD,XAGUSD",0,warning
2026-09-20 20:47:50.264797+00:00,"Scan 2026-09-20 (leder Rune Main): ingen konto/omdoeb/byt-leder-anmodninger fundet. control.json paused=false/close_all_requested=false. Afstemning: leder 3 lukkede deals tjekket (0 nye opdateringer, alle allerede reflekteret), foelger Rune Copy#1 8 lukkede deals tjekket (0 nye opdateringer, alle allerede reflekteret). ADVARSEL (fortsat fra tidligere): XAGUSD ticket 58535558683 (leder) / 58535561192 (foelger) staar stadig AABEN med flydende tab -13.55 -- ikke rettet, kraever manuel handling. Scan af 4000 M15-candles XAUUSD+XAGUSD (sidste candle fredag 2026-09-18 22:45 UTC, marked lukket i weekenden): ingen nye signaler. Ingen eksekvering. Konto-status logget for begge konti: leder balance/equity 24903.59/24889.92 (1 aaben position), foelger Rune Copy#1 balance/equity 24834.24/24820.57 (1 aaben position).","XAUUSD,XAGUSD",0,warning
2026-09-20 21:03:21.733454+00:00,"Scan 2026-09-20 (leder Rune Main): ingen konto/omdoeb/byt-leder-anmodninger fundet. control.json paused=false/close_all_requested=false. Afstemning: leder 3 lukkede deals tjekket (0 nye opdateringer, alle allerede reflekteret), foelger Rune Copy#1 8 lukkede deals tjekket (0 nye opdateringer, alle allerede reflekteret). ADVARSEL (fortsat fra tidligere): XAGUSD ticket 58535558683 (leder) / 58535561192 (foelger) staar stadig AABEN med flydende tab -13.55 -- ikke rettet, kraever manuel handling. Scan af 4000 M15-candles XAUUSD+XAGUSD (sidste candle fredag 2026-09-18 22:45 UTC, marked lukket i weekenden): ingen nye signaler. Ingen eksekvering. Konto-status logget for begge konti: leder balance/equity 24903.59/24889.92 (1 aaben position), foelger Rune Copy#1 balance/equity 24834.24/24820.57 (1 aaben position).","XAUUSD,XAGUSD",0,warning
2026-09-20 21:17:55.901061+00:00,"Scan 2026-09-20 (leder Rune Main): ingen konto/omdoeb/byt-leder-anmodninger fundet. control.json paused=false/close_all_requested=false. Afstemning: leder 3 lukkede deals tjekket (0 nye opdateringer, alle allerede reflekteret), foelger Rune Copy#1 8 lukkede deals tjekket (0 nye opdateringer, alle allerede reflekteret). ADVARSEL (fortsat fra tidligere): XAGUSD ticket 58535558683 (leder) / 58535561192 (foelger) staar stadig AABEN med flydende tab -13.55 -- ikke rettet, kraever manuel handling. Scan af 4000 M15-candles XAUUSD+XAGUSD (sidste candle fredag 2026-09-18 22:45 UTC, marked lukket i weekenden): ingen nye signaler. Ingen eksekvering. Konto-status logget for begge konti: leder balance/equity 24903.59/24889.92 (1 aaben position), foelger Rune Copy#1 balance/equity 24834.24/24820.57 (1 aaben position).","XAUUSD,XAGUSD",0,ok
2026-09-20 21:33:08.422554+00:00,"Scan 2026-09-20 (leder Rune Main): ingen konto/omdoeb/byt-leder-anmodninger fundet. control.json paused=false/close_all_requested=false. Afstemning: leder 3 lukkede deals tjekket (0 nye opdateringer, alle allerede reflekteret), foelger Rune Copy#1 8 lukkede deals tjekket (0 nye opdateringer, alle allerede reflekteret). ADVARSEL (fortsat fra tidligere): XAGUSD ticket 58535558683 (leder) / 58535561192 (foelger) staar stadig AABEN med flydende tab -13.55 -- ikke rettet, kraever manuel handling. Scan af 4000 M15-candles XAUUSD+XAGUSD (sidste candle fredag 2026-09-18 22:45 UTC, marked lukket i weekenden): ingen nye signaler. Ingen eksekvering. Konto-status logget for begge konti: leder balance/equity 24903.59/24889.92 (1 aaben position), foelger Rune Copy#1 balance/equity 24834.24/24820.57 (1 aaben position).","XAUUSD,XAGUSD",0,warning
2026-09-20 21:48:08.633215+00:00,"Scan 2026-09-20 (leder Rune Main): ingen konto/omdoeb/byt-leder-anmodninger fundet. control.json paused=false/close_all_requested=false. Afstemning: leder 3 lukkede deals tjekket (0 nye opdateringer, alle allerede reflekteret), foelger Rune Copy#1 8 lukkede deals tjekket (0 nye opdateringer, alle allerede reflekteret). ADVARSEL (fortsat fra tidligere): XAGUSD ticket 58535558683 (leder) / 58535561192 (foelger) staar stadig AABEN med flydende tab -13.55 -- ikke rettet, kraever manuel handling. Scan af 4000 M15-candles XAUUSD+XAGUSD (sidste candle fredag 2026-09-18 22:45 UTC, marked lukket i weekenden): ingen nye signaler. Ingen eksekvering. Konto-status logget for begge konti: leder balance/equity 24903.59/24889.92 (1 aaben position), foelger Rune Copy#1 balance/equity 24834.24/24820.57 (1 aaben position).","XAUUSD,XAGUSD",0,warning
2026-09-20 22:03:25.614574+00:00,"Scan 2026-09-21 (leder Rune Main): ingen konto/omdoeb/byt-leder-anmodninger fundet. control.json paused=false/close_all_requested=false. Afstemning: leder 3 lukkede deals tjekket (0 nye, alle allerede reflekteret), foelger Rune Copy#1 7 lukkede deals tjekket (0 nye, alle allerede reflekteret). RETTET: XAGUSD ticket 58535558683 (leder) / 58535561192 (foelger) var fejlagtigt logget LUKKET/breakeven/0.00 mens positionen reelt stod aaben -- markedet genaabnede og ramte SL 2026-09-21 01:00:12 UTC, profit -19.15 pr. konto. forward_test_log.csv og multi_account_log.csv rettet manuelt til outcome=loss, pnl_usd=-19.15 for begge konti. Scan af 4000 M15-candles XAUUSD+XAGUSD (sidste candle 2026-09-21 01:00 UTC): ingen nye signaler. Ingen eksekvering. Konto-status logget for begge konti: leder balance/equity 24884.32/24884.32 (0 aabne positioner), foelger Rune Copy#1 balance/equity 24814.97/24814.97 (0 aabne positioner).","XAUUSD,XAGUSD",0,warning
2026-09-20 22:18:32.119150+00:00,"Scan 2026-09-21 (leder Rune Main): ingen konto/omdoeb/byt-leder-anmodninger fundet. control.json paused=false/close_all_requested=false. Afstemning: leder 4 lukkede deals tjekket (0 nye opdateringer via reconcile, alle allerede reflekteret), foelger Rune Copy#1 10 lukkede deals tjekket (0 nye opdateringer via reconcile, alle allerede reflekteret). Scan af 4000 M15-candles XAUUSD+XAGUSD (sidste candle 2026-09-21 01:15 UTC): ingen nye signaler. Ingen eksekvering. Konto-status logget for begge konti: leder balance/equity 24884.32/24884.32 (0 aabne positioner), foelger Rune Copy#1 balance/equity 24814.97/24814.97 (0 aabne positioner).","XAUUSD,XAGUSD",0,ok
2026-09-20 22:33:27.827207+00:00,"Scan 2026-09-21 (leder Rune Main): ingen konto/omdoeb/byt-leder-anmodninger fundet. control.json paused=false/close_all_requested=false. Afstemning: leder 3 lukkende deals tjekket (0 nye opdateringer via reconcile, alle allerede reflekteret), foelger Rune Copy#1 8 lukkende deals tjekket (0 nye opdateringer via reconcile, alle allerede reflekteret). Scan af 4000 M15-candles XAUUSD+XAGUSD (sidste candle 2026-09-21 01:30 UTC): ingen nye signaler. Ingen eksekvering. Konto-status logget for begge konti: leder balance/equity 24884.32/24884.32 (0 aabne positioner), foelger Rune Copy#1 balance/equity 24814.97/24814.97 (0 aabne positioner).","XAUUSD,XAGUSD",0,ok
2026-09-20 22:48:18.482076+00:00,"Scan 2026-09-21 (leder Rune Main): ingen konto/omdoeb/byt-leder-anmodninger fundet. control.json paused=false/close_all_requested=false. Afstemning: leder 3 lukkede deals tjekket (0 nye opdateringer, alle allerede reflekteret), foelger Rune Copy#1 8 lukkede deals tjekket (0 nye opdateringer, alle allerede reflekteret). Scan af 4000 M15-candles XAUUSD+XAGUSD (sidste candle 2026-09-21 01:45 UTC): ingen nye signaler. Ingen eksekvering. Konto-status logget for begge konti: leder balance/equity 24884.32/24884.32 (0 aabne positioner), foelger Rune Copy#1 balance/equity 24814.97/24814.97 (0 aabne positioner).","XAUUSD,XAGUSD",0,ok
2026-09-20 23:03:13.971068+00:00,"Scan 2026-09-21 (leder Rune Main): ingen konto/omdoeb/byt-leder-anmodninger fundet. control.json paused=false/close_all_requested=false. Afstemning: leder 3 lukkede deals tjekket (0 nye opdateringer, alle allerede reflekteret), foelger Rune Copy#1 8 lukkede deals tjekket (0 nye opdateringer, alle allerede reflekteret). Scan af 4000 M15-candles XAUUSD+XAGUSD (sidste candle 2026-09-21 02:00 UTC): ingen nye signaler. Ingen eksekvering. Konto-status logget for begge konti: leder balance/equity 24884.32/24884.32 (0 aabne positioner), foelger Rune Copy#1 balance/equity 24814.97/24814.97 (0 aabne positioner).","XAUUSD,XAGUSD",0,ok
2026-09-20 23:17:59.046817+00:00,"Scan 2026-09-21 (leder Rune Main): ingen konto/omdoeb/byt-leder-anmodninger fundet. control.json paused=false/close_all_requested=false. Afstemning: leder 3 lukkede deals tjekket (0 nye opdateringer, alle allerede reflekteret), foelger Rune Copy#1 8 lukkede deals tjekket (0 nye opdateringer, alle allerede reflekteret). Scan af 4000 M15-candles XAUUSD+XAGUSD (sidste candle 2026-09-21 02:15 UTC): ingen nye signaler. Ingen eksekvering. Konto-status logget for begge konti: leder balance/equity 24884.32/24884.32 (0 aabne positioner), foelger Rune Copy#1 balance/equity 24814.97/24814.97 (0 aabne positioner).","XAUUSD,XAGUSD",0,ok
2026-09-20 23:32:32.338032+00:00,"Scan 2026-09-21 (leder Rune Main): ingen konto/omdoeb/byt-leder-anmodninger fundet. control.json paused=false/close_all_requested=false. Afstemning: leder 3 lukkede deals tjekket (0 nye opdateringer, alle allerede reflekteret), foelger Rune Copy#1 8 lukkede deals tjekket (0 nye opdateringer, alle allerede reflekteret). Scan af 4000 M15-candles XAUUSD+XAGUSD (sidste candle 2026-09-21 02:30 UTC): ingen nye signaler. Ingen eksekvering. Konto-status logget for begge konti: leder balance/equity 24884.32/24884.32 (0 aabne positioner), foelger Rune Copy#1 balance/equity 24814.97/24814.97 (0 aabne positioner).","XAUUSD,XAGUSD",0,ok
2026-09-20 23:48:51.144109+00:00,"Scan 2026-09-21 (leder Rune Main): ingen konto/omdoeb/byt-leder-anmodninger fundet. control.json paused=false/close_all_requested=false. Afstemning: leder 3 lukkede deals tjekket (0 nye opdateringer, alle allerede reflekteret), foelger Rune Copy#1 8 lukkede deals tjekket (0 nye opdateringer, alle allerede reflekteret). Scan af 4000 M15-candles XAUUSD+XAGUSD (sidste candle 2026-09-21 02:45 UTC): ingen nye signaler. Ingen eksekvering. Konto-status logget for begge konti: leder balance/equity 24884.32/24884.32 (0 aabne positioner), foelger Rune Copy#1 balance/equity 24814.97/24814.97 (0 aabne positioner).","XAUUSD,XAGUSD",0,ok
2026-09-21 00:03:48.061435+00:00,"Scan 2026-09-21 03:00 UTC (leder Rune Main): ingen konto/omdoeb/byt-leder-anmodninger fundet. control.json paused=false/close_all_requested=false. Afstemning: leder 3 lukkede deals tjekket (0 nye opdateringer, alle allerede reflekteret), foelger Rune Copy#1 8 lukkede deals tjekket (0 nye opdateringer, alle allerede reflekteret). Scan af 4000 M15-candles XAUUSD+XAGUSD (sidste candle 2026-09-21 03:00 UTC): ingen nye signaler. Ingen eksekvering. Konto-status logget for begge konti: leder balance/equity 24884.32/24883.65 (1 aaben position), foelger Rune Copy#1 balance/equity 24814.97/24814.16 (1 aaben position).","XAUUSD,XAGUSD",0,ok
2026-09-21 00:18:09.724511+00:00,"Scan 2026-09-21 (leder Rune Main): ingen konto/omdoeb/byt-leder-anmodninger fundet. control.json paused=false/close_all_requested=false. Afstemning: leder 3 lukkede deals tjekket (0 nye opdateringer, alle allerede reflekteret), foelger Rune Copy#1 8 lukkede deals tjekket (0 nye opdateringer, alle allerede reflekteret). Scan af 4000 M15-candles XAUUSD+XAGUSD (sidste candle 2026-09-21 03:15 UTC): ingen nye signaler. Ingen eksekvering. Konto-status logget for begge konti: leder balance/equity 24884.32/24875.90 (1 aaben position), foelger Rune Copy#1 balance/equity 24814.97/24806.56 (1 aaben position).","XAUUSD,XAGUSD",0,ok
2026-09-21 00:32:38.841920+00:00,"Ingen konto/omdoeb/byt-leder-anmodninger fundet. control.json paused=false/close_all_requested=false. Afstemning: leder 7 lukkede deals tjekket (0 nye opdateringer), foelger Rune Copy#1 18 lukkede deals tjekket (0 nye opdateringer). Scan af 4000 M15-candles XAUUSD+XAGUSD (sidste candle 2026-09-21 03:30 UTC): ingen nye signaler. Ingen eksekvering. Konto-status logget for begge konti: leder balance/equity 24884.32/24881.38 (1 aaben position), foelger Rune Copy#1 balance/equity 24814.97/24812.03 (1 aaben position).","XAUUSD,XAGUSD",0,ok
2026-09-21 00:48:03.581283+00:00,"Scan 2026-09-21 (leder Rune Main): ingen konto/omdoeb/byt-leder-anmodninger fundet. control.json paused=false/close_all_requested=false. Afstemning: leder 4 lukkede deals tjekket (0 nye opdateringer, alle allerede reflekteret), foelger Rune Copy#1 9 lukkede deals tjekket (0 nye opdateringer, alle allerede reflekteret). Scan af 4000 M15-candles XAUUSD+XAGUSD (sidste candle 2026-09-21 03:45 UTC): ingen nye signaler. Ingen eksekvering. Konto-status logget for begge konti: leder balance/equity 24884.32/24885.77 (1 aaben position), foelger Rune Copy#1 balance/equity 24814.97/24816.42 (1 aaben position).","XAUUSD,XAGUSD",0,ok
2026-09-21 01:03:44.865341+00:00,"Scan 2026-09-21 (leder Rune Main): ingen konto/omdoeb/byt-leder-anmodninger fundet. control.json paused=false/close_all_requested=false. Afstemning: leder 3 lukkede deals tjekket (0 nye opdateringer, alle allerede reflekteret), foelger Rune Copy#1 8 lukkede deals tjekket (0 nye opdateringer, alle allerede reflekteret). Scan af 4000 M15-candles XAUUSD+XAGUSD (sidste candle 2026-09-21 04:00 UTC): ingen nye signaler. Ingen eksekvering. Konto-status logget for begge konti: leder balance/equity 24884.32/24888.13 (1 aaben position), foelger Rune Copy#1 balance/equity 24814.97/24818.78 (1 aaben position).","XAUUSD,XAGUSD",0,ok
2026-09-21 01:18:19.120098+00:00,"Scan 2026-09-21 (leder Rune Main): ingen konto/omdoeb/byt-leder-anmodninger fundet. control.json paused=false/close_all_requested=false. Afstemning: leder 3 lukkede deals tjekket (0 nye opdateringer, alle allerede reflekteret), foelger Rune Copy#1 7 lukkede deals tjekket (0 nye opdateringer, alle allerede reflekteret). Scan af 4000 M15-candles XAUUSD+XAGUSD (sidste candle 2026-09-21 04:15 UTC): ingen nye signaler. Ingen eksekvering. Konto-status logget for begge konti: leder balance/equity 24884.32/24897.58 (1 aaben position), foelger Rune Copy#1 balance/equity 24814.97/24828.23 (1 aaben position).","XAUUSD,XAGUSD",0,ok
2026-09-21 01:34:10.927941+00:00,"Scan 2026-09-21 (leder Rune Main): ingen konto/omdoeb/byt-leder-anmodninger fundet. control.json paused=false/close_all_requested=false. Afstemning: leder 3 lukkede deals tjekket (0 nye opdateringer, alle allerede reflekteret), foelger Rune Copy#1 8 lukkede deals tjekket (0 nye opdateringer, alle allerede reflekteret). Scan af 4000 M15-candles XAUUSD+XAGUSD (sidste candle 2026-09-21 04:30 UTC): ingen nye signaler. Ingen eksekvering. Konto-status logget for begge konti: leder balance/equity 24884.32/24891.96 (1 aaben position), foelger Rune Copy#1 balance/equity 24814.97/24822.61 (1 aaben position).","XAUUSD,XAGUSD",0,ok
2026-09-21 01:48:23.691348+00:00,"Scan 2026-09-21 (leder Rune Main): ingen konto/omdoeb/byt-leder-anmodninger fundet. control.json paused=false/close_all_requested=false. Afstemning: leder 3 lukkede deals tjekket (0 nye opdateringer, alle allerede reflekteret), foelger Rune Copy#1 8 lukkede deals tjekket (0 nye opdateringer, alle allerede reflekteret). Scan af 4000 M15-candles XAUUSD+XAGUSD (sidste candle 2026-09-21 04:45 UTC): ingen nye signaler. Ingen eksekvering. Konto-status logget for begge konti: leder balance/equity 24884.32/24897.80 (1 aaben position), foelger Rune Copy#1 balance/equity 24814.97/24828.23 (1 aaben position).","XAUUSD,XAGUSD",0,ok
2026-09-21 02:02:38.546146+00:00,"Scan 2026-09-21 05:00 UTC (leder Rune Main): ingen konto/omdoeb/byt-leder-anmodninger fundet. control.json paused=false/close_all_requested=false. Afstemning: leder 3 lukkede deals tjekket (0 nye opdateringer, alle allerede reflekteret), foelger Rune Copy#1 8 lukkede deals tjekket (0 nye opdateringer, alle allerede reflekteret). Scan af 4000 M15-candles XAUUSD+XAGUSD (sidste candle 2026-09-21 05:00 UTC): ingen nye signaler. Ingen eksekvering. Konto-status logget for begge konti: leder balance/equity 24884.32/24889.26 (1 aaben position), foelger Rune Copy#1 balance/equity 24814.97/24819.91 (1 aaben position).","XAUUSD,XAGUSD",0,ok
2026-09-21 02:18:01.545369+00:00,"Scan 2026-09-21 (leder Rune Main): ingen konto/omdoeb/byt-leder-anmodninger fundet. control.json paused=false/close_all_requested=false. Afstemning: leder 4 lukkede deals tjekket (0 nye opdateringer, alle allerede reflekteret), foelger Rune Copy#1 9 lukkede deals tjekket (0 nye opdateringer, alle allerede reflekteret). Scan af 4000 M15-candles XAUUSD+XAGUSD (sidste candle 2026-09-21 05:15 UTC): ingen nye signaler. Ingen eksekvering. Konto-status logget for begge konti: leder balance/equity 24884.32/24881.64 (1 aaben position), foelger Rune Copy#1 balance/equity 24814.97/24812.34 (1 aaben position).","XAUUSD,XAGUSD",0,ok
2026-09-21 02:33:03.406591+00:00,"Scan 2026-09-21 (leder Rune Main): ingen konto/omdoeb/byt-leder-anmodninger fundet. control.json paused=false/close_all_requested=false. Afstemning: leder 3 lukkede deals tjekket (0 nye opdateringer, alle allerede reflekteret), foelger Rune Copy#1 8 lukkede deals tjekket (0 nye opdateringer, alle allerede reflekteret). Scan af 4000 M15-candles XAUUSD+XAGUSD (sidste candle 2026-09-21 05:30 UTC): ingen nye signaler. Ingen eksekvering. Konto-status logget for begge konti: leder balance/equity 24884.32/24882.96 (1 aaben position), foelger Rune Copy#1 balance/equity 24814.97/24813.64 (1 aaben position).","XAUUSD,XAGUSD",0,ok
2026-09-21 02:48:27.594883+00:00,"Scan 2026-09-21 (leder Rune Main): ingen konto/omdoeb/byt-leder-anmodninger fundet. control.json paused=false/close_all_requested=false. Afstemning: leder 3 lukkede deals tjekket (0 nye opdateringer, alle allerede reflekteret), foelger Rune Copy#1 8 lukkede deals tjekket (0 nye opdateringer, alle allerede reflekteret). Scan af 4000 M15-candles XAUUSD+XAGUSD (sidste candle 2026-09-21 05:45 UTC): ingen nye signaler. Ingen eksekvering. Konto-status logget for begge konti: leder balance/equity 24884.32/24883.72 (1 aaben position), foelger Rune Copy#1 balance/equity 24814.97/24814.37 (1 aaben position).","XAUUSD,XAGUSD",0,ok
2026-09-21 03:02:58.368552+00:00,"Scan 2026-09-21 (leder Rune Main): ingen konto/omdoeb/byt-leder-anmodninger fundet. control.json paused=false/close_all_requested=false. Afstemning: leder 3 lukkede deals tjekket (0 nye opdateringer, alle allerede reflekteret), foelger Rune Copy#1 8 lukkede deals tjekket (0 nye opdateringer, alle allerede reflekteret). Scan af 4000 M15-candles XAUUSD+XAGUSD (sidste candle 2026-09-21 06:00 UTC): 1 nyt signal fundet (XAGUSD CRT_TBS long @ 66.374, SL 66.019, TP 66.861). Eksekvering: pending BUY_STOP placeret paa leder (ticket 58539124511, lot 0.01) og foelger Rune Copy#1 (ticket 58539124919, lot 0.01), SL/TP sendt direkte i ordren. forward_test_log.csv og multi_account_log.csv opdateret for begge konti. Konto-status logget for begge konti: leder balance/equity 24884.32/24874.37 (1 aaben position), foelger Rune Copy#1 balance/equity 24814.97/24808.00 (1 aaben position).","XAUUSD,XAGUSD",1,ok
2026-09-21 03:17:02.985843+00:00,"Scan 2026-09-21 (leder Rune Main): ingen konto/omdoeb/byt-leder-anmodninger fundet. control.json paused=false/close_all_requested=false. Afstemning: leder 4 lukkede deals tjekket (0 nye opdateringer, alle allerede reflekteret, inkl. tidligere staaende XAGUSD 58535558683 som nu er reelt lukket med SL), foelger Rune Copy#1 10 lukkede deals tjekket (0 nye opdateringer, alle allerede reflekteret, inkl. netted position 58447635498/58447634934 og tidligere staaende 58535561192 som nu er reelt lukket med SL). Scan af 4000 M15-candles XAUUSD+XAGUSD: ingen nye signaler. Ingen eksekvering. Konto-status logget for begge konti: leder balance/equity 24884.32/24875.32 (2 aabne positioner), foelger Rune Copy#1 balance/equity 24814.97/24805.97 (2 aabne positioner).","XAUUSD,XAGUSD",0,ok
2026-09-21 03:32:37.861632+00:00,"Scan 2026-09-21 (leder Rune Main): ingen konto/omdoeb/byt-leder-anmodninger fundet. control.json paused=false/close_all_requested=false. Afstemning: leder 10 lukkede deals tjekket (0 nye opdateringer, alle allerede reflekteret), foelger Rune Copy#1 21 lukkede deals tjekket (0 nye opdateringer, alle allerede reflekteret). Scan af 4000 M15-candles XAUUSD+XAGUSD: ingen nye signaler. Ingen eksekvering. Konto-status logget for begge konti: leder balance/equity 24884.32/24871.85 (2 aabne positioner, 1 ventende BUY_LIMIT XAUUSD), foelger Rune Copy#1 balance/equity 24814.97/24802.45 (2 aabne positioner, 1 ventende BUY_LIMIT XAUUSD).","XAUUSD,XAGUSD",0,ok
2026-09-21 03:47:29.980023+00:00,"Scan 2026-09-21 (leder Rune Main): ingen konto/omdoeb/byt-leder-anmodninger fundet. control.json paused=false/close_all_requested=false. Afstemning: leder 4 lukkede deals tjekket (0 nye opdateringer, alle allerede reflekteret), foelger Rune Copy#1 10 lukkede deals tjekket (0 nye opdateringer, alle allerede reflekteret). Scan af 4000 M15-candles XAUUSD+XAGUSD: ingen nye signaler. Ingen eksekvering. Konto-status logget for begge konti: leder balance/equity 24884.32/24883.70 (2 aabne positioner), foelger Rune Copy#1 balance/equity 24814.97/24814.48 (2 aabne positioner).","XAUUSD,XAGUSD",0,ok
2026-09-21 04:02:34.290288+00:00,"Scan 2026-09-21 (leder Rune Main): ingen konto/omdoeb/byt-leder-anmodninger fundet. control.json paused=false/close_all_requested=false. Afstemning: leder 4 lukkede deals tjekket (0 nye opdateringer, alle allerede reflekteret), foelger Rune Copy#1 10 lukkede deals tjekket (0 nye opdateringer, alle allerede reflekteret, inkl. netted position 58447635498/58447634934 og tidligere staaende 58535561192 som nu er reelt lukket med SL). Scan af 4000 M15-candles XAUUSD+XAGUSD: ingen nye signaler. Ingen eksekvering. Konto-status logget for begge konti: leder balance/equity 24884.32/24869.78 (2 aabne positioner, 1 ventende BUY_LIMIT XAUUSD), foelger Rune Copy#1 balance/equity 24814.97/24800.43 (2 aabne positioner, 1 ventende BUY_LIMIT XAUUSD).","XAUUSD,XAGUSD",0,ok
2026-09-21 04:17:13.445729+00:00,"Scan 2026-09-21 (leder Rune Main): ingen konto/omdoeb/byt-leder-anmodninger fundet. control.json paused=false/close_all_requested=false. Afstemning: leder 3 lukkede deals tjekket (0 nye opdateringer, alle allerede reflekteret), foelger Rune Copy#1 8 lukkede deals tjekket (0 nye opdateringer, alle allerede reflekteret). Scan af 4000 M15-candles XAUUSD+XAGUSD: ingen nye signaler. Ingen eksekvering. Konto-status logget for begge konti: leder balance/equity 24884.32/24875.82 (2 aabne positioner), foelger Rune Copy#1 balance/equity 24814.97/24806.47 (2 aabne positioner).","XAUUSD,XAGUSD",0,ok
2026-09-21 04:33:44.868589+00:00,"Scan 2026-09-21 (leder Rune Main): ingen konto/omdoeb/byt-leder-anmodninger fundet. control.json paused=false/close_all_requested=false. Afstemning: leder 3 lukkede deals tjekket (0 nye opdateringer, alle allerede reflekteret), foelger Rune Copy#1 9 lukkede deals tjekket (0 nye opdateringer, alle allerede reflekteret). Scan af 4000 M15-candles XAUUSD+XAGUSD: ingen nye signaler. Ingen eksekvering. Konto-status logget for begge konti: leder balance/equity 24884.32/24874.15 (2 aabne positioner), foelger Rune Copy#1 balance/equity 24814.97/24804.80 (2 aabne positioner).","XAUUSD,XAGUSD",0,ok
2026-09-21 04:48:08.199513+00:00,"Scan 2026-09-21 (leder Rune Main): ingen konto/omdoeb/byt-leder-anmodninger fundet. control.json paused=false/close_all_requested=false. Afstemning: leder 4 lukkede deals tjekket (0 nye opdateringer, alle allerede reflekteret), foelger Rune Copy#1 10 lukkede deals tjekket (0 nye opdateringer, alle allerede reflekteret, inkl. netted position 58447635498/58447634934). Scan af 4000 M15-candles XAUUSD+XAGUSD: ingen nye signaler. Ingen eksekvering. Konto-status logget for begge konti: leder balance/equity 24884.32/24877.15 (2 aabne positioner, 1 ventende BUY_LIMIT XAUUSD), foelger Rune Copy#1 balance/equity 24814.97/24807.80 (2 aabne positioner, 1 ventende BUY_LIMIT XAUUSD).","XAUUSD,XAGUSD",0,ok
2026-09-21 05:04:22.621269+00:00,"Scan 2026-09-21 (leder Rune Main): ingen konto/omdoeb/byt-leder-anmodninger fundet. control.json paused=false/close_all_requested=false. Afstemning: leder 3 lukkede deals tjekket (0 nye opdateringer, alle allerede reflekteret), foelger Rune Copy#1 8 lukkede deals tjekket (0 nye opdateringer, alle allerede reflekteret). Scan af 4000 M15-candles XAUUSD+XAGUSD: ingen nye signaler. Ingen eksekvering. Konto-status logget for begge konti: leder balance/equity 24884.32/24866.06 (2 aabne positioner), foelger Rune Copy#1 balance/equity 24814.97/24796.71 (2 aabne positioner).","XAUUSD,XAGUSD",0,ok
2026-09-21 05:18:01.653011+00:00,"Scan 2026-09-21 (leder Rune Main): ingen konto/omdoeb/byt-leder-anmodninger fundet. control.json paused=false/close_all_requested=false. Afstemning: leder 3 lukkede deals tjekket (0 nye opdateringer, alle allerede reflekteret), foelger Rune Copy#1 8 lukkede deals tjekket (0 nye opdateringer, alle allerede reflekteret). Scan af 4000 M15-candles XAUUSD+XAGUSD: ingen nye signaler. Ingen eksekvering. Konto-status logget for begge konti: leder balance/equity 24884.32/24858.40 (2 aabne positioner), foelger Rune Copy#1 balance/equity 24814.97/24788.77 (2 aabne positioner).","XAUUSD,XAGUSD",0,ok
2026-09-21 05:32:46.225009+00:00,"Scan 2026-09-21 (leder Rune Main): ingen konto/omdoeb/byt-leder-anmodninger fundet. control.json paused=false/close_all_requested=false. Afstemning: leder 7 lukkede deals tjekket (0 nye opdateringer, alle allerede reflekteret), foelger Rune Copy#1 18 lukkede deals tjekket (0 nye opdateringer, alle allerede reflekteret). Scan af 4000 M15-candles XAUUSD+XAGUSD: ingen nye signaler. Ingen eksekvering. Konto-status logget for begge konti: leder balance/equity 24884.32/24878.79 (2 aabne positioner), foelger Rune Copy#1 balance/equity 24814.97/24809.44 (2 aabne positioner).","XAUUSD,XAGUSD",0,ok
2026-09-21 05:48:31.429771+00:00,"Scan 2026-09-21 (leder Rune Main): ingen konto/omdoeb/byt-leder-anmodninger fundet. control.json paused=false/close_all_requested=false. Afstemning: leder 3 lukkede deals tjekket (0 nye opdateringer, alle allerede reflekteret), foelger Rune Copy#1 8 lukkede deals tjekket (0 nye opdateringer, alle allerede reflekteret). Scan af 4000 M15-candles XAUUSD+XAGUSD: ingen nye signaler. Ingen eksekvering. Konto-status logget for begge konti: leder balance/equity 24866.57/24847.82 (1 aaben position), foelger Rune Copy#1 balance/equity 24797.22/24778.47 (1 aaben position).","XAUUSD,XAGUSD",0,ok
2026-09-21 06:05:32.513742+00:00,"Scan 2026-09-21 (leder Rune Main): ingen konto/omdoeb/byt-leder-anmodninger fundet. control.json paused=false/close_all_requested=false. Afstemning: leder 5 lukkede deals tjekket (2 nye opdateringer: ticket 58535558683 XAGUSD -19.15, ticket 58539124511 XAGUSD CRT_TBS -17.75), foelger Rune Copy#1 10 lukkede deals tjekket (1 ny opdatering: ticket 58539124919 XAGUSD CRT_TBS -17.75). Scan af 4000 M15-candles XAUUSD+XAGUSD: ingen nye signaler. Ingen eksekvering. Konto-status logget for begge konti: leder balance/equity 24866.57/24845.16 (1 aaben position, 0.02 lot netted XAUUSD BUY), foelger Rune Copy#1 balance/equity 24797.22/24775.81 (1 aaben position, 0.02 lot netted XAUUSD BUY).","XAUUSD,XAGUSD",0,ok
2026-09-21 06:19:19.440069+00:00,"Scan 2026-09-21 (leder Rune Main): ingen konto/omdoeb/byt-leder-anmodninger fundet. control.json paused=false/close_all_requested=false. Afstemning: leder 5 lukkede deals tjekket (0 nye opdateringer, alle allerede reflekteret), foelger Rune Copy#1 10 lukkede deals tjekket (0 nye opdateringer, alle allerede reflekteret). Scan af 4000 M15-candles XAUUSD+XAGUSD: ingen nye signaler. Ingen eksekvering. Konto-status logget for begge konti: leder balance/equity 24866.57/24844.32 (1 aaben position), foelger Rune Copy#1 balance/equity 24797.22/24774.97 (1 aaben position).","XAUUSD,XAGUSD",0,ok
2026-09-21 06:33:54.536456+00:00,"Ingen konto/omdoeb/byt-leder-anmodninger fundet. control.json paused=false/close_all_requested=false. Afstemning: leder 3 lukkede deals tjekket (0 nye opdateringer, alle allerede reflekteret), foelger Rune Copy#1 8 lukkede deals tjekket (0 nye opdateringer, alle allerede reflekteret). Scan af 4000 M15-candles XAUUSD+XAGUSD: ingen nye signaler. Ingen eksekvering. Konto-status logget for begge konti: leder balance/equity 24866.57/24840.90 (1 aaben position), foelger Rune Copy#1 balance/equity 24797.22/24771.55 (1 aaben position).","XAUUSD,XAGUSD",0,ok
2026-09-21 06:47:42.819285+00:00,"Scan 2026-09-21 (leder Rune Main): ingen konto/omdoeb/byt-leder-anmodninger fundet. control.json paused=false/close_all_requested=false. Afstemning: leder 3 lukkede deals tjekket (0 nye opdateringer, alle allerede reflekteret), foelger Rune Copy#1 8 lukkede deals tjekket (0 nye opdateringer, alle allerede reflekteret). Scan af 4000 M15-candles XAUUSD+XAGUSD: ingen nye signaler. Ingen eksekvering. Konto-status logget for begge konti: leder balance/equity 24866.57/24848.44 (1 aaben position), foelger Rune Copy#1 balance/equity 24797.22/24779.21 (1 aaben position).","XAUUSD,XAGUSD",0,ok
2026-09-21 07:03:10.077072+00:00,"Scan 2026-09-21 (leder Rune Main): ingen konto/omdoeb/byt-leder-anmodninger fundet. control.json paused=false/close_all_requested=false. Afstemning: leder 7 lukkede deals tjekket (0 nye opdateringer, alle allerede reflekteret), foelger Rune Copy#1 18 lukkede deals tjekket (0 nye opdateringer, alle allerede reflekteret). Scan af 4000 M15-candles XAUUSD+XAGUSD: ingen nye signaler. Ingen eksekvering. Konto-status logget for begge konti: leder balance/equity 24866.57/24845.34 (1 aaben position), foelger Rune Copy#1 balance/equity 24797.22/24775.99 (1 aaben position).","XAUUSD,XAGUSD",0,ok
2026-09-21 07:17:49.060793+00:00,"Scan 2026-09-21 (leder Rune Main): ingen konto/omdoeb/byt-leder-anmodninger fundet. control.json paused=false/close_all_requested=false. Afstemning: leder 6 lukkede deals tjekket (0 nye opdateringer, alle allerede reflekteret), foelger Rune Copy#1 10 lukkede deals tjekket (0 nye opdateringer, alle allerede reflekteret). Scan af 4000 M15-candles XAUUSD+XAGUSD: ingen nye signaler. Ingen eksekvering. Konto-status logget for begge konti: leder balance/equity 24866.57/24853.88 (1 aaben position), foelger Rune Copy#1 balance/equity 24797.22/24784.53 (1 aaben position).","XAUUSD,XAGUSD",0,ok
2026-09-21 07:32:48.220468+00:00,"Scan 2026-09-21 (leder Rune Main): ingen konto/omdoeb/byt-leder-anmodninger fundet. control.json paused=false/close_all_requested=false. Afstemning: leder 3 lukkede deals tjekket (0 nye opdateringer, alle allerede reflekteret), foelger Rune Copy#1 8 lukkede deals tjekket (0 nye opdateringer, alle allerede reflekteret). Scan af 4000 M15-candles XAUUSD+XAGUSD: ingen nye signaler. Ingen eksekvering. Konto-status logget for begge konti: leder balance/equity 24866.57/24844.60 (1 aaben position), foelger Rune Copy#1 balance/equity 24797.22/24775.19 (1 aaben position).","XAUUSD,XAGUSD",0,ok
2026-09-21 07:48:24.845621+00:00,"Scan 2026-09-21 (leder Rune Main): ingen konto/omdoeb/byt-leder-anmodninger fundet. control.json paused=false/close_all_requested=false. Afstemning: leder 7 lukkede deals tjekket (0 nye opdateringer, alle allerede reflekteret), foelger Rune Copy#1 18 lukkede deals tjekket (0 nye opdateringer, alle allerede reflekteret). Scan af 4000 M15-candles XAUUSD+XAGUSD: ingen nye signaler. Ingen eksekvering. Konto-status logget for begge konti: leder balance/equity 24866.57/24837.48 (1 aaben position), foelger Rune Copy#1 balance/equity 24797.22/24768.13 (1 aaben position).","XAUUSD,XAGUSD",0,ok
2026-09-21 08:03:38.049628+00:00,"Scan 2026-09-21 (leder Rune Main): ingen konto/omdoeb/byt-leder-anmodninger fundet. control.json paused=false/close_all_requested=false. Afstemning: leder 3 lukkede deals tjekket (0 nye opdateringer, alle allerede reflekteret), foelger Rune Copy#1 8 lukkede deals tjekket (0 nye opdateringer, alle allerede reflekteret). Scan af 4000 M15-candles XAUUSD+XAGUSD: ingen nye signaler. Ingen eksekvering. Konto-status logget for begge konti: leder balance/equity 24866.57/24837.34 (1 aaben position), foelger Rune Copy#1 balance/equity 24797.22/24767.99 (1 aaben position).","XAUUSD,XAGUSD",0,ok
2026-09-21 08:18:10.080094+00:00,"Scan 2026-09-21 (leder Rune Main): ingen konto/omdoeb/byt-leder-anmodninger fundet. control.json paused=false/close_all_requested=false. Afstemning: leder 5 lukkede positioner tjekket (0 nye opdateringer, alle allerede reflekteret), foelger Rune Copy#1 11 lukkede positioner tjekket (0 nye opdateringer, alle allerede reflekteret). Scan af 4000 M15-candles XAUUSD+XAGUSD: ingen nye signaler. Ingen eksekvering. Konto-status logget for begge konti: leder balance/equity 24866.57/24850.56 (1 aaben position), foelger Rune Copy#1 balance/equity 24797.22/24781.21 (1 aaben position).","XAUUSD,XAGUSD",0,ok
2026-09-21 08:32:24.132927+00:00,"Scan 2026-09-21 (leder Rune Main): ingen konto/omdoeb/byt-leder-anmodninger fundet. control.json paused=false/close_all_requested=false. Afstemning: leder 5 lukkede deals (2 positioner) tjekket (0 nye opdateringer), foelger Rune Copy#1 11 lukkede deals (9 positioner) tjekket (0 nye opdateringer), alle allerede reflekteret. Scan af 4000 M15-candles XAUUSD+XAGUSD: ingen nye signaler. Ingen eksekvering. Konto-status logget for begge konti: leder balance/equity 24866.57/24854.14 (1 aaben position), foelger Rune Copy#1 balance/equity 24797.22/24784.83 (1 aaben position).","XAUUSD,XAGUSD",0,ok
2026-09-21 08:50:27.689485+00:00,"Scan 2026-09-21 (leder Rune Main): ingen konto/omdoeb/byt-leder-anmodninger fundet. control.json paused=false/close_all_requested=false. Afstemning: leder 3 lukkede deals tjekket (0 nye opdateringer, alle allerede reflekteret), foelger Rune Copy#1 8 lukkede deals tjekket (0 nye opdateringer, alle allerede reflekteret). Scan af 4000 M15-candles XAUUSD+XAGUSD: 2 nye signaler (Powell_KeyOpen long XAUUSD @4367.24, Powell_KeyOpen long XAGUSD @66.459). Eksekvering: begge placeret som pending BUY_STOP med SL/TP paa eksekveringstidspunktet for BAADE leder (tickets 58544756149/58544756323) og foelger Rune Copy#1 (tickets 58544756577/58544756721), lot 0.01 paa begge konti. forward_test_log.csv og multi_account_log.csv opdateret for alle 4 raekker. Konto-status logget for begge konti: leder balance/equity 24866.57/24855.68 (1 aaben position), foelger Rune Copy#1 balance/equity 24797.22/24785.69 (1 aaben position).","XAUUSD,XAGUSD",2,ok
2026-09-21 09:02:38.452284+00:00,"Scan 2026-09-21 (leder Rune Main): ingen konto/omdoeb/byt-leder-anmodninger fundet. control.json paused=false/close_all_requested=false. Afstemning: leder 5 lukkede positioner tjekket (0 nye opdateringer, alle allerede reflekteret), foelger Rune Copy#1 11 lukkede positioner tjekket (0 nye opdateringer, alle allerede reflekteret). Scan af 4000 M15-candles XAUUSD+XAGUSD: ingen nye signaler. Ingen eksekvering. Konto-status logget for begge konti: leder balance/equity 24866.57/24848.40 (1 aaben position), foelger Rune Copy#1 balance/equity 24797.22/24778.99 (1 aaben position).","XAUUSD,XAGUSD",0,ok
2026-09-21 09:17:22.857077+00:00,"Scan 2026-09-21 (leder Rune Main): ingen konto/omdoeb/byt-leder-anmodninger fundet. control.json paused=false/close_all_requested=false. Afstemning: leder 7 lukkede deals tjekket (0 nye opdateringer, alle allerede reflekteret), foelger Rune Copy#1 18 lukkede deals tjekket (0 nye opdateringer, alle allerede reflekteret). Scan af 4000 M15-candles XAUUSD+XAGUSD: ingen nye signaler. Ingen eksekvering. Fixede en pandas dtype-bug i live_scan.candles_to_df (OHLC-kolonner kom som strenge fra CSV, kastede LossySetitemError i strat1) saa fremtidige scans ikke fejler paa samme maade. Konto-status logget for begge konti: leder balance/equity 24866.57/24851.12 (1 aaben position), foelger Rune Copy#1 balance/equity 24797.22/24781.77 (1 aaben position).","XAUUSD,XAGUSD",0,ok
2026-09-21 09:34:51.098157+00:00,"Scan 2026-09-21 (leder Rune Main): ingen konto/omdoeb/byt-leder-anmodninger fundet. control.json paused=false/close_all_requested=false. Afstemning: leder 5 lukkede positioner tjekket (0 nye opdateringer, alle allerede reflekteret), foelger Rune Copy#1 11 lukkede positioner tjekket (0 nye opdateringer, alle allerede reflekteret). Scan af 4000 M15-candles XAUUSD+XAGUSD (alle 4 strategier): ingen nye signaler. Ingen eksekvering. Konto-status logget for begge konti: leder balance/equity 24866.57/24827.80 (1 aaben position), foelger Rune Copy#1 balance/equity 24797.22/24758.39 (1 aaben position).","XAUUSD,XAGUSD",0,ok
2026-09-21 09:48:45.174529+00:00,"Scan 2026-09-21 (leder Rune Main): ingen konto/omdoeb/byt-leder-anmodninger fundet. control.json paused=false/close_all_requested=false. Afstemning: leder 3 lukkede deals tjekket (0 nye opdateringer, alle allerede reflekteret), foelger Rune Copy#1 7 lukkede deals tjekket (0 nye opdateringer, alle allerede reflekteret). Scan af 4000 M15-candles XAUUSD+XAGUSD: ingen nye signaler. Ingen eksekvering. Konto-status logget for begge konti: leder balance/equity 24866.57/24836.28 (1 aaben position), foelger Rune Copy#1 balance/equity 24797.22/24766.93 (1 aaben position).","XAUUSD,XAGUSD",0,ok
2026-09-21 10:04:16.300957+00:00,"Scan 2026-09-21 (leder Rune Main): ingen konto/omdoeb/byt-leder-anmodninger fundet. control.json paused=false/close_all_requested=false. Afstemning: leder 3 lukkede deals tjekket (0 nye opdateringer, alle allerede reflekteret), foelger Rune Copy#1 8 lukkede deals tjekket (0 nye opdateringer, alle allerede reflekteret). Scan af 4000 M15-candles XAUUSD+XAGUSD: ingen nye signaler. Ingen eksekvering. Konto-status logget for begge konti: leder balance/equity 24866.57/24841.86 (1 aaben position), foelger Rune Copy#1 balance/equity 24797.22/24772.51 (1 aaben position).","XAUUSD,XAGUSD",0,ok
2026-09-21 10:18:56.956402+00:00,"Scan 2026-09-21 (leder Rune Main): ingen konto/omdoeb/byt-leder-anmodninger fundet. control.json paused=false/close_all_requested=false. Afstemning: leder 3 lukkede deals tjekket (0 nye opdateringer, alle allerede reflekteret), foelger Rune Copy#1 8 lukkede deals tjekket (0 nye opdateringer, alle allerede reflekteret). Scan af 4000 M15-candles XAUUSD+XAGUSD: ingen nye signaler. Ingen eksekvering. Konto-status logget for begge konti: leder balance/equity 24866.57/24853.38 (1 aaben position), foelger Rune Copy#1 balance/equity 24797.22/24784.03 (1 aaben position).","XAUUSD,XAGUSD",0,ok
2026-09-21 10:35:26.039094+00:00,"Scan 2026-09-21 (leder Rune Main): ingen konto/omdoeb/byt-leder-anmodninger fundet. control.json paused=false/close_all_requested=false. Afstemning: leder 12 lukkede deals tjekket (0 nye opdateringer, alle allerede reflekteret, inkl. tidligere stale-breakeven ticket 58535558683 som nu korrekt viser LUKKET/loss -19.15), foelger Rune Copy#1 24 lukkede deals tjekket (0 nye opdateringer, alle allerede reflekteret). Scan af 4000 M15-candles XAUUSD+XAGUSD: ingen nye signaler. Ingen eksekvering. Konto-status logget for begge konti: leder balance/equity 24866.57/24844.64 (1 aaben position), foelger Rune Copy#1 balance/equity 24797.22/24775.29 (1 aaben position).","XAUUSD,XAGUSD",0,ok
2026-09-21 10:47:42.936224+00:00,"Scan 2026-09-21 (leder Rune Main): ingen konto/omdoeb/byt-leder-anmodninger fundet. control.json paused=false/close_all_requested=false. Afstemning: leder 5 lukkede deals tjekket (0 nye opdateringer, alle allerede reflekteret), foelger Rune Copy#1 11 lukkede deals tjekket (0 nye opdateringer, alle allerede reflekteret). Scan af 4000 M15-candles XAUUSD+XAGUSD: ingen nye signaler. Ingen eksekvering. Konto-status logget for begge konti: leder balance/equity 24866.57/24843.52 (1 aaben position), foelger Rune Copy#1 balance/equity 24797.22/24774.17 (1 aaben position).","XAUUSD,XAGUSD",0,ok
2026-09-21 11:03:10.008858+00:00,"Scan 2026-09-21 (leder Rune Main): ingen konto/omdoeb/byt-leder-anmodninger fundet. control.json paused=false/close_all_requested=false. Afstemning: leder 5 lukkede deals tjekket (0 nye opdateringer, alle allerede reflekteret), foelger Rune Copy#1 10 lukkede deals tjekket (0 nye opdateringer, alle allerede reflekteret). Scan af 4000 M15-candles XAUUSD+XAGUSD: ingen nye signaler. Ingen eksekvering. Konto-status logget for begge konti: leder balance/equity 24866.57/24830.42 (1 aaben position), foelger Rune Copy#1 balance/equity 24797.22/24761.07 (1 aaben position).","XAUUSD,XAGUSD",0,ok
2026-09-21 11:19:27.497023+00:00,"Scan 2026-09-21 (leder Rune Main): ingen konto/omdoeb/byt-leder-anmodninger fundet. control.json paused=false/close_all_requested=false. Afstemning: leder 7 lukkede deals tjekket (0 nye opdateringer, alle allerede reflekteret), foelger Rune Copy#1 18 lukkede deals tjekket (0 nye opdateringer, alle allerede reflekteret). Scan af 4000 M15-candles XAUUSD+XAGUSD: ingen nye signaler. Ingen eksekvering. Konto-status logget for begge konti: leder balance/equity 24866.57/24850.36 (1 aaben position), foelger Rune Copy#1 balance/equity 24797.22/24780.81 (1 aaben position).","XAUUSD,XAGUSD",0,ok
2026-09-21 11:32:00.857097+00:00,"Scan 2026-09-21 (leder Rune Main): ingen konto/omdoeb/byt-leder-anmodninger fundet. control.json paused=false/close_all_requested=false. Afstemning: leder 5 lukkede deals tjekket (0 nye opdateringer, alle allerede reflekteret), foelger Rune Copy#1 11 lukkede deals tjekket (0 nye opdateringer, alle allerede reflekteret). Scan af 4000 M15-candles XAUUSD+XAGUSD: ingen nye signaler. Ingen eksekvering. Konto-status logget for begge konti: leder balance/equity 24866.57/24854.38 (1 aaben position), foelger Rune Copy#1 balance/equity 24797.22/24785.31 (1 aaben position).","XAUUSD,XAGUSD",0,ok
2026-09-21 11:48:08.673314+00:00,"Scan 2026-09-21 (leder Rune Main): ingen konto/omdoeb/byt-leder-anmodninger fundet. control.json paused=false/close_all_requested=false. Afstemning: leder 3 lukkede deals tjekket (0 nye opdateringer, alle allerede reflekteret), foelger Rune Copy#1 8 lukkede deals tjekket (0 nye opdateringer, alle allerede reflekteret). Scan af 4000 M15-candles XAUUSD+XAGUSD: ingen nye signaler. Ingen eksekvering. Konto-status logget for begge konti: leder balance/equity 24866.57/24877.70 (2 aabne positioner), foelger Rune Copy#1 balance/equity 24797.22/24808.35 (2 aabne positioner).","XAUUSD,XAGUSD",0,ok
2026-09-21 12:02:41.837328+00:00,"Scan 2026-09-21 (leder Rune Main): ingen konto/omdoeb/byt-leder-anmodninger fundet. control.json paused=false/close_all_requested=false. Afstemning: leder 3 lukkede deals tjekket (0 nye opdateringer, alle allerede reflekteret), foelger Rune Copy#1 8 lukkede deals tjekket (0 nye opdateringer, alle allerede reflekteret). Scan af 4000 M15-candles XAUUSD+XAGUSD: ingen nye signaler. Ingen eksekvering. Konto-status logget for begge konti: leder balance/equity 24866.57/24879.28 (2 aabne positioner), foelger Rune Copy#1 balance/equity 24797.22/24809.93 (2 aabne positioner).","XAUUSD,XAGUSD",0,ok
2026-09-21 12:19:05.211913+00:00,"Scan 2026-09-21 (leder Rune Main): ingen konto/omdoeb/byt-leder-anmodninger fundet. control.json paused=false/close_all_requested=false. Afstemning: leder 5 lukkede deals tjekket (0 nye opdateringer, alle allerede reflekteret), foelger Rune Copy#1 10 lukkede deals tjekket (0 nye opdateringer, alle allerede reflekteret). Scan af 4000 M15-candles XAUUSD+XAGUSD: ingen nye signaler. Ingen eksekvering. Konto-status logget for begge konti: leder balance/equity 24866.57/24890.16 (2 aabne positioner), foelger Rune Copy#1 balance/equity 24797.22/24820.75 (2 aabne positioner).","XAUUSD,XAGUSD",0,ok
2026-09-21 12:32:29.716781+00:00,"Scan 2026-09-21 (leder Rune Main): ingen konto/omdoeb/byt-leder-anmodninger fundet. control.json paused=false/close_all_requested=false. Afstemning: leder 3 lukkede deals tjekket (0 nye opdateringer, alle allerede reflekteret), foelger Rune Copy#1 8 lukkede deals tjekket (0 nye opdateringer, alle allerede reflekteret). Scan af 4000 M15-candles XAUUSD+XAGUSD: ingen nye signaler. Ingen eksekvering. Konto-status logget for begge konti: leder balance/equity 24866.57/24861.53 (2 aabne positioner), foelger Rune Copy#1 balance/equity 24797.22/24792.37 (2 aabne positioner).","XAUUSD,XAGUSD",0,ok
2026-09-21 12:48:24.365576+00:00,"Scan 2026-09-21 (leder Rune Main): ingen konto/omdoeb/byt-leder-anmodninger fundet. control.json paused=false/close_all_requested=false. Afstemning: leder 3 lukkede deals tjekket (0 nye opdateringer, alle allerede reflekteret), foelger Rune Copy#1 8 lukkede deals tjekket (0 nye opdateringer, alle allerede reflekteret). Scan af 4000 M15-candles XAUUSD+XAGUSD: ingen nye signaler. Ingen eksekvering. Konto-status logget for begge konti: leder balance/equity 24866.57/24854.49 (2 aabne positioner), foelger Rune Copy#1 balance/equity 24797.22/24785.59 (2 aabne positioner).","XAUUSD,XAGUSD",0,ok
2026-09-21 13:03:57.990856+00:00,"Scan 2026-09-21 (leder Rune Main): ingen konto/omdoeb/byt-leder-anmodninger fundet. control.json paused=false/close_all_requested=false. Afstemning: leder 3 lukkede deals tjekket (0 nye opdateringer, alle allerede reflekteret), foelger Rune Copy#1 4 lukkede deals tjekket (0 nye opdateringer, alle allerede reflekteret). Scan af 4000 M15-candles XAUUSD+XAGUSD: ingen nye signaler. Ingen eksekvering. Konto-status logget for begge konti: leder balance/equity 24866.57/24859.53 (2 aabne positioner), foelger Rune Copy#1 balance/equity 24797.22/24790.18 (2 aabne positioner).","XAUUSD,XAGUSD",0,ok
